post_id,platform,source_id,source_name,source_type,url,published_at,language,city_hint,text,title,domain,origin,query,status,exclude_reason
external_excluded_7542b34755c517c2,GDELT,gdelt_doc,kashmirreader.com,news_index,https://kashmirreader.com/2025/09/09/nepal-bans-social-media-protesters-breach-parliament-premises-9-killed-army-deployed/,2025-09-08 23:30:00,English,Nepal,"Nepal Bans Social Media : Protesters breach parliament premises , 9 killed ; Army deployed","Nepal Bans Social Media : Protesters breach parliament premises , 9 killed ; Army deployed",kashmirreader.com,local_file:GDELT_DOC_query_Maitighar_Baneshwor_Singha_Durbar,,excluded,published_at_or_seen_at_is_at_or_after_2025-09-08T00:00:00
external_excluded_13981c47cf390147,GDELT,gdelt_doc,timesofmalta.com,news_index,https://timesofmalta.com/article/nepal-police-open-fire-killing-17-protesting-social-media-ban.1115890,2025-09-08 22:00:00,English,Nepal,"Nepal police open fire , killing 17 protesting corruption and social media ban","Nepal police open fire , killing 17 protesting corruption and social media ban",timesofmalta.com,local_file:GDELT_DOC_query_Maitighar_Baneshwor_Singha_Durbar,,excluded,published_at_or_seen_at_is_at_or_after_2025-09-08T00:00:00
external_excluded_58cfcd509ec5363f,GDELT,gdelt_doc,indiablooms.com,news_index,https://www.indiablooms.com/world/19-dead-as-nepal-erupts-in-violence-over-gen-z-protests-against-corruption-social-media-ban/details,2025-09-08 21:30:00,English,Nepal,"19 dead as Nepal erupts in violence over Gen - Z protest against corruption , social media ban | Indiablooms","19 dead as Nepal erupts in violence over Gen - Z protest against corruption , social media ban | Indiablooms",indiablooms.com,local_file:GDELT_DOC_query_Maitighar_Baneshwor_Singha_Durbar,,excluded,published_at_or_seen_at_is_at_or_after_2025-09-08T00:00:00
external_excluded_a1757eba5d1a8ced,GDELT,gdelt_doc,aninews.in,news_index,https://aninews.in/news/world/asia/nepal-committee-formed-to-investigate-mondays-violence-that-claimed-19-lives20250909001724/,2025-09-08 21:15:00,English,Nepal,Nepal : Committee formed to investigate Monday violence that claimed 19 lives,Nepal : Committee formed to investigate Monday violence that claimed 19 lives,aninews.in,local_file:GDELT_DOC_query_Maitighar_Baneshwor_Singha_Durbar,,excluded,published_at_or_seen_at_is_at_or_after_2025-09-08T00:00:00
external_excluded_a5165627995afe49,GDELT,gdelt_doc,nzherald.co.nz,news_index,https://www.nzherald.co.nz/world/nepal-protests-17-killed-as-police-clash-with-crowds-over-social-media-ban/3WWL5E6JZ5BHHEWYDTOJF73FNE/,2025-09-08 21:00:00,English,Nepal,Nepal protests : 17 killed as police clash with crowds over social media ban,Nepal protests : 17 killed as police clash with crowds over social media ban,nzherald.co.nz,local_file:GDELT_DOC_query_Maitighar_Baneshwor_Singha_Durbar,,excluded,published_at_or_seen_at_is_at_or_after_2025-09-08T00:00:00
external_excluded_6ba271bc30a04ed8,GDELT,gdelt_doc,calcuttanews.net,news_index,http://www.calcuttanews.net/news/278561376/nepal-committee-formed-to-investigate-monday-violence-that-claimed-19-lives,2025-09-08 21:00:00,English,Nepal,Nepal : Committee formed to investigate Monday violence that claimed 19 lives,Nepal : Committee formed to investigate Monday violence that claimed 19 lives,calcuttanews.net,local_file:GDELT_DOC_query_Maitighar_Baneshwor_Singha_Durbar,,excluded,published_at_or_seen_at_is_at_or_after_2025-09-08T00:00:00
external_excluded_e61d974e7d99de01,GDELT,gdelt_doc,newindianexpress.com,news_index,https://www.newindianexpress.com/world/2025/Sep/08/19-killed-as-nepal-police-fire-on-youth-protesting-social-media-ban-home-minister-resigns,2025-09-08 20:30:00,English,Nepal,"Nepal lifts social media restrictions after 19 killed in police firing , prompting Home Minister resignation","Nepal lifts social media restrictions after 19 killed in police firing , prompting Home Minister resignation",newindianexpress.com,local_file:GDELT_DOC_query_Maitighar_Baneshwor_Singha_Durbar,,excluded,published_at_or_seen_at_is_at_or_after_2025-09-08T00:00:00
external_excluded_0552e7bbc2c753f7,GDELT,gdelt_doc,timesofearth.com,news_index,https://www.timesofearth.com/2025/09/08/at-least-19-dead-in-nepal-after-gen-z-protests-at-corruption-and-social-media-ban/,2025-09-08 19:45:00,English,Nepal,At least 19 dead in Nepal after Gen Z protests at corruption and social media ban,At least 19 dead in Nepal after Gen Z protests at corruption and social media ban,timesofearth.com,local_file:GDELT_DOC_query_Maitighar_Baneshwor_Singha_Durbar,,excluded,published_at_or_seen_at_is_at_or_after_2025-09-08T00:00:00
external_excluded_0074983fb201c58a,GDELT,gdelt_doc,livemint.com,news_index,https://www.livemint.com/news/world/nepal-home-minister-ramesh-lekhak-resigns-after-19-killed-in-gen-z-protests-over-corruption-social-media-ban-11757342835513.html,2025-09-08 19:45:00,English,Nepal,"Nepal Home Minister Ramesh Lekhak resigns after 19 killed in Gen Z protests over corruption , social media ban","Nepal Home Minister Ramesh Lekhak resigns after 19 killed in Gen Z protests over corruption , social media ban",livemint.com,local_file:GDELT_DOC_query_Maitighar_Baneshwor_Singha_Durbar,,excluded,published_at_or_seen_at_is_at_or_after_2025-09-08T00:00:00
external_excluded_6f8d603ec6e951ef,GDELT,gdelt_doc,channelstv.com,news_index,https://www.channelstv.com/2025/09/08/at-least-16-killed-in-nepal-protest-over-social-media-ban/,2025-09-08 19:30:00,English,Nepal,At Least 16 Killed In Nepal Protest Over Social Media Ban,At Least 16 Killed In Nepal Protest Over Social Media Ban,channelstv.com,local_file:GDELT_DOC_query_Maitighar_Baneshwor_Singha_Durbar,,excluded,published_at_or_seen_at_is_at_or_after_2025-09-08T00:00:00
external_excluded_824ea3ba0142561a,GDELT,gdelt_doc,aninews.in,news_index,https://aninews.in/news/world/asia/nepal-sees-deadliest-protests-in-20-years-19-killed-amid-social-media-ban-unrest20250908231728/,2025-09-08 19:30:00,English,Nepal,Nepal sees deadliest protests in nearly 20 years ; 19 killed amid social media ban unrest,Nepal sees deadliest protests in nearly 20 years ; 19 killed amid social media ban unrest,aninews.in,local_file:GDELT_DOC_query_Maitighar_Baneshwor_Singha_Durbar,,excluded,published_at_or_seen_at_is_at_or_after_2025-09-08T00:00:00
external_excluded_7804a76b31f2d60f,GDELT,gdelt_doc,news.webindia123.com,news_index,https://news.webindia123.com/news/Articles/World/20250908/4359014.html,2025-09-08 19:30:00,English,Nepal,Nepal sees deadliest protests in 20 years ; 19 killed amid social media ban unrest,Nepal sees deadliest protests in 20 years ; 19 killed amid social media ban unrest,news.webindia123.com,local_file:GDELT_DOC_query_Maitighar_Baneshwor_Singha_Durbar,,excluded,published_at_or_seen_at_is_at_or_after_2025-09-08T00:00:00
external_excluded_b975f957f249270b,GDELT,gdelt_doc,neindia.com,news_index,https://neindia.com/nepal-home-minister-resigns-amid-escalating-protests-over-social-media-ban/,2025-09-08 19:30:00,English,Nepal,Nepal Home Minister Resigns Amid Escalating Protests Over Social Media Ban,Nepal Home Minister Resigns Amid Escalating Protests Over Social Media Ban,neindia.com,local_file:GDELT_DOC_query_Maitighar_Baneshwor_Singha_Durbar,,excluded,published_at_or_seen_at_is_at_or_after_2025-09-08T00:00:00
external_excluded_15edc20b95824407,GDELT,gdelt_doc,news18.com,news_index,https://www.news18.com/explainers/whats-behind-the-deadly-protests-in-nepal-its-more-than-just-a-social-media-ban-ws-l-9557218.html,2025-09-08 19:15:00,English,Nepal,What Behind The Deadly Protests In Nepal ? It More Than Just A Social Media Ban | Explainers News,What Behind The Deadly Protests In Nepal ? It More Than Just A Social Media Ban | Explainers News,news18.com,local_file:GDELT_DOC_query_Maitighar_Baneshwor_Singha_Durbar,,excluded,published_at_or_seen_at_is_at_or_after_2025-09-08T00:00:00
external_excluded_e3cd76eeb09e8041,GDELT,gdelt_doc,jamaicaobserver.com,news_index,https://www.jamaicaobserver.com/2025/09/08/least-16-killed-nepal-protest-social-media-ban/,2025-09-08 19:15:00,English,Nepal,At least 16 killed in Nepal protest over social media ban,At least 16 killed in Nepal protest over social media ban,jamaicaobserver.com,local_file:GDELT_DOC_query_Maitighar_Baneshwor_Singha_Durbar,,excluded,published_at_or_seen_at_is_at_or_after_2025-09-08T00:00:00
external_excluded_941629c1063e66f5,GDELT,gdelt_doc,dnaindia.com,news_index,https://www.dnaindia.com/world/report-breaking-pm-kp-oli-revokes-social-media-ban-in-nepal-after-19-killed-in-huge-protest-3179361,2025-09-08 19:00:00,English,Nepal,"Nepal Protests : PM KP Oli revokes social media ban in country as 19 killed , 347 injured","Nepal Protests : PM KP Oli revokes social media ban in country as 19 killed , 347 injured",dnaindia.com,local_file:GDELT_DOC_query_Maitighar_Baneshwor_Singha_Durbar,,excluded,published_at_or_seen_at_is_at_or_after_2025-09-08T00:00:00
external_excluded_e084b76cbbf4aba4,GDELT,gdelt_doc,economictimes.indiatimes.com,news_index,https://economictimes.indiatimes.com/news/international/world-news/violent-protests-in-nepal-19-killed/articleshow/123771659.cms,2025-09-08 18:45:00,English,Nepal,Violent protests in Nepal ; 19 killed,Violent protests in Nepal ; 19 killed,economictimes.indiatimes.com,local_file:GDELT_DOC_query_Maitighar_Baneshwor_Singha_Durbar,,excluded,published_at_or_seen_at_is_at_or_after_2025-09-08T00:00:00
external_excluded_3fd256ca0882948d,GDELT,gdelt_doc,nepalitimes.com,news_index,https://nepalitimes.com/news/nepal-s-8-september-massacre,2025-09-08 18:45:00,English,Nepal,Nepal 8 September massacre | Nepali Times,Nepal 8 September massacre | Nepali Times,nepalitimes.com,local_file:GDELT_DOC_query_Maitighar_Baneshwor_Singha_Durbar,,excluded,published_at_or_seen_at_is_at_or_after_2025-09-08T00:00:00
external_excluded_d33990a68338c75d,GDELT,gdelt_doc,news18.com,news_index,https://www.news18.com/world/parliament-dissolution-interim-govt-of-protesters-what-does-nepals-gen-z-demand-ws-l-9558216.html,2025-09-08 18:45:00,English,Nepal,"Parliament Dissolution , Interim Govt Of Protesters : What Does Nepal Gen Z Demand ?","Parliament Dissolution , Interim Govt Of Protesters : What Does Nepal Gen Z Demand ?",news18.com,local_file:GDELT_DOC_query_Maitighar_Baneshwor_Singha_Durbar,,excluded,published_at_or_seen_at_is_at_or_after_2025-09-08T00:00:00
external_excluded_993415841e80abc2,GDELT,gdelt_doc,onlinekhabar.com,news_index,https://www.onlinekhabar.com/2025/09/1759908/trauma-center-injured-say-shots-were-shot-at-random,2025-09-08 18:30:00,Nepali,Nepal,ट्रमा सेन्टरका घाइते भन्छन् : ताकी - ताकी गोली हानियो,ट्रमा सेन्टरका घाइते भन्छन् : ताकी - ताकी गोली हानियो,onlinekhabar.com,local_file:GDELT_DOC_query_Maitighar_Baneshwor_Singha_Durbar,,excluded,published_at_or_seen_at_is_at_or_after_2025-09-08T00:00:00
external_excluded_fe092f50355d6cd3,GDELT,gdelt_doc,nepalnational.com,news_index,http://www.nepalnational.com/news/278560851/18-killed-200-injured-as-nepal-protests-against-social-media-ban-turn-violent,2025-09-08 18:15:00,English,Nepal,"18 killed , 200 injured as Nepal protests against social media ban turn violent","18 killed , 200 injured as Nepal protests against social media ban turn violent",nepalnational.com,local_file:GDELT_DOC_query_Maitighar_Baneshwor_Singha_Durbar,,excluded,published_at_or_seen_at_is_at_or_after_2025-09-08T00:00:00
external_excluded_b28653f2697feba9,GDELT,gdelt_doc,nepalnational.com,news_index,http://www.nepalnational.com/news/278560877/death-toll-rises-to-19-in-nepal-gen-z-protest-highest-since-2006-movement-to-overthrow-king-gyanendra,2025-09-08 18:15:00,English,Nepal,"Death toll rises to 19 in Nepal Gen Z protest , highest since 2006 movement to overthrow King Gyanendra","Death toll rises to 19 in Nepal Gen Z protest , highest since 2006 movement to overthrow King Gyanendra",nepalnational.com,local_file:GDELT_DOC_query_Maitighar_Baneshwor_Singha_Durbar,,excluded,published_at_or_seen_at_is_at_or_after_2025-09-08T00:00:00
external_excluded_29e7e289dd11e335,GDELT,gdelt_doc,ibtimes.com.au,news_index,https://www.ibtimes.com.au/least-17-killed-nepal-protest-over-social-media-ban-corruption-1860419,2025-09-08 17:45:00,English,Nepal,"At Least 17 Killed In Nepal Protest Over Social Media Ban , Corruption","At Least 17 Killed In Nepal Protest Over Social Media Ban , Corruption",ibtimes.com.au,local_file:GDELT_DOC_query_Maitighar_Baneshwor_Singha_Durbar,,excluded,published_at_or_seen_at_is_at_or_after_2025-09-08T00:00:00
external_excluded_184242646b3c5e39,GDELT,gdelt_doc,hometownregister.com,news_index,https://www.hometownregister.com/news/national/at-least-17-killed-in-nepal-protest-over-social-media-ban-corruption/article_0cc59f27-fbc6-5931-b855-cc65aa6cff3e.html,2025-09-08 17:30:00,English,Nepal,"At least 17 killed in Nepal protest over social media ban , corruption","At least 17 killed in Nepal protest over social media ban , corruption",hometownregister.com,local_file:GDELT_DOC_query_Maitighar_Baneshwor_Singha_Durbar,,excluded,published_at_or_seen_at_is_at_or_after_2025-09-08T00:00:00
external_excluded_35d415f5d47bb66b,GDELT,gdelt_doc,newsx.com,news_index,https://www.newsx.com/world/18-killed-200-injured-as-nepal-protests-against-social-media-ban-turn-violent20250908185043-62172/,2025-09-08 17:15:00,English,Nepal,"18 killed , 200 injured as Nepal protests against social media ban turn violent","18 killed , 200 injured as Nepal protests against social media ban turn violent",newsx.com,local_file:GDELT_DOC_query_Maitighar_Baneshwor_Singha_Durbar,,excluded,published_at_or_seen_at_is_at_or_after_2025-09-08T00:00:00
external_excluded_951090badd825501,GDELT,gdelt_doc,arabnews.com,news_index,https://www.arabnews.com/node/2614575/world,2025-09-08 17:15:00,English,Nepal,"Nepal police open fire , killing 17 protesting social media ban","Nepal police open fire , killing 17 protesting social media ban",arabnews.com,local_file:GDELT_DOC_query_Maitighar_Baneshwor_Singha_Durbar,,excluded,published_at_or_seen_at_is_at_or_after_2025-09-08T00:00:00
external_excluded_470a0af334542ad0,GDELT,gdelt_doc,thestatesman.com,news_index,https://www.thestatesman.com/world/nepal-crisis-home-minister-resigns-after-19-killed-in-gen-z-led-protests-over-corruption-social-media-ban-1503483241.html,2025-09-08 17:15:00,English,Nepal,"Nepal crisis : Home Minister resigns after 19 killed in Gen Z - led protests over corruption , social media ban","Nepal crisis : Home Minister resigns after 19 killed in Gen Z - led protests over corruption , social media ban",thestatesman.com,local_file:GDELT_DOC_query_Maitighar_Baneshwor_Singha_Durbar,,excluded,published_at_or_seen_at_is_at_or_after_2025-09-08T00:00:00
external_excluded_e32471c33a19e1f9,GDELT,gdelt_doc,economictimes.indiatimes.com,news_index,https://economictimes.indiatimes.com/news/new-updates/nepal-protests-how-the-viral-nepo-kids-trend-targeting-politicians-children-exploded-from-social-media-onto-the-streets/articleshow/123769124.cms,2025-09-08 17:15:00,English,Nepal,Nepal Protests : What is viral nepo kid trend targeting politician children that erupted from social media onto the streets ?,Nepal Protests : What is viral nepo kid trend targeting politician children that erupted from social media onto the streets ?,economictimes.indiatimes.com,local_file:GDELT_DOC_query_Maitighar_Baneshwor_Singha_Durbar,,excluded,published_at_or_seen_at_is_at_or_after_2025-09-08T00:00:00
external_excluded_7b024daa5384d910,GDELT,gdelt_doc,hngn.com,news_index,https://www.hngn.com/articles/267983/20250908/least-10-killed-nepal-protest-over-social-media-ban.htm,2025-09-08 17:00:00,English,Nepal,At Least 10 Killed In Nepal Protest Over Social Media Ban,At Least 10 Killed In Nepal Protest Over Social Media Ban,hngn.com,local_file:GDELT_DOC_query_Maitighar_Baneshwor_Singha_Durbar,,excluded,published_at_or_seen_at_is_at_or_after_2025-09-08T00:00:00
external_excluded_fe74fafd014e0484,GDELT,gdelt_doc,firstpost.com,news_index,https://www.firstpost.com/explainers/nepal-protests-social-media-ban-death-13931962.html,2025-09-08 17:00:00,English,Nepal,Nepal protests : What we know about NGO Hami Nepal behind the stir ? – Firstpost,Nepal protests : What we know about NGO Hami Nepal behind the stir ? – Firstpost,firstpost.com,local_file:GDELT_DOC_query_Maitighar_Baneshwor_Singha_Durbar,,excluded,published_at_or_seen_at_is_at_or_after_2025-09-08T00:00:00
external_excluded_734ad7ac784c5f0b,GDELT,gdelt_doc,firstpost.com,news_index,https://www.firstpost.com/world/nepal-home-minister-resigns-takes-moral-responsibility-after-violent-gen-z-protests-leave-20-dead-13931943.html,2025-09-08 17:00:00,English,Nepal,"Nepal home minister resigns , takes moral responsibility after violent Gen - Z protests leave 20 dead – Firstpost","Nepal home minister resigns , takes moral responsibility after violent Gen - Z protests leave 20 dead – Firstpost",firstpost.com,local_file:GDELT_DOC_query_Maitighar_Baneshwor_Singha_Durbar,,excluded,published_at_or_seen_at_is_at_or_after_2025-09-08T00:00:00
external_excluded_eb714817905719ce,GDELT,gdelt_doc,ratopati.com,news_index,https://www.ratopati.com/story/512050/the-governments-brutal-repression-of-the-awakened-genji,2025-09-08 16:45:00,Nepali,Nepal,जागेका जेनजीमाथि सरकारको बर्बर दमन | Nepal first 24 - hour updated news portal,जागेका जेनजीमाथि सरकारको बर्बर दमन | Nepal first 24 - hour updated news portal,ratopati.com,local_file:GDELT_DOC_query_Maitighar_Baneshwor_Singha_Durbar,,excluded,published_at_or_seen_at_is_at_or_after_2025-09-08T00:00:00
external_excluded_a1ddfbbd2baf7863,GDELT,gdelt_doc,brecorder.com,news_index,https://www.brecorder.com/news/40381730/nineteen-killed-in-nepal-in-gen-z-protest-over-social-media-ban,2025-09-08 16:00:00,English,Nepal,Nineteen killed in Nepal in Gen Z protest over social media ban - World,Nineteen killed in Nepal in Gen Z protest over social media ban - World,brecorder.com,local_file:GDELT_DOC_query_Maitighar_Baneshwor_Singha_Durbar,,excluded,published_at_or_seen_at_is_at_or_after_2025-09-08T00:00:00
external_excluded_c8b2c083858b09c8,GDELT,gdelt_doc,pragativadi.com,news_index,https://pragativadi.com/nepal-protest-death-toll-climbs-to-16-parliament-gate-torched-army-called-in/,2025-09-08 15:45:00,English,Nepal,"Nepal Protest : Death Toll Climbs to 16 , Parliament Gate Torched , Army Called In","Nepal Protest : Death Toll Climbs to 16 , Parliament Gate Torched , Army Called In",pragativadi.com,local_file:GDELT_DOC_query_Maitighar_Baneshwor_Singha_Durbar,,excluded,published_at_or_seen_at_is_at_or_after_2025-09-08T00:00:00
external_excluded_7b432b96fe52a264,GDELT,gdelt_doc,calcuttanews.net,news_index,http://www.calcuttanews.net/news/278560851/18-killed-200-injured-as-nepal-protests-against-social-media-ban-turn-violent,2025-09-08 15:45:00,English,Nepal,"18 killed , 200 injured as Nepal protests against social media ban turn violent","18 killed , 200 injured as Nepal protests against social media ban turn violent",calcuttanews.net,local_file:GDELT_DOC_query_Maitighar_Baneshwor_Singha_Durbar,,excluded,published_at_or_seen_at_is_at_or_after_2025-09-08T00:00:00
external_excluded_ade954ace4064d08,GDELT,gdelt_doc,dhakatribune.com,news_index,https://www.dhakatribune.com/world/south-asia/390965/police-at-east-10-dead-in-nepal-protest-over,2025-09-08 15:45:00,English,Nepal,16 dead in Nepal protest over social media ban,16 dead in Nepal protest over social media ban,dhakatribune.com,local_file:GDELT_DOC_query_Maitighar_Baneshwor_Singha_Durbar,,excluded,published_at_or_seen_at_is_at_or_after_2025-09-08T00:00:00
external_excluded_d2658501fe773a66,GDELT,gdelt_doc,calcuttanews.net,news_index,http://www.calcuttanews.net/news/278560877/death-toll-rises-to-19-in-nepal-gen-z-protest-highest-since-2006-movement-to-overthrow-king-gyanendra,2025-09-08 15:45:00,English,Nepal,"Death toll rises to 19 in Nepal Gen Z protest , highest since 2006 movement to overthrow King Gyanendra","Death toll rises to 19 in Nepal Gen Z protest , highest since 2006 movement to overthrow King Gyanendra",calcuttanews.net,local_file:GDELT_DOC_query_Maitighar_Baneshwor_Singha_Durbar,,excluded,published_at_or_seen_at_is_at_or_after_2025-09-08T00:00:00
external_excluded_09271c87524f1697,GDELT,gdelt_doc,bignewsnetwork.com,news_index,http://www.bignewsnetwork.com/news/278560877/death-toll-rises-to-19-in-nepal-gen-z-protest-highest-since-2006-movement-to-overthrow-king-gyanendra,2025-09-08 15:30:00,English,Nepal,"Death toll rises to 19 in Nepal Gen Z protest , highest since 2006 movement to overthrow King Gyanendra","Death toll rises to 19 in Nepal Gen Z protest , highest since 2006 movement to overthrow King Gyanendra",bignewsnetwork.com,local_file:GDELT_DOC_query_Maitighar_Baneshwor_Singha_Durbar,,excluded,published_at_or_seen_at_is_at_or_after_2025-09-08T00:00:00
external_excluded_8781f4ba8348277f,GDELT,gdelt_doc,bignewsnetwork.com,news_index,http://www.bignewsnetwork.com/news/278560851/18-killed-200-injured-as-nepal-protests-against-social-media-ban-turn-violent,2025-09-08 15:30:00,English,Nepal,"18 killed , 200 injured as Nepal protests against social media ban turn violent","18 killed , 200 injured as Nepal protests against social media ban turn violent",bignewsnetwork.com,local_file:GDELT_DOC_query_Maitighar_Baneshwor_Singha_Durbar,,excluded,published_at_or_seen_at_is_at_or_after_2025-09-08T00:00:00
external_excluded_e1f00665fa21debf,GDELT,gdelt_doc,ibtimes.co.uk,news_index,https://www.ibtimes.co.uk/gen-z-protest-nepal-whats-happening-why-does-govt-want-social-media-ban-1743415,2025-09-08 15:30:00,English,Nepal,Gen Z Protest in Nepal : What Happening and Why Does The Govt . Want a Social Media Ban ?,Gen Z Protest in Nepal : What Happening and Why Does The Govt . Want a Social Media Ban ?,ibtimes.co.uk,local_file:GDELT_DOC_query_Maitighar_Baneshwor_Singha_Durbar,,excluded,published_at_or_seen_at_is_at_or_after_2025-09-08T00:00:00
external_excluded_96713d846310d4f4,GDELT,gdelt_doc,bangkokpost.com,news_index,https://www.bangkokpost.com/world/3100942/at-least-16-killed-in-nepal-protest-over-social-media-ban,2025-09-08 15:30:00,English,Nepal,Bangkok Post - At least 16 killed in Nepal protest over social media ban,Bangkok Post - At least 16 killed in Nepal protest over social media ban,bangkokpost.com,local_file:GDELT_DOC_query_Maitighar_Baneshwor_Singha_Durbar,,excluded,published_at_or_seen_at_is_at_or_after_2025-09-08T00:00:00
external_excluded_d00a2ef02a5a1141,GDELT,gdelt_doc,siasat.com,news_index,https://www.siasat.com/14-killed-as-citizens-clash-with-police-over-social-media-ban-in-nepal-3269057/,2025-09-08 15:15:00,English,Nepal,14 killed as citizens clash with police over social media ban in Nepal,14 killed as citizens clash with police over social media ban in Nepal,siasat.com,local_file:GDELT_DOC_query_Maitighar_Baneshwor_Singha_Durbar,,excluded,published_at_or_seen_at_is_at_or_after_2025-09-08T00:00:00
external_excluded_7ecf0da40e67576d,GDELT,gdelt_doc,news.webindia123.com,news_index,https://news.webindia123.com/news/Articles/World/20250908/4358939.html,2025-09-08 15:00:00,English,Nepal,"Death toll rises to 19 in Nepal Gen Z protest , highest since 2006 movement to overthrow King Gyanendra","Death toll rises to 19 in Nepal Gen Z protest , highest since 2006 movement to overthrow King Gyanendra",news.webindia123.com,local_file:GDELT_DOC_query_Maitighar_Baneshwor_Singha_Durbar,,excluded,published_at_or_seen_at_is_at_or_after_2025-09-08T00:00:00
external_excluded_c3342c7f65bb8299,GDELT,gdelt_doc,aljazeera.com,news_index,https://www.aljazeera.com/news/2025/9/8/six-killed-in-nepal-amid-gen-z-protests-after-social-media-ban-all-to-know,2025-09-08 15:00:00,English,Nepal,"Nepal Gen Z protests amid social media ban , clashes kill 19 : All to know","Nepal Gen Z protests amid social media ban , clashes kill 19 : All to know",aljazeera.com,local_file:GDELT_DOC_query_Maitighar_Baneshwor_Singha_Durbar,,excluded,published_at_or_seen_at_is_at_or_after_2025-09-08T00:00:00
external_excluded_cc4f74b854f6b0fe,GDELT,gdelt_doc,aljazeera.com,news_index,https://www.aljazeera.com/news/2025/9/8/at-least-14-killed-in-nepal-protests-over-social-media-ban-corruption,2025-09-08 15:00:00,English,Nepal,"At least 19 killed in Nepal protests over social media ban , corruption","At least 19 killed in Nepal protests over social media ban , corruption",aljazeera.com,local_file:GDELT_DOC_query_Maitighar_Baneshwor_Singha_Durbar,,excluded,published_at_or_seen_at_is_at_or_after_2025-09-08T00:00:00
external_excluded_6c2999a440cc7c39,GDELT,gdelt_doc,thehimalayantimes.com,news_index,https://thehimalayantimes.com/nepal/gen-z-protest-death-toll-rises-to-18-over-200-injured-nationwide,2025-09-08 15:00:00,English,Nepal,"Gen Z protest death toll rises to 18 , over 200 injured nationwide","Gen Z protest death toll rises to 18 , over 200 injured nationwide",thehimalayantimes.com,local_file:GDELT_DOC_query_Maitighar_Baneshwor_Singha_Durbar,,excluded,published_at_or_seen_at_is_at_or_after_2025-09-08T00:00:00
external_excluded_7a77831b12b3eccf,GDELT,gdelt_doc,timesofindia.indiatimes.com,news_index,https://timesofindia.indiatimes.com/india/on-close-watch-india-nepal-border-on-alert-as-protests-rage-in-kathmandu-ssb-tightens-vigilance/articleshow/123767686.cms,2025-09-08 15:00:00,English,Nepal,On close watch : India - Nepal border on alert as protests rage in Kathmandu ; SSB tightens vigilance | India News,On close watch : India - Nepal border on alert as protests rage in Kathmandu ; SSB tightens vigilance | India News,timesofindia.indiatimes.com,local_file:GDELT_DOC_query_Maitighar_Baneshwor_Singha_Durbar,,excluded,published_at_or_seen_at_is_at_or_after_2025-09-08T00:00:00
external_excluded_56b006b65a5f96b8,GDELT,gdelt_doc,thestar.com.my,news_index,https://www.thestar.com.my/news/world/2025/09/08/nineteen-killed-in-nepal-in-039gen-z039-protest-over-social-media-ban,2025-09-08 14:45:00,English,Nepal,Nineteen killed in Nepal in Gen Z protest over social media ban,Nineteen killed in Nepal in Gen Z protest over social media ban,thestar.com.my,local_file:GDELT_DOC_query_Maitighar_Baneshwor_Singha_Durbar,,excluded,published_at_or_seen_at_is_at_or_after_2025-09-08T00:00:00
external_excluded_879c70983149aac0,GDELT,gdelt_doc,news.webindia123.com,news_index,https://news.webindia123.com/news/Articles/World/20250908/4358929.html,2025-09-08 14:15:00,English,Nepal,"18 killed , 200 injured as Nepal protests against social media ban turn violent","18 killed , 200 injured as Nepal protests against social media ban turn violent",news.webindia123.com,local_file:GDELT_DOC_query_Maitighar_Baneshwor_Singha_Durbar,,excluded,published_at_or_seen_at_is_at_or_after_2025-09-08T00:00:00
external_excluded_562f5726fbbc2a8d,GDELT,gdelt_doc,bransontrilakesnews.com,news_index,https://www.bransontrilakesnews.com/news/national/article_cdee3292-501d-5fcd-8ba3-b697095ba409.html,2025-09-08 14:15:00,English,Nepal,At least 16 killed in Nepal protest over social media ban,At least 16 killed in Nepal protest over social media ban,bransontrilakesnews.com,local_file:GDELT_DOC_query_Maitighar_Baneshwor_Singha_Durbar,,excluded,published_at_or_seen_at_is_at_or_after_2025-09-08T00:00:00
external_excluded_716ccf6b0b8fde71,GDELT,gdelt_doc,orissapost.com,news_index,https://www.orissapost.com/nepal-social-media-ban-sparks-clash-14-dead-army-deployed/,2025-09-08 14:15:00,English,Nepal,"Nepal social media ban sparks clash : 14 dead , army deployed","Nepal social media ban sparks clash : 14 dead , army deployed",orissapost.com,local_file:GDELT_DOC_query_Maitighar_Baneshwor_Singha_Durbar,,excluded,published_at_or_seen_at_is_at_or_after_2025-09-08T00:00:00
external_excluded_1bc6a0361dc0e7bd,GDELT,gdelt_doc,organiser.org,news_index,https://organiser.org/2025/09/08/314797/world/nepal-boils-in-violent-protest-gen-z-flood-to-streets-opposing-corruption-and-social-media-ban-16-protestors-dies/,2025-09-08 14:15:00,English,Nepal,Gen Z Protest in Nepal over Social Media Ban,Gen Z Protest in Nepal over Social Media Ban,organiser.org,local_file:GDELT_DOC_query_Maitighar_Baneshwor_Singha_Durbar,,excluded,published_at_or_seen_at_is_at_or_after_2025-09-08T00:00:00
external_excluded_f9257c0b77ee0d3b,GDELT,gdelt_doc,digitaljournal.com,news_index,https://www.digitaljournal.com/world/at-least-16-killed-in-nepal-protest-over-social-media-ban/article,2025-09-08 14:00:00,English,Nepal,At least 16 killed in Nepal protest over social media ban,At least 16 killed in Nepal protest over social media ban,digitaljournal.com,local_file:GDELT_DOC_query_Maitighar_Baneshwor_Singha_Durbar,,excluded,published_at_or_seen_at_is_at_or_after_2025-09-08T00:00:00
external_excluded_4989698e3ca0900d,GDELT,gdelt_doc,asia.nikkei.com,news_index,https://asia.nikkei.com/politics/14-killed-in-nepal-in-gen-z-protest-over-social-media-ban,2025-09-08 14:00:00,English,Nepal,14 killed in Nepal in Gen Z protest over social media ban,14 killed in Nepal in Gen Z protest over social media ban,asia.nikkei.com,local_file:GDELT_DOC_query_Maitighar_Baneshwor_Singha_Durbar,,excluded,published_at_or_seen_at_is_at_or_after_2025-09-08T00:00:00
external_excluded_efb4bf5cc37e7d93,GDELT,gdelt_doc,thetimes.com,news_index,https://www.thetimes.com/world/asia/article/nepal-protests-news-gen-z-social-media-tvn65rg6b,2025-09-08 13:30:00,English,Nepal,Nepal protests : 16 dead in Gen Z riots over social media ban,Nepal protests : 16 dead in Gen Z riots over social media ban,thetimes.com,local_file:GDELT_DOC_query_Maitighar_Baneshwor_Singha_Durbar,,excluded,published_at_or_seen_at_is_at_or_after_2025-09-08T00:00:00
external_excluded_ae5f7f2cefb1cb49,GDELT,gdelt_doc,indianexpress.com,news_index,https://indianexpress.com/article/world/nepal-gen-z-protest-what-triggered-the-deadly-protests-in-nepal-key-questions-answered-in-8-points-10237715/,2025-09-08 13:30:00,English,Nepal,What triggered the deadly protests in Nepal ? Key questions answered in 10 points,What triggered the deadly protests in Nepal ? Key questions answered in 10 points,indianexpress.com,local_file:GDELT_DOC_query_Maitighar_Baneshwor_Singha_Durbar,,excluded,published_at_or_seen_at_is_at_or_after_2025-09-08T00:00:00
external_excluded_28f54d0d53dbb479,GDELT,gdelt_doc,grenadachronicle.com,news_index,https://grenadachronicle.com/six-killed-in-nepal-amid-gen-z-protests-after-social-media-ban-all-to-know/,2025-09-08 13:30:00,English,Nepal,"Six killed in Nepal amid Gen Z protests after social media ban : All to know - Grenada Chronicle – Daily Grenada & Caribbean News , Culture & Business","Six killed in Nepal amid Gen Z protests after social media ban : All to know - Grenada Chronicle – Daily Grenada & Caribbean News , Culture & Business",grenadachronicle.com,local_file:GDELT_DOC_query_Maitighar_Baneshwor_Singha_Durbar,,excluded,published_at_or_seen_at_is_at_or_after_2025-09-08T00:00:00
external_excluded_b94b8607d06fc7bf,GDELT,gdelt_doc,thestatesman.com,news_index,https://www.thestatesman.com/world/massive-protests-in-nepal-over-social-media-ban-curfew-imposed-in-kathmandu-protestors-enter-parliament-premises-1503482975.html,2025-09-08 12:45:00,English,Nepal,14 dead in massive Nepal protests against social media ban ; PM Oli attends National Security Council meet in wake of demonstrations,14 dead in massive Nepal protests against social media ban ; PM Oli attends National Security Council meet in wake of demonstrations,thestatesman.com,local_file:GDELT_DOC_query_Maitighar_Baneshwor_Singha_Durbar,,excluded,published_at_or_seen_at_is_at_or_after_2025-09-08T00:00:00
external_excluded_1db85caf842ee5ee,GDELT,gdelt_doc,rrdailyherald.com,news_index,https://www.rrdailyherald.com/news/national/at-least-10-killed-in-nepal-protest-over-social-media-ban/article_a241a9e0-1791-55bd-9a3c-4f365705f14d.html,2025-09-08 12:45:00,English,Nepal,At least 10 killed in Nepal protest over social media ban,At least 10 killed in Nepal protest over social media ban,rrdailyherald.com,local_file:GDELT_DOC_query_Maitighar_Baneshwor_Singha_Durbar,,excluded,published_at_or_seen_at_is_at_or_after_2025-09-08T00:00:00
external_excluded_68579e8aedd62285,GDELT,gdelt_doc,newsx.com,news_index,https://www.newsx.com/world/two-gen-z-protesters-killed-as-police-stop-demonstrators-breaking-into-nepal-parliament-amid-social-media-ban20250908151719-61920/,2025-09-08 12:00:00,English,Nepal,Two Gen Z protesters killed as police stop demonstrators from breaking into Nepal Parliament amid social media ban,Two Gen Z protesters killed as police stop demonstrators from breaking into Nepal Parliament amid social media ban,newsx.com,local_file:GDELT_DOC_query_Maitighar_Baneshwor_Singha_Durbar,,excluded,published_at_or_seen_at_is_at_or_after_2025-09-08T00:00:00
external_excluded_d6714e7d7cab9bf7,GDELT,gdelt_doc,yahoo.com,news_index,https://www.yahoo.com/news/articles/six-killed-nepal-amid-gen-111451354.html,2025-09-08 11:45:00,English,Nepal,Six killed in Nepal amid Gen Z protests after social media ban : All to know,Six killed in Nepal amid Gen Z protests after social media ban : All to know,yahoo.com,local_file:GDELT_DOC_query_Maitighar_Baneshwor_Singha_Durbar,,excluded,published_at_or_seen_at_is_at_or_after_2025-09-08T00:00:00
external_excluded_7e0a001bc0936d3b,GDELT,gdelt_doc,bignewsnetwork.com,news_index,http://www.bignewsnetwork.com/news/278560390/nine-dead-curfew-imposed-in-parts-of-nepal-as-gen-z-protest-over-social-media-ban-turns-violent,2025-09-08 11:30:00,English,Nepal,"Nine dead , curfew imposed in parts of Nepal as Gen Z protest over social media ban turns violent","Nine dead , curfew imposed in parts of Nepal as Gen Z protest over social media ban turns violent",bignewsnetwork.com,local_file:GDELT_DOC_query_Maitighar_Baneshwor_Singha_Durbar,,excluded,published_at_or_seen_at_is_at_or_after_2025-09-08T00:00:00
external_excluded_352c87085bf802d3,GDELT,gdelt_doc,news.webindia123.com,news_index,https://news.webindia123.com/news/Articles/World/20250908/4358802.html,2025-09-08 11:30:00,English,Nepal,Two Gen Z protesters killed as police stop demonstrators breaking into Nepal Parliament amid social media ban,Two Gen Z protesters killed as police stop demonstrators breaking into Nepal Parliament amid social media ban,news.webindia123.com,local_file:GDELT_DOC_query_Maitighar_Baneshwor_Singha_Durbar,,excluded,published_at_or_seen_at_is_at_or_after_2025-09-08T00:00:00
external_excluded_c9788f3217d71581,GDELT,gdelt_doc,calcuttanews.net,news_index,http://www.calcuttanews.net/news/278560337/two-gen-z-protesters-killed-as-police-stop-demonstrators-breaking-into-nepal-parliament-amidst-social-media-ban,2025-09-08 11:15:00,English,Nepal,Two Gen Z protesters killed as police stop demonstrators breaking into Nepal Parliament amidst social media ban,Two Gen Z protesters killed as police stop demonstrators breaking into Nepal Parliament amidst social media ban,calcuttanews.net,local_file:GDELT_DOC_query_Maitighar_Baneshwor_Singha_Durbar,,excluded,published_at_or_seen_at_is_at_or_after_2025-09-08T00:00:00
external_excluded_18f60447619b1886,GDELT,gdelt_doc,rozanaspokesman.com,news_index,https://www.rozanaspokesman.com/news/world/080925/nepal-gen-z-protest-against-ban-on-social-media-platforms-in-nepal-lat.html,2025-09-08 10:30:00,English,Nepal,"Nepal - Gen Z Marches to Streets Against Ban on 26 Social Media Platforms Incl FB , Instagram , WhatsApp","Nepal - Gen Z Marches to Streets Against Ban on 26 Social Media Platforms Incl FB , Instagram , WhatsApp",rozanaspokesman.com,local_file:GDELT_DOC_query_Maitighar_Baneshwor_Singha_Durbar,,excluded,published_at_or_seen_at_is_at_or_after_2025-09-08T00:00:00
external_excluded_32d31c1a84469474,GDELT,gdelt_doc,news18.com,news_index,https://www.news18.com/world/nepal-protests-news-live-updates-violence-erupts-gen-z-social-media-facebook-instagram-ban-violence-prime-minister-kp-sharma-oli-liveblog-9557281.html,2025-09-08 10:30:00,English,Nepal,"Nepal Protests News Live : Demonstration Against Social Media Ban Turns Deadly , Police Fire Tear Gas","Nepal Protests News Live : Demonstration Against Social Media Ban Turns Deadly , Police Fire Tear Gas",news18.com,local_file:GDELT_DOC_query_Maitighar_Baneshwor_Singha_Durbar,,excluded,published_at_or_seen_at_is_at_or_after_2025-09-08T00:00:00
external_excluded_aee3c11fe2fe7e00,GDELT,gdelt_doc,thehindu.com,news_index,https://www.thehindu.com/news/international/nepals-gen-z-hits-the-streets-to-protest-social-media-ban-corruption/article70025292.ece,2025-09-08 10:00:00,English,Nepal,Nepal Gen Z protest : Thousands hit the streets in Kathmandu over corruption and government social media ban,Nepal Gen Z protest : Thousands hit the streets in Kathmandu over corruption and government social media ban,thehindu.com,local_file:GDELT_DOC_query_Maitighar_Baneshwor_Singha_Durbar,,excluded,published_at_or_seen_at_is_at_or_after_2025-09-08T00:00:00
external_excluded_f49cc0d93eb97857,GDELT,gdelt_doc,kathmandupost.com,news_index,https://kathmandupost.com/national/2025/09/08/few-injured-in-police-firing-during-new-baneshwar-protest,2025-09-08 10:00:00,English,Nepal,Few injured in police firing during New Baneshwar protest,Few injured in police firing during New Baneshwar protest,kathmandupost.com,local_file:GDELT_DOC_query_Maitighar_Baneshwor_Singha_Durbar,,excluded,published_at_or_seen_at_is_at_or_after_2025-09-08T00:00:00
external_excluded_dc0e1096708ac5c7,GDELT,gdelt_doc,moneycontrol.com,news_index,https://www.moneycontrol.com/world/nepal-s-gen-z-revolution-how-a-social-media-shutdown-sparked-a-nationwide-youth-protest-explained-article-13529240.html,2025-09-08 10:00:00,English,Nepal,Nepal Gen Z revolution : How a social media shutdown sparked a nationwide youth protest,Nepal Gen Z revolution : How a social media shutdown sparked a nationwide youth protest,moneycontrol.com,local_file:GDELT_DOC_query_Maitighar_Baneshwor_Singha_Durbar,,excluded,published_at_or_seen_at_is_at_or_after_2025-09-08T00:00:00
external_excluded_888560b8ec4a81c0,GDELT,gdelt_doc,thehimalayantimes.com,news_index,https://thehimalayantimes.com/kathmandu/second-gen-z-protester-dies-in-kathmandu-amid-escalating-clashes,2025-09-08 10:00:00,English,Nepal,Second Gen Z protester dies in Kathmandu amid escalating clashes,Second Gen Z protester dies in Kathmandu amid escalating clashes,thehimalayantimes.com,local_file:GDELT_DOC_query_Maitighar_Baneshwor_Singha_Durbar,,excluded,published_at_or_seen_at_is_at_or_after_2025-09-08T00:00:00
external_excluded_10b64aed5a9d8f07,GDELT,gdelt_doc,news.webindia123.com,news_index,https://news.webindia123.com/news/Articles/World/20250908/4358778.html,2025-09-08 10:00:00,English,Nepal,"Nepal : One killed , dozens injured in Gen Z protest as police use teargas , rubber bullets to disperse demonstrators","Nepal : One killed , dozens injured in Gen Z protest as police use teargas , rubber bullets to disperse demonstrators",news.webindia123.com,local_file:GDELT_DOC_query_Maitighar_Baneshwor_Singha_Durbar,,excluded,published_at_or_seen_at_is_at_or_after_2025-09-08T00:00:00
external_excluded_38aa4241e967f483,GDELT,gdelt_doc,livemint.com,news_index,https://www.livemint.com/news/world/nepal-protest-today-live-updates-gen-z-protest-against-pm-oli-after-ban-on-facebook-instagram-x-11757320723118.html,2025-09-08 10:00:00,English,Nepal,"Nepal protest today live updates : 9 dead , 42 injured as police fire rubber bullets at GenZ protesters","Nepal protest today live updates : 9 dead , 42 injured as police fire rubber bullets at GenZ protesters",livemint.com,local_file:GDELT_DOC_query_Maitighar_Baneshwor_Singha_Durbar,,excluded,published_at_or_seen_at_is_at_or_after_2025-09-08T00:00:00
external_excluded_d2c89964cd422bdb,GDELT,gdelt_doc,news.webindia123.com,news_index,https://news.webindia123.com/news/Articles/World/20250908/4358788.html,2025-09-08 10:00:00,English,Nepal,"Nepal : Massive Protests break out in Kathmandu over corruption , social media ban ; curfew imposed","Nepal : Massive Protests break out in Kathmandu over corruption , social media ban ; curfew imposed",news.webindia123.com,local_file:GDELT_DOC_query_Maitighar_Baneshwor_Singha_Durbar,,excluded,published_at_or_seen_at_is_at_or_after_2025-09-08T00:00:00
external_excluded_0f08254343b47b9e,GDELT,gdelt_doc,dailyexcelsior.com,news_index,https://www.dailyexcelsior.com/42-injured-as-youths-clash-with-police-over-social-media-ban-in-nepal-curfew-imposed/,2025-09-08 10:00:00,English,Nepal,"42 Injured As Youths Clash With Police Over Social Media Ban In Nepal , Curfew Imposed","42 Injured As Youths Clash With Police Over Social Media Ban In Nepal , Curfew Imposed",dailyexcelsior.com,local_file:GDELT_DOC_query_Maitighar_Baneshwor_Singha_Durbar,,excluded,published_at_or_seen_at_is_at_or_after_2025-09-08T00:00:00
external_excluded_6d8b106c9797bc98,GDELT,gdelt_doc,thehimalayantimes.com,news_index,https://thehimalayantimes.com/school-times/curfew-extended-across-key-areas-of-kathmandu-following-escalation-of-gen-z-protests,2025-09-08 10:00:00,English,Nepal,Curfew extended across key areas of Kathmandu following escalation of Gen Z protests,Curfew extended across key areas of Kathmandu following escalation of Gen Z protests,thehimalayantimes.com,local_file:GDELT_DOC_query_Maitighar_Baneshwor_Singha_Durbar,,excluded,published_at_or_seen_at_is_at_or_after_2025-09-08T00:00:00
external_excluded_83557ed7e472678e,GDELT,gdelt_doc,aninews.in,news_index,https://aninews.in/news/world/asia/nepal-one-killed-dozens-injured-in-gen-z-protest-as-police-use-teargas-rubber-bullets-to-disperse-demonstrators20250908143512/,2025-09-08 09:45:00,English,Nepal,"Nepal : One killed , dozens injured in Gen Z protest as police use teargas , rubber bullets to disperse demonstrators","Nepal : One killed , dozens injured in Gen Z protest as police use teargas , rubber bullets to disperse demonstrators",aninews.in,local_file:GDELT_DOC_query_Maitighar_Baneshwor_Singha_Durbar,,excluded,published_at_or_seen_at_is_at_or_after_2025-09-08T00:00:00
external_excluded_f7e824e6a9231fe0,GDELT,gdelt_doc,news18.com,news_index,https://www.news18.com/world/nepal-social-media-ban-gen-z-protests-demonstrations-kathmandu-9557000.html,2025-09-08 09:45:00,English,Nepal,"Violence Erupts At Massive Gen Z Protests Against Nepal Social Media Ban , 1 Killed","Violence Erupts At Massive Gen Z Protests Against Nepal Social Media Ban , 1 Killed",news18.com,local_file:GDELT_DOC_query_Maitighar_Baneshwor_Singha_Durbar,,excluded,published_at_or_seen_at_is_at_or_after_2025-09-08T00:00:00
external_excluded_ab756fe003ec0f63,GDELT,gdelt_doc,freepressjournal.in,news_index,https://www.freepressjournal.in/world/nepal-on-boil-several-injured-as-youngsters-protest-against-social-media-ban,2025-09-08 09:45:00,English,Nepal,"Nepal On Boil : 1 Killed , Several Injured in Gen Z Protest Against Social Media Ban","Nepal On Boil : 1 Killed , Several Injured in Gen Z Protest Against Social Media Ban",freepressjournal.in,local_file:GDELT_DOC_query_Maitighar_Baneshwor_Singha_Durbar,,excluded,published_at_or_seen_at_is_at_or_after_2025-09-08T00:00:00
external_excluded_64ecf85600f8fd77,GDELT,gdelt_doc,news18.com,news_index,https://www.news18.com/world/caught-on-camera-genz-floods-kathmandu-streets-after-nepal-bans-fb-instagram-x-9557188.html,2025-09-08 09:45:00,English,Nepal,"Caught On Camera : GenZ Floods Kathmandu Streets After Nepal Bans FB , Instagram , X","Caught On Camera : GenZ Floods Kathmandu Streets After Nepal Bans FB , Instagram , X",news18.com,local_file:GDELT_DOC_query_Maitighar_Baneshwor_Singha_Durbar,,excluded,published_at_or_seen_at_is_at_or_after_2025-09-08T00:00:00
external_excluded_ef4156c0813437a2,GDELT,gdelt_doc,indiatoday.in,news_index,https://www.indiatoday.in/world/story/gen-z-protests-nepal-kp-sharma-oli-corruption-social-media-restrictions-2783683-2025-09-08,2025-09-08 08:45:00,English,Nepal,Gen Z protests in Nepal against KP Sharma Oli government corruption and social media restrictions,Gen Z protests in Nepal against KP Sharma Oli government corruption and social media restrictions,indiatoday.in,local_file:GDELT_DOC_query_Maitighar_Baneshwor_Singha_Durbar,,excluded,published_at_or_seen_at_is_at_or_after_2025-09-08T00:00:00
external_excluded_7e679e46e520b687,GDELT,gdelt_doc,thehimalayantimes.com,news_index,https://thehimalayantimes.com/nepal/one-killed-another-injured-as-gen-z-protests-escalate-in-kathmandu-jhapa,2025-09-08 08:45:00,English,Nepal,"One killed , dozens injured as Gen Z protests escalate in Kathmandu , Jhapa","One killed , dozens injured as Gen Z protests escalate in Kathmandu , Jhapa",thehimalayantimes.com,local_file:GDELT_DOC_query_Maitighar_Baneshwor_Singha_Durbar,,excluded,published_at_or_seen_at_is_at_or_after_2025-09-08T00:00:00
external_excluded_b6bdc05d28b01e72,GDELT,gdelt_doc,ehimalayatimes.com,news_index,https://ehimalayatimes.com/2025/09/375885/,2025-09-08 08:45:00,Nepali,Nepal,उपत्यकाका थप चार ठाउँमा कर्फ्यू,उपत्यकाका थप चार ठाउँमा कर्फ्यू,ehimalayatimes.com,local_file:GDELT_DOC_query_Maitighar_Baneshwor_Singha_Durbar,,excluded,published_at_or_seen_at_is_at_or_after_2025-09-08T00:00:00
external_excluded_c81bd3c450f8138b,GDELT,gdelt_doc,english.mathrubhumi.com,news_index,https://english.mathrubhumi.com/news/world/protests-erupt-in-nepal-kathmandu-thousands-gen-z-demonstrators-storm-restricted-areas-tdx4nk3j,2025-09-08 08:45:00,English,Nepal,"Thousands of Nepali youth protest social media ban , corruption in Kathmandu ; curfew imposed","Thousands of Nepali youth protest social media ban , corruption in Kathmandu ; curfew imposed",english.mathrubhumi.com,local_file:GDELT_DOC_query_Maitighar_Baneshwor_Singha_Durbar,,excluded,published_at_or_seen_at_is_at_or_after_2025-09-08T00:00:00
external_excluded_039b885e8cb2fca3,GDELT,gdelt_doc,reviewnepal.com,news_index,https://reviewnepal.com/articles/nepal-s-corruption-crisis-silencing-social-media-won-t-silence-the-people.html,2025-09-08 08:15:00,English,Nepal,Nepal Corruption Crisis : Silencing Social Media Wont Silence the People,Nepal Corruption Crisis : Silencing Social Media Wont Silence the People,reviewnepal.com,local_file:GDELT_DOC_query_Maitighar_Baneshwor_Singha_Durbar,,excluded,published_at_or_seen_at_is_at_or_after_2025-09-08T00:00:00
external_excluded_f5231ea06f75614d,GDELT,gdelt_doc,reviewnepal.com,news_index,https://reviewnepal.com/national/gen-g-stages-protest-in-different-parts-of-the-country-including-in-kathmandu.html,2025-09-08 08:15:00,English,Nepal,Gen Z stages protest in different parts of the country including in Kathmandu - Review Nepal News,Gen Z stages protest in different parts of the country including in Kathmandu - Review Nepal News,reviewnepal.com,local_file:GDELT_DOC_query_Maitighar_Baneshwor_Singha_Durbar,,excluded,published_at_or_seen_at_is_at_or_after_2025-09-08T00:00:00
external_excluded_775a2fe7839a4689,GDELT,gdelt_doc,ratopati.com,news_index,https://www.ratopati.com/story/511893/police-lathicharge-tear-gass-protesters-after-they-reach-parliament-building,2025-09-08 07:15:00,Nepali,Nepal,"संसद् भवन अगाडि पुगेपछि प्रदर्शनकारीमाथि प्रहरीद्वारा लाठीचार्ज , अश्रुग्याँस प्रहार | Nepal first 24 - hour updated news portal","संसद् भवन अगाडि पुगेपछि प्रदर्शनकारीमाथि प्रहरीद्वारा लाठीचार्ज , अश्रुग्याँस प्रहार | Nepal first 24 - hour updated news portal",ratopati.com,local_file:GDELT_DOC_query_Maitighar_Baneshwor_Singha_Durbar,,excluded,published_at_or_seen_at_is_at_or_after_2025-09-08T00:00:00
external_excluded_1fccb0ff5c28ebb7,GDELT,gdelt_doc,dailyexcelsior.com,news_index,https://www.dailyexcelsior.com/nation-being-undermined-cannot-be-tolerated-says-oli-on-nepal-govts-ban-on-social-media/,2025-09-08 06:00:00,English,Nepal,"Nation being undermined cannot be tolerated , says Oli on Nepal govt ban on social media","Nation being undermined cannot be tolerated , says Oli on Nepal govt ban on social media",dailyexcelsior.com,local_file:GDELT_DOC_query_Maitighar_Baneshwor_Singha_Durbar,,excluded,published_at_or_seen_at_is_at_or_after_2025-09-08T00:00:00
external_excluded_42dd1735710c3c27,GDELT,gdelt_doc,ehimalayatimes.com,news_index,https://ehimalayatimes.com/2025/09/375752/,2025-09-08 05:00:00,Nepali,Nepal,सामाजिक सञ्जाल बन्द गर्ने निर्णयप्रति सत्तारूढ दल नै असन्तुष्ट,सामाजिक सञ्जाल बन्द गर्ने निर्णयप्रति सत्तारूढ दल नै असन्तुष्ट,ehimalayatimes.com,local_file:GDELT_DOC_query_Maitighar_Baneshwor_Singha_Durbar,,excluded,published_at_or_seen_at_is_at_or_after_2025-09-08T00:00:00
external_excluded_c64d153a837e7718,GDELT,gdelt_doc,ehimalayatimes.com,news_index,https://ehimalayatimes.com/2025/09/375630/,2025-09-08 05:00:00,Nepali,Nepal,सामाजिक सञ्जाल बन्दविरुद्ध अनलाइन टिभी पत्रकार आन्दोलित,सामाजिक सञ्जाल बन्दविरुद्ध अनलाइन टिभी पत्रकार आन्दोलित,ehimalayatimes.com,local_file:GDELT_DOC_query_Maitighar_Baneshwor_Singha_Durbar,,excluded,published_at_or_seen_at_is_at_or_after_2025-09-08T00:00:00
external_excluded_9ca643eee0398abd,GDELT,gdelt_doc,kathmandupost.com,news_index,https://kathmandupost.com/editorial/2025/09/07/shutting-apps-unleashing-anger,2025-09-08 04:30:00,English,Nepal,"Shutting apps , unleashing anger","Shutting apps , unleashing anger",kathmandupost.com,local_file:GDELT_DOC_query_Maitighar_Baneshwor_Singha_Durbar,,excluded,published_at_or_seen_at_is_at_or_after_2025-09-08T00:00:00
external_excluded_b4bf40a84fc80e82,GDELT,gdelt_doc,annapurnapost.com,news_index,https://www.annapurnapost.com/story/485635/,2025-09-08 04:15:00,Nepali,Nepal,माग पूरा नभए फेरि आन्दोलन गर्ने उखु किसानको चेतावनी,माग पूरा नभए फेरि आन्दोलन गर्ने उखु किसानको चेतावनी,annapurnapost.com,local_file:GDELT_DOC_query_Maitighar_Baneshwor_Singha_Durbar,,excluded,published_at_or_seen_at_is_at_or_after_2025-09-08T00:00:00
external_excluded_9a0c7709bb9f02f4,GDELT,gdelt_doc,kathmandupost.com,news_index,https://kathmandupost.com/health/2025/09/08/singha-durbar-premises-teeming-with-dengue-mosquito-larvae,2025-09-08 03:45:00,English,Nepal,Singha Durbar premises teeming with dengue mosquito larvae,Singha Durbar premises teeming with dengue mosquito larvae,kathmandupost.com,local_file:GDELT_DOC_query_Maitighar_Baneshwor_Singha_Durbar,,excluded,published_at_or_seen_at_is_at_or_after_2025-09-08T00:00:00
external_excluded_380d58bf95ec7d48,GDELT,gdelt_doc,ratopati.com,news_index,https://www.ratopati.com/story/511829/genjis-protest-against-corruption-today-warning-that-political-interference-will-not-be-acceptable,2025-09-08 02:30:00,Nepali,Nepal,"भ्रष्टाचारविरुद्ध जेनजीको प्रदर्शन आज , राजनीतिक हस्तक्षेप स्वीकार्य नहुने चेतावनी | Nepal first 24 - hour updated news portal","भ्रष्टाचारविरुद्ध जेनजीको प्रदर्शन आज , राजनीतिक हस्तक्षेप स्वीकार्य नहुने चेतावनी | Nepal first 24 - hour updated news portal",ratopati.com,local_file:GDELT_DOC_query_Maitighar_Baneshwor_Singha_Durbar,,excluded,published_at_or_seen_at_is_at_or_after_2025-09-08T00:00:00
external_excluded_0c9834c797f94dcd,GDELT,gdelt_doc,ratopati.com,news_index,https://www.ratopati.com/story/511830/ratopatis-letter-to-the-aware-brothers-and-sisters-of-the-gen-g-generation,2025-09-08 02:30:00,Nepali,Nepal,जेनजी पुस्ताका जागरूक भाइबहिनीलाई रातोपाटीको पत्र | Nepal first 24 - hour updated news portal,जेनजी पुस्ताका जागरूक भाइबहिनीलाई रातोपाटीको पत्र | Nepal first 24 - hour updated news portal,ratopati.com,local_file:GDELT_DOC_query_Maitighar_Baneshwor_Singha_Durbar,,excluded,published_at_or_seen_at_is_at_or_after_2025-09-08T00:00:00
gdelt_9573354efecae059,GDELT,gdelt_doc,ekantipur.com,news_index,https://ekantipur.com/news/2025/09/07/gen-g-against-corruption-from-digital-to-street-29-55.html,2025-09-07 17:30:00,Nepali,Nepal,भ्रष्टाचारविरुद्ध जेन – जी : डिजिटलदेखि सडकसम्म,भ्रष्टाचारविरुद्ध जेन – जी : डिजिटलदेखि सडकसम्म,ekantipur.com,local_file:GDELT_DOC_query_Maitighar_Baneshwor_Singha_Durbar,,included,
gdelt_31a590421b9e1744,GDELT,gdelt_doc,ratopati.com,news_index,https://www.ratopati.com/story/511808/10-news-at-10,2025-09-07 17:00:00,Nepali,Nepal,"१० बजे १० समाचार : जेनजीको आन्दोलनमा चौतर्फी समर्थन , घुसपैठ हुनसक्ने प्रशासनको चिन्ता | Nepal first 24 - hour updated news portal","१० बजे १० समाचार : जेनजीको आन्दोलनमा चौतर्फी समर्थन , घुसपैठ हुनसक्ने प्रशासनको चिन्ता | Nepal first 24 - hour updated news portal",ratopati.com,local_file:GDELT_DOC_query_Maitighar_Baneshwor_Singha_Durbar,,included,
gdelt_f24df44a54ef6020,GDELT,gdelt_doc,freepressjournal.in,news_index,https://www.freepressjournal.in/world/nation-being-undermined-cannot-be-tolerated-says-nepal-pm-kp-sharma-oli-on-social-media-ban,2025-09-07 15:45:00,English,Nepal,"Nation Being Undermined Cannot Be Tolerated , Says Nepal PM KP Sharma Oli On Social Media Ban","Nation Being Undermined Cannot Be Tolerated , Says Nepal PM KP Sharma Oli On Social Media Ban",freepressjournal.in,local_file:GDELT_DOC_query_Maitighar_Baneshwor_Singha_Durbar,,included,
external_excluded_fc9c48c7f02988e6,GDELT,gdelt_doc,onlinekhabar.com,news_index,https://www.onlinekhabar.com/2025/09/1758427/durga-prasais-status-causes-uproar-in-the-genji-group,2025-09-07 15:00:00,Nepali,Nepal,दुर्गा प्रसाईंको स्टाटसले जेनजी समूहमा खैलाबैला,दुर्गा प्रसाईंको स्टाटसले जेनजी समूहमा खैलाबैला,onlinekhabar.com,local_file:GDELT_DOC_query_Maitighar_Baneshwor_Singha_Durbar,,excluded,not_relevant_after_nepal_anchor_and_trigger_filter
external_excluded_0b7e5b29bd7ca43b,GDELT,gdelt_doc,onlinekhabar.com,news_index,https://www.onlinekhabar.com/2025/09/1758472/the-government-shut-down-discord-and-reddit-but-genji-joined-forces-using-those-as-a-medium,2025-09-07 15:00:00,Nepali,Nepal,"सरकारले डिस्कर्ड र रेडिट बन्द गरायो , जेनजी तिनैलाई माध्यम बनाएर जुटे","सरकारले डिस्कर्ड र रेडिट बन्द गरायो , जेनजी तिनैलाई माध्यम बनाएर जुटे",onlinekhabar.com,local_file:GDELT_DOC_query_Maitighar_Baneshwor_Singha_Durbar,,excluded,not_relevant_after_nepal_anchor_and_trigger_filter
gdelt_e194bd3e0badbc5a,GDELT,gdelt_doc,onlinekhabar.com,news_index,https://www.onlinekhabar.com/2025/09/1758496/genjis-performance-could-be-a-challenge-administration-is-formulating-a-security-strategy,2025-09-07 15:00:00,Nepali,Nepal,"चुनौती बन्नसक्छ जेनजीको प्रदर्शन , सुरक्षा रणनीति बनाउँदै प्रशासन","चुनौती बन्नसक्छ जेनजीको प्रदर्शन , सुरक्षा रणनीति बनाउँदै प्रशासन",onlinekhabar.com,local_file:GDELT_DOC_query_Maitighar_Baneshwor_Singha_Durbar,,included,
external_excluded_e6d50a59c6b4af63,GDELT,gdelt_doc,ratopati.com,news_index,https://www.ratopati.com/story/511763/nepo-baby-winner-people-loser-youth-from-network-to-street,2025-09-07 13:45:00,Nepali,Nepal,"नेपो बेबी विनर , जनता लुजर : सञ्जालदेखि सडकसम्म युवा | Nepal first 24 - hour updated news portal","नेपो बेबी विनर , जनता लुजर : सञ्जालदेखि सडकसम्म युवा | Nepal first 24 - hour updated news portal",ratopati.com,local_file:GDELT_DOC_query_Maitighar_Baneshwor_Singha_Durbar,,excluded,not_relevant_after_nepal_anchor_and_trigger_filter
external_excluded_4fd4f4c83eeb6864,GDELT,gdelt_doc,ratopati.com,news_index,https://www.ratopati.com/story/511720/child-dies-due-to-electrocution-demand-for-strict-action-against-the-culprits,2025-09-07 10:15:00,Nepali,Nepal,करेन्ट लागेर बालकको मृत्यु : दोषीलाई कडा कारबाही गर्न माग | Nepal first 24 - hour updated news portal,करेन्ट लागेर बालकको मृत्यु : दोषीलाई कडा कारबाही गर्न माग | Nepal first 24 - hour updated news portal,ratopati.com,local_file:GDELT_DOC_query_Maitighar_Baneshwor_Singha_Durbar,,excluded,not_relevant_after_nepal_anchor_and_trigger_filter
gdelt_36bfb47c0f857fe2,GDELT,gdelt_doc,ratopati.com,news_index,https://www.ratopati.com/story/511709/durga-prasai-will-also-participate-in-the-jng-generations-movement,2025-09-07 09:15:00,Nepali,Nepal,जेनजी पुस्ताको आन्दोलनमा दुर्गा प्रसाईं पनि सहभागी हुने | Nepal first 24 - hour updated news portal,जेनजी पुस्ताको आन्दोलनमा दुर्गा प्रसाईं पनि सहभागी हुने | Nepal first 24 - hour updated news portal,ratopati.com,local_file:GDELT_DOC_query_Maitighar_Baneshwor_Singha_Durbar,,included,
gdelt_b112237379d5cbb6,GDELT,gdelt_doc,karobardaily.com,news_index,https://www.karobardaily.com/news/299946,2025-09-05 06:45:00,Nepali,Nepal,"सामाजिक सञ्जाल बन्द गर्ने सरकारको निर्णयले सर्वत्र चासो , चिन्ता र विरोध «","सामाजिक सञ्जाल बन्द गर्ने सरकारको निर्णयले सर्वत्र चासो , चिन्ता र विरोध «",karobardaily.com,local_file:GDELT_DOC_query_Maitighar_Baneshwor_Singha_Durbar,,included,
external_excluded_a19dc236bee32b3a,GDELT,gdelt_doc,onlinekhabar.com,news_index,https://www.onlinekhabar.com/2025/08/1753948/jhalanath-ghanshyam-faction-leaders-hold-separate-discussions,2025-08-31 14:00:00,Nepali,Nepal,छुट्टै छलफलमा जुटे झलनाथ - घनश्याम पक्षीय नेताहरू,छुट्टै छलफलमा जुटे झलनाथ - घनश्याम पक्षीय नेताहरू,onlinekhabar.com,local_file:GDELT_DOC_query_Maitighar_Baneshwor_Singha_Durbar,,excluded,not_relevant_after_nepal_anchor_and_trigger_filter
external_excluded_32aa875f43cdc1b7,GDELT,gdelt_doc,ratopati.com,news_index,https://www.ratopati.com/story/510331/jhalanath-ghanshyam-bhusal-group-in-discussion-to-counter-madhav,2025-08-31 11:45:00,Nepali,Nepal,माधवलाई काउन्टर दिन झलनाथ – घनश्याम भुसाल समूह छलफलमा | Nepal first 24 - hour updated news portal,माधवलाई काउन्टर दिन झलनाथ – घनश्याम भुसाल समूह छलफलमा | Nepal first 24 - hour updated news portal,ratopati.com,local_file:GDELT_DOC_query_Maitighar_Baneshwor_Singha_Durbar,,excluded,not_relevant_after_nepal_anchor_and_trigger_filter
external_excluded_194eb1333c74185a,GDELT,gdelt_doc,kathmandupost.com,news_index,https://kathmandupost.com/columns/2025/08/31/of-nepali-theatre-and-performance,2025-08-31 06:15:00,English,Nepal,Of Nepali theatre and performance,Of Nepali theatre and performance,kathmandupost.com,local_file:GDELT_DOC_query_Maitighar_Baneshwor_Singha_Durbar,,excluded,not_relevant_after_nepal_anchor_and_trigger_filter
external_excluded_9e12fe6c29f6ea1e,GDELT,gdelt_doc,ratopati.com,news_index,https://www.ratopati.com/story/510219/congresss-many-excuses-for-not-being-able-to-hold-the-general-convention-on-time,2025-08-31 04:45:00,Nepali,Nepal,समयमै महाधिवेशन गर्न नसक्ने कांग्रेसका अनेक बहाना | Nepal first 24 - hour updated news portal,समयमै महाधिवेशन गर्न नसक्ने कांग्रेसका अनेक बहाना | Nepal first 24 - hour updated news portal,ratopati.com,local_file:GDELT_DOC_query_Maitighar_Baneshwor_Singha_Durbar,,excluded,not_relevant_after_nepal_anchor_and_trigger_filter
external_excluded_cc8d7f4c40ba2c70,GDELT,gdelt_doc,ehimalayatimes.com,news_index,https://ehimalayatimes.com/2025/08/372775/,2025-08-30 00:30:00,Nepali,Nepal,"कम्बोडियामा तीज पर्वः आस्था , नारी शक्ति र सांस्कृतिक एकताको उत्सव","कम्बोडियामा तीज पर्वः आस्था , नारी शक्ति र सांस्कृतिक एकताको उत्सव",ehimalayatimes.com,local_file:GDELT_DOC_query_Maitighar_Baneshwor_Singha_Durbar,,excluded,not_relevant_after_nepal_anchor_and_trigger_filter
external_excluded_6557b116ddb5b5ab,GDELT,gdelt_doc,ratopati.com,news_index,https://www.ratopati.com/story/509933/the-historical-fact-that-the-kali-river-is-nepals-western-border-cannot-be-a-matter-of-dispute-rashtriya-swayamsevak-sangh-rss,2025-08-29 09:15:00,Nepali,Nepal,नेपालको पश्चिमी सीमा काली नदी ठहरिएको ऐतिहासिक तथ्य कुनै विवादको विषय बन्न सक्दैन : रास्वपा | Nepal first 24 - hour updated news portal,नेपालको पश्चिमी सीमा काली नदी ठहरिएको ऐतिहासिक तथ्य कुनै विवादको विषय बन्न सक्दैन : रास्वपा | Nepal first 24 - hour updated news portal,ratopati.com,local_file:GDELT_DOC_query_Maitighar_Baneshwor_Singha_Durbar,,excluded,not_relevant_after_nepal_anchor_and_trigger_filter
external_excluded_3822dc0cefbae455,GDELT,gdelt_doc,karobardaily.com,news_index,https://www.karobardaily.com/news/296544,2025-08-29 05:30:00,Nepali,Nepal,उद्यमशीलता प्रवर्द्धन गर्ने नीति आवश्यक «,उद्यमशीलता प्रवर्द्धन गर्ने नीति आवश्यक «,karobardaily.com,local_file:GDELT_DOC_query_Maitighar_Baneshwor_Singha_Durbar,,excluded,not_relevant_after_nepal_anchor_and_trigger_filter
external_excluded_c08812f2e139964a,GDELT,gdelt_doc,ekantipur.com,news_index,https://ekantipur.com/news/2025/08/29/the-government-reduced-the-subsidy-to-sugarcane-farmers-by-half-because-the-ministry-of-finance-said-there-is-no-money-in-dhukuti-18-18.html,2025-08-29 02:30:00,Nepali,Nepal,"सरकारले उखु किसानको अनुदान आधा घटायो , किनकि अर्थ मन्त्रालयले भन्यो - ढुकुटीमा पैसा छैन","सरकारले उखु किसानको अनुदान आधा घटायो , किनकि अर्थ मन्त्रालयले भन्यो - ढुकुटीमा पैसा छैन",ekantipur.com,local_file:GDELT_DOC_query_Maitighar_Baneshwor_Singha_Durbar,,excluded,not_relevant_after_nepal_anchor_and_trigger_filter
external_excluded_14854250c46dae99,GDELT,gdelt_doc,annapurnapost.com,news_index,https://www.annapurnapost.com/story/484917/,2025-08-27 03:30:00,Nepali,Nepal,सौभाग्य प्राप्तिका लागि हरितालिका पर्व,सौभाग्य प्राप्तिका लागि हरितालिका पर्व,annapurnapost.com,local_file:GDELT_DOC_query_Maitighar_Baneshwor_Singha_Durbar,,excluded,not_relevant_after_nepal_anchor_and_trigger_filter
gdelt_b2841a26fb787ebd,GDELT,gdelt_doc,onlinekhabar.com,news_index,https://www.onlinekhabar.com/2025/08/1750994/the-movement-of-the-victims-reaches-the-family-home-the-leaders-reach-there-to-take-them,2025-08-26 15:30:00,Nepali,Nepal,"माइतीघर पुग्छ पीडितको आन्दोलन , जस लिन आउँछन् नेता","माइतीघर पुग्छ पीडितको आन्दोलन , जस लिन आउँछन् नेता",onlinekhabar.com,local_file:GDELT_DOC_query_Maitighar_Baneshwor_Singha_Durbar,,included,
external_excluded_fb349aa36e4db418,GDELT,gdelt_doc,onlinekhabar.com,news_index,https://www.onlinekhabar.com/2025/08/1750793/sugarcane-prices-should-be-fixed-on-time-baburam-bhattarai,2025-08-26 13:30:00,Nepali,Nepal,उखुको मूल्य बेलैमा तोक्नुपर्छ : बाबुराम भट्टराई,उखुको मूल्य बेलैमा तोक्नुपर्छ : बाबुराम भट्टराई,onlinekhabar.com,local_file:GDELT_DOC_query_Maitighar_Baneshwor_Singha_Durbar,,excluded,not_relevant_after_nepal_anchor_and_trigger_filter
external_excluded_4c4b1deac88bb9de,GDELT,gdelt_doc,karobardaily.com,news_index,https://www.karobardaily.com/news/296321,2025-08-26 12:45:00,Nepali,Nepal,उखु किसानको अनुदान दिन ७० करोड निकासा «,उखु किसानको अनुदान दिन ७० करोड निकासा «,karobardaily.com,local_file:GDELT_DOC_query_Maitighar_Baneshwor_Singha_Durbar,,excluded,not_relevant_after_nepal_anchor_and_trigger_filter
external_excluded_3ef90d90f679a761,GDELT,gdelt_doc,thehimalayantimes.com,news_index,https://thehimalayantimes.com/kathmandu/koicas-30-years-in-nepal-is-a-journey-of-partnership-trust-and-shared-vision,2025-08-26 06:30:00,English,Nepal,"KOICA 30 Years in Nepal is a Journey of partnership , trust , and shared vision","KOICA 30 Years in Nepal is a Journey of partnership , trust , and shared vision",thehimalayantimes.com,local_file:GDELT_DOC_query_Maitighar_Baneshwor_Singha_Durbar,,excluded,not_relevant_after_nepal_anchor_and_trigger_filter
external_excluded_b390abe10c46fba7,GDELT,gdelt_doc,asianews.network,news_index,https://asianews.network/nepal-vietnam-eye-deeper-economic-and-cultural-ties/,2025-08-26 03:30:00,English,Nepal,"Nepal , Vietnam eye deeper economic and cultural ties","Nepal , Vietnam eye deeper economic and cultural ties",asianews.network,local_file:GDELT_DOC_query_Maitighar_Baneshwor_Singha_Durbar,,excluded,not_relevant_after_nepal_anchor_and_trigger_filter
external_excluded_4ca425873b3aa209,GDELT,gdelt_doc,laosnews.net,news_index,http://www.laosnews.net/news/278532287/vietnamese-vice-prez-tours-unesco-heritage-site-in-nepal-as-she-wraps-her-visit,2025-08-25 22:15:00,English,Nepal,Vietnamese Vice Prez tours UNESCO heritage site in Nepal as she wraps her visit,Vietnamese Vice Prez tours UNESCO heritage site in Nepal as she wraps her visit,laosnews.net,local_file:GDELT_DOC_query_Maitighar_Baneshwor_Singha_Durbar,,excluded,not_relevant_after_nepal_anchor_and_trigger_filter
external_excluded_bbfb7192b3d7c9db,GDELT,gdelt_doc,cambodiantimes.com,news_index,http://www.cambodiantimes.com/news/278532287/vietnamese-vice-prez-tours-unesco-heritage-site-in-nepal-as-she-wraps-her-visit,2025-08-25 20:30:00,English,Nepal,Vietnamese Vice Prez tours UNESCO heritage site in Nepal as she wraps her visit,Vietnamese Vice Prez tours UNESCO heritage site in Nepal as she wraps her visit,cambodiantimes.com,local_file:GDELT_DOC_query_Maitighar_Baneshwor_Singha_Durbar,,excluded,not_relevant_after_nepal_anchor_and_trigger_filter
external_excluded_3d38a4ea3c19526d,GDELT,gdelt_doc,news.webindia123.com,news_index,https://news.webindia123.com/news/Articles/World/20250825/4353864.html,2025-08-25 18:00:00,English,Nepal,Vietnamese Vice Prez tours UNESCO heritage site in Nepal as she wraps her visit,Vietnamese Vice Prez tours UNESCO heritage site in Nepal as she wraps her visit,news.webindia123.com,local_file:GDELT_DOC_query_Maitighar_Baneshwor_Singha_Durbar,,excluded,not_relevant_after_nepal_anchor_and_trigger_filter
external_excluded_eea46fcdce2dc9d5,GDELT,gdelt_doc,kathmandupost.com,news_index,https://kathmandupost.com/national/2025/08/25/nepal-vietnam-eye-deeper-economic-and-cultural-ties,2025-08-25 09:00:00,English,Nepal,"Nepal , Vietnam eye deeper economic and cultural ties","Nepal , Vietnam eye deeper economic and cultural ties",kathmandupost.com,local_file:GDELT_DOC_query_Maitighar_Baneshwor_Singha_Durbar,,excluded,not_relevant_after_nepal_anchor_and_trigger_filter
external_excluded_cc5b4a1c743cadd7,GDELT,gdelt_doc,ehimalayatimes.com,news_index,https://ehimalayatimes.com/2025/08/371343/,2025-08-25 02:00:00,Nepali,Nepal,गुलियो बालीको अमिलो पीडा,गुलियो बालीको अमिलो पीडा,ehimalayatimes.com,local_file:GDELT_DOC_query_Maitighar_Baneshwor_Singha_Durbar,,excluded,not_relevant_after_nepal_anchor_and_trigger_filter
external_excluded_6518cb2ce1036ea9,GDELT,gdelt_doc,tiempo.hn,news_index,https://tiempo.hn/acciones-colectivos-libre-amenazan-enfermeras-por-tomas/,2025-09-09 00:00:00,Spanish,Nepal,Colectivos de Libre amenazan a enfermeras por tomas,Colectivos de Libre amenazan a enfermeras por tomas,tiempo.hn,local_file:GDELT_DOC_query_Nepal_social_media_ban _Gen Z _corruption,,excluded,published_at_or_seen_at_is_at_or_after_2025-09-08T00:00:00
external_excluded_f6fb87b3461b94dc,GDELT,gdelt_doc,thejakartapost.com,news_index,https://www.thejakartapost.com/indonesia/2025/09/08/jakarta-council-housing-perks-triggers-another-uproar.html,2025-09-09 00:00:00,English,Nepal,Jakarta council housing perks triggers another uproar - Jakarta,Jakarta council housing perks triggers another uproar - Jakarta,thejakartapost.com,local_file:GDELT_DOC_query_Nepal_social_media_ban _Gen Z _corruption,,excluded,published_at_or_seen_at_is_at_or_after_2025-09-08T00:00:00
external_excluded_c789f51b054b3cf0,GDELT,gdelt_doc,larepublica.pe,news_index,https://larepublica.pe/sociedad/2025/09/08/empresa-de-chofer-asesinado-en-sjm-pagaba-por-extorsiones-aseguran-companeros-donde-esta-el-dinero-599680,2025-09-09 00:00:00,Spanish,Nepal,"Empresa de chofer asesinado en SJM pagaba por extorsiones , aseguran compañeros : ¿ Dónde está el dinero ? | Sociedad","Empresa de chofer asesinado en SJM pagaba por extorsiones , aseguran compañeros : ¿ Dónde está el dinero ? | Sociedad",larepublica.pe,local_file:GDELT_DOC_query_Nepal_social_media_ban _Gen Z _corruption,,excluded,published_at_or_seen_at_is_at_or_after_2025-09-08T00:00:00
external_excluded_66c85044b04a0ff8,GDELT,gdelt_doc,telegrafi.com,news_index,https://telegrafi.com/en/fjalimi-hygoit-ne-100-vjetorin-e-vdekjes-se-volterit/,2025-09-09 00:00:00,English,Nepal,"Hugo speech , on the 100th anniversary of Voltaire death","Hugo speech , on the 100th anniversary of Voltaire death",telegrafi.com,local_file:GDELT_DOC_query_Nepal_social_media_ban _Gen Z _corruption,,excluded,published_at_or_seen_at_is_at_or_after_2025-09-08T00:00:00
external_excluded_62473382a895fbf8,GDELT,gdelt_doc,understandingwar.org,news_index,http://understandingwar.org/about-isw/,2025-09-09 00:00:00,English,Nepal,About ISW - Institute for the Study of War,About ISW - Institute for the Study of War,understandingwar.org,local_file:GDELT_DOC_query_Nepal_social_media_ban _Gen Z _corruption,,excluded,published_at_or_seen_at_is_at_or_after_2025-09-08T00:00:00
external_excluded_2630f47c62e6c5ae,GDELT,gdelt_doc,kreiszeitung.de,news_index,https://www.kreiszeitung.de/politik/us-regierung-kuendigt-einsatz-gegen-migranten-in-chicago-an-zr-93924190.html,2025-09-09 00:00:00,German,Nepal,US - Regierung kündigt Einsatz gegen Migranten in Chicago an,US - Regierung kündigt Einsatz gegen Migranten in Chicago an,kreiszeitung.de,local_file:GDELT_DOC_query_Nepal_social_media_ban _Gen Z _corruption,,excluded,published_at_or_seen_at_is_at_or_after_2025-09-08T00:00:00
external_excluded_6c11277054dd5c7c,GDELT,gdelt_doc,singletonargus.com.au,news_index,https://www.singletonargus.com.au/story/9052783/why-solo-travel-isnt-for-everyone/,2025-09-09 00:00:00,English,Nepal,Why solo travel isnt for everyone | The Singleton Argus,Why solo travel isnt for everyone | The Singleton Argus,singletonargus.com.au,local_file:GDELT_DOC_query_Nepal_social_media_ban _Gen Z _corruption,,excluded,published_at_or_seen_at_is_at_or_after_2025-09-08T00:00:00
external_excluded_e6b69c4f15602a56,GDELT,gdelt_doc,dnes.bg,news_index,https://www.dnes.bg/a/2-svyat/692237-razmiritsi-v-nepal-zaradi-blokirane-na-sotsialni-mrezhi-ima-zaginali,2025-09-09 00:00:00,Bulgarian,Nepal,"Размирици в Непал заради блокиране на социални мрежи , има загинали","Размирици в Непал заради блокиране на социални мрежи , има загинали",dnes.bg,local_file:GDELT_DOC_query_Nepal_social_media_ban _Gen Z _corruption,,excluded,published_at_or_seen_at_is_at_or_after_2025-09-08T00:00:00
external_excluded_80087aab38d73862,GDELT,gdelt_doc,larepublica.pe,news_index,https://larepublica.pe:443/politica/2025/09/08/silvana-carrion-soy-una-persona-incomoda-para-rafael-lopez-aliaga-que-no-conviene-a-sus-intereses-caso-lava-jato-hnews-141928,2025-09-09 00:00:00,Spanish,Nepal,"Silvana Carrión : Soy una persona incómoda para Rafael López Aliaga , que no conviene a sus intereses","Silvana Carrión : Soy una persona incómoda para Rafael López Aliaga , que no conviene a sus intereses",larepublica.pe,local_file:GDELT_DOC_query_Nepal_social_media_ban _Gen Z _corruption,,excluded,published_at_or_seen_at_is_at_or_after_2025-09-08T00:00:00
external_excluded_4d9f58fff10b63db,GDELT,gdelt_doc,almasryalyoum.com,news_index,https://www.almasryalyoum.com/news/details/3544814,2025-09-09 00:00:00,Arabic,Nepal,« أداروا ظهورهم ».. جماهير إيطاليا تحرج إسرائيل احتجاجا على الأوضاع في غزة ( صور ),« أداروا ظهورهم ».. جماهير إيطاليا تحرج إسرائيل احتجاجا على الأوضاع في غزة ( صور ),almasryalyoum.com,local_file:GDELT_DOC_query_Nepal_social_media_ban _Gen Z _corruption,,excluded,published_at_or_seen_at_is_at_or_after_2025-09-08T00:00:00
external_excluded_4c48b0b4e9cb8b7e,GDELT,gdelt_doc,symboulos.gr,news_index,https://www.symboulos.gr/tag/kya-134328-2025/,2025-09-09 00:00:00,Greek,Nepal,ΚΥΑ 134328 / 2025 – Symboulos,ΚΥΑ 134328 / 2025 – Symboulos,symboulos.gr,local_file:GDELT_DOC_query_Nepal_social_media_ban _Gen Z _corruption,,excluded,published_at_or_seen_at_is_at_or_after_2025-09-08T00:00:00
external_excluded_d06832d37cc211b3,GDELT,gdelt_doc,mdzol.com,news_index,https://www.mdzol.com/mundo/esto-no-es-defenderse-no-es-ni-siquiera-atacar-es-exterminar-espana-anuncia-9-medidas-presion-israel-el-genocidio-gaza-n1332048,2025-09-09 00:00:00,Spanish,Nepal,"Esto no es defenderse , no es ni siquiera atacar , es exterminar : España anuncia 9 medidas de presión a Israel por el genocidio en Gaza","Esto no es defenderse , no es ni siquiera atacar , es exterminar : España anuncia 9 medidas de presión a Israel por el genocidio en Gaza",mdzol.com,local_file:GDELT_DOC_query_Nepal_social_media_ban _Gen Z _corruption,,excluded,published_at_or_seen_at_is_at_or_after_2025-09-08T00:00:00
external_excluded_ad189d87579ce11d,GDELT,gdelt_doc,larepublica.pe,news_index,https://larepublica.pe:443/politica/2025/09/08/alto-comisionado-de-la-onu-rechaza-ley-de-amnistia-frente-a-juan-santivanez-es-un-retroceso-para-la-justicia-y-la-verdad-hnews-534648,2025-09-09 00:00:00,Spanish,Nepal,Alto comisionado de la ONU rechaza Ley de Amnistía frente a Juan Santivez : Es un retroceso para la justicia y la verdad | HNEWS | Política,Alto comisionado de la ONU rechaza Ley de Amnistía frente a Juan Santivez : Es un retroceso para la justicia y la verdad | HNEWS | Política,larepublica.pe,local_file:GDELT_DOC_query_Nepal_social_media_ban _Gen Z _corruption,,excluded,published_at_or_seen_at_is_at_or_after_2025-09-08T00:00:00
external_excluded_7ac8559437563712,GDELT,gdelt_doc,mdzol.com,news_index,https://www.mdzol.com/politica/tras-el-reves-pba-el-gobierno-comienza-manana-llamar-los-gobernadores-y-prepara-anuncios-n1332419,2025-09-09 00:00:00,Spanish,Nepal,"Tras el revés en PBA , el Gobierno comienza mañana a llamar a los gobernadores y prepara anuncios","Tras el revés en PBA , el Gobierno comienza mañana a llamar a los gobernadores y prepara anuncios",mdzol.com,local_file:GDELT_DOC_query_Nepal_social_media_ban _Gen Z _corruption,,excluded,published_at_or_seen_at_is_at_or_after_2025-09-08T00:00:00
external_excluded_3012e75fd4ecd196,GDELT,gdelt_doc,globalmedia.mx,news_index,https://www.globalmedia.mx/articles/aguas_negras_y_amenazas_la_crisis_en_villas_del_potosi_no_cede,2025-09-09 00:00:00,Spanish,Nepal,Aguas negras y amenazas : la crisis en Villas del Potosí no cede,Aguas negras y amenazas : la crisis en Villas del Potosí no cede,globalmedia.mx,local_file:GDELT_DOC_query_Nepal_social_media_ban _Gen Z _corruption,,excluded,published_at_or_seen_at_is_at_or_after_2025-09-08T00:00:00
external_excluded_346320a551879e59,GDELT,gdelt_doc,tribuneindia.com,news_index,https://www.tribuneindia.com/news/india/v-p-election-former-judges-criticise-justice-bs-reddy-for-meeting-fodder-scam/,2025-09-09 00:00:00,English,Nepal,V - P election : Former judges criticise Justice BS Reddy for meeting fodder scam,V - P election : Former judges criticise Justice BS Reddy for meeting fodder scam,tribuneindia.com,local_file:GDELT_DOC_query_Nepal_social_media_ban _Gen Z _corruption,,excluded,published_at_or_seen_at_is_at_or_after_2025-09-08T00:00:00
external_excluded_16896129606eb4b2,GDELT,gdelt_doc,shikoku-np.co.jp,news_index,http://www.shikoku-np.co.jp/national/international/article.aspx?id=20250909000048,2025-09-09 00:00:00,Japanese,Nepal,人種に基づく移民摘発を容認 ／ 米最高裁 、 下級審判断覆す | 全国ニュース,人種に基づく移民摘発を容認 ／ 米最高裁 、 下級審判断覆す | 全国ニュース,shikoku-np.co.jp,local_file:GDELT_DOC_query_Nepal_social_media_ban _Gen Z _corruption,,excluded,published_at_or_seen_at_is_at_or_after_2025-09-08T00:00:00
external_excluded_a277becb6099a9f8,GDELT,gdelt_doc,theguardian.com,news_index,https://www.theguardian.com/us-news/2025/sep/09/trump-state-visit-will-see-police-drones-and-airspace-limits-over-windsor,2025-09-09 00:00:00,English,Nepal,Trump state visit will see police drones and airspace limits over Windsor,Trump state visit will see police drones and airspace limits over Windsor,theguardian.com,local_file:GDELT_DOC_query_Nepal_social_media_ban _Gen Z _corruption,,excluded,published_at_or_seen_at_is_at_or_after_2025-09-08T00:00:00
external_excluded_0d7ca24997525365,GDELT,gdelt_doc,nikkei.com,news_index,https://www.nikkei.com/article/DGXZQOCB090CG0Z00C25A9000000/,2025-09-09 00:00:00,Japanese,Nepal,人種に基づく移民摘発容認 米最高裁 、 下級審判断覆す,人種に基づく移民摘発容認 米最高裁 、 下級審判断覆す,nikkei.com,local_file:GDELT_DOC_query_Nepal_social_media_ban _Gen Z _corruption,,excluded,published_at_or_seen_at_is_at_or_after_2025-09-08T00:00:00
external_excluded_d529618a493f4b9a,GDELT,gdelt_doc,blayneychronicle.com.au,news_index,https://www.blayneychronicle.com.au/story/9052783/why-solo-travel-isnt-for-everyone/,2025-09-09 00:00:00,English,Nepal,Why solo travel isnt for everyone | Blayney Chronicle,Why solo travel isnt for everyone | Blayney Chronicle,blayneychronicle.com.au,local_file:GDELT_DOC_query_Nepal_social_media_ban _Gen Z _corruption,,excluded,published_at_or_seen_at_is_at_or_after_2025-09-08T00:00:00
external_excluded_fa75d1ad8169dd13,GDELT,gdelt_doc,ideal.es,news_index,https://www.ideal.es/opinion/editorial-veto-militar-israel-20250909230546-nt.html,2025-09-09 00:00:00,Spanish,Nepal,Veto militar a Israel,Veto militar a Israel,ideal.es,local_file:GDELT_DOC_query_Nepal_social_media_ban _Gen Z _corruption,,excluded,published_at_or_seen_at_is_at_or_after_2025-09-08T00:00:00
external_excluded_08ddfb05cc77ea7f,GDELT,gdelt_doc,yahoo.com,news_index,https://www.yahoo.com/news/articles/next-china-xi-says-global-220000923.html,2025-09-09 00:00:00,English,Nepal,"What Next After China Xi Says , Global Governance Has Come To A New Crossroads","What Next After China Xi Says , Global Governance Has Come To A New Crossroads",yahoo.com,local_file:GDELT_DOC_query_Nepal_social_media_ban _Gen Z _corruption,,excluded,published_at_or_seen_at_is_at_or_after_2025-09-08T00:00:00
external_excluded_164e4ed2a3ccc923,GDELT,gdelt_doc,fj-p.com,news_index,https://www.fj-p.com/413532/%D8%A8%D8%AD%D8%B3%D8%A7%D8%A8%D8%A7%D8%AA-%D8%A7%D9%84%D8%B9%D8%B5%D8%A7%D8%A8%D8%A9-%D9%81%D9%8A-%D8%A7%D9%84%D8%AE%D8%A7%D8%B1%D8%AC-%D9%85%D8%B1%D8%A7%D8%B3%D9%8A-%D8%B1%D9%8A%D8%AF/,2025-09-09 00:00:00,Arabic,Nepal,بحسابات العصابة في الخارج .. مراسي ريد – الغردقة تفريط جديد مثل رأسي الحكمة و بناس,بحسابات العصابة في الخارج .. مراسي ريد – الغردقة تفريط جديد مثل رأسي الحكمة و بناس,fj-p.com,local_file:GDELT_DOC_query_Nepal_social_media_ban _Gen Z _corruption,,excluded,published_at_or_seen_at_is_at_or_after_2025-09-08T00:00:00
external_excluded_00d6ce5cf721d142,GDELT,gdelt_doc,turnto10.com,news_index,https://turnto10.com/i-team/consumer-advocate/ai-powered-shopping-assistants-changing-the-way-consumers-shop-interact-associate-increase-chat-gpt-price-shopping-september-8-2025,2025-09-09 00:00:00,English,Nepal,AI - powered shopping assistants changing the way consumers shop,AI - powered shopping assistants changing the way consumers shop,turnto10.com,local_file:GDELT_DOC_query_Nepal_social_media_ban _Gen Z _corruption,,excluded,published_at_or_seen_at_is_at_or_after_2025-09-08T00:00:00
external_excluded_a67701e298367c71,GDELT,gdelt_doc,emol.com,news_index,https://www.emol.com/noticias/Nacional/2025/09/08/1177308/lagos-pugna-oficialista-programa-jara.html,2025-09-09 00:00:00,Spanish,Nepal,¿ Representa el ideario del PC ?: La mirada de Lagos sobre el programa de Jara que incomodó al oficialismo y al comando,¿ Representa el ideario del PC ?: La mirada de Lagos sobre el programa de Jara que incomodó al oficialismo y al comando,emol.com,local_file:GDELT_DOC_query_Nepal_social_media_ban _Gen Z _corruption,,excluded,published_at_or_seen_at_is_at_or_after_2025-09-08T00:00:00
external_excluded_4258fccfb404d420,GDELT,gdelt_doc,giaoducthoidai.vn,news_index,https://giaoducthoidai.vn/tu-vi-12-con-giap-ngay-99-dan-tien-bac-rung-rinh-het-roi-lai-co-hoi-lam-dau-thang-do-post747532.html,2025-09-09 00:00:00,Vietnamese,Nepal,"Tử vi 12 con giáp ngày 9 / 9 : Dần tiền rủng rỉnh , Hợi thành công vượt mong đợi","Tử vi 12 con giáp ngày 9 / 9 : Dần tiền rủng rỉnh , Hợi thành công vượt mong đợi",giaoducthoidai.vn,local_file:GDELT_DOC_query_Nepal_social_media_ban _Gen Z _corruption,,excluded,published_at_or_seen_at_is_at_or_after_2025-09-08T00:00:00
external_excluded_6b24bc1f1d132f0c,GDELT,gdelt_doc,ladepechedabidjan.info,news_index,https://ladepechedabidjan.info/2025/09/08/cote-divoire-un-professeur-qui-renie-sa-parole-ne-vaut-rien/,2025-09-09 00:00:00,French,Nepal,Un professeur qui renie sa parole ne vaut rien -,Un professeur qui renie sa parole ne vaut rien -,ladepechedabidjan.info,local_file:GDELT_DOC_query_Nepal_social_media_ban _Gen Z _corruption,,excluded,published_at_or_seen_at_is_at_or_after_2025-09-08T00:00:00
external_excluded_122f1b25007f8334,GDELT,gdelt_doc,understandingwar.org,news_index,https://understandingwar.org/research/russia-ukraine/russian-force-generation-and-technological-adaptations-update-august-25-2025/,2025-09-09 00:00:00,English,Nepal,"Russian Force Generation and Technological Adaptations Update , August 25 , 2025","Russian Force Generation and Technological Adaptations Update , August 25 , 2025",understandingwar.org,local_file:GDELT_DOC_query_Nepal_social_media_ban _Gen Z _corruption,,excluded,published_at_or_seen_at_is_at_or_after_2025-09-08T00:00:00
external_excluded_6bf9bf66cc5c10d5,GDELT,gdelt_doc,presstv.ir,news_index,https://www.presstv.ir/Detail/2025/09/08/754630/Palestine-Gaza-Israel-Cannes-South-Africa,2025-09-09 00:00:00,English,Nepal,"Over 1 , 300 actors , directors vow not to work with Israeli film groups implicated in genocide","Over 1 , 300 actors , directors vow not to work with Israeli film groups implicated in genocide",presstv.ir,local_file:GDELT_DOC_query_Nepal_social_media_ban _Gen Z _corruption,,excluded,published_at_or_seen_at_is_at_or_after_2025-09-08T00:00:00
external_excluded_94011769e8cef905,GDELT,gdelt_doc,missionlocal.org,news_index,https://missionlocal.org/2025/09/sf-750-million-emergency-transit-funding-state-loan/,2025-09-09 00:00:00,English,Nepal,$750M state loan to save Bay Area transit is back in play,$750M state loan to save Bay Area transit is back in play,missionlocal.org,local_file:GDELT_DOC_query_Nepal_social_media_ban _Gen Z _corruption,,excluded,published_at_or_seen_at_is_at_or_after_2025-09-08T00:00:00
external_excluded_1bb485913d3123dc,GDELT,gdelt_doc,larepublica.pe,news_index,https://larepublica.pe:443/sociedad/2025/09/08/empresa-de-chofer-asesinado-en-sjm-pagaba-por-extorsiones-aseguran-companeros-donde-esta-el-dinero-599680,2025-09-09 00:00:00,Spanish,Nepal,"Empresa de chofer asesinado en SJM pagaba por extorsiones , aseguran compañeros : ¿ Dónde está el dinero ? | Sociedad","Empresa de chofer asesinado en SJM pagaba por extorsiones , aseguran compañeros : ¿ Dónde está el dinero ? | Sociedad",larepublica.pe,local_file:GDELT_DOC_query_Nepal_social_media_ban _Gen Z _corruption,,excluded,published_at_or_seen_at_is_at_or_after_2025-09-08T00:00:00
external_excluded_c81ccd15ed24f183,GDELT,gdelt_doc,cdt.ch,news_index,https://www.cdt.ch/news/svizzera/contro-i-coloni-violenti-non-ci-saranno-sanzioni-405173,2025-09-09 00:00:00,Italian,Nepal,Contro i coloni violenti non ci saranno sanzioni,Contro i coloni violenti non ci saranno sanzioni,cdt.ch,local_file:GDELT_DOC_query_Nepal_social_media_ban _Gen Z _corruption,,excluded,published_at_or_seen_at_is_at_or_after_2025-09-08T00:00:00
external_excluded_f58aeaa725668f0a,GDELT,gdelt_doc,elaragueno.com.ve,news_index,https://elaragueno.com.ve/hallan-muerto-en-hotel-de-maracay-a-exfiscal-implicado-en-caso-de-corrupcion/,2025-09-09 00:00:00,Spanish,Nepal,Hallan muerto en hotel de Maracay a exfiscal implicado en caso de corrupción,Hallan muerto en hotel de Maracay a exfiscal implicado en caso de corrupción,elaragueno.com.ve,local_file:GDELT_DOC_query_Nepal_social_media_ban _Gen Z _corruption,,excluded,published_at_or_seen_at_is_at_or_after_2025-09-08T00:00:00
external_excluded_c850d185f2d14306,GDELT,gdelt_doc,zerkalo.az,news_index,https://zerkalo.az/v-stambule-nespokojno-storonniki-chp-protestuyut-protiv-naznacheniya-novogo-predsedatelya/,2025-09-09 00:00:00,Russian,Nepal,В Стамбуле неспокойно : сторонники CHP протестуют против назначения нового председателя,В Стамбуле неспокойно : сторонники CHP протестуют против назначения нового председателя,zerkalo.az,local_file:GDELT_DOC_query_Nepal_social_media_ban _Gen Z _corruption,,excluded,published_at_or_seen_at_is_at_or_after_2025-09-08T00:00:00
external_excluded_ec1e44b8ea251cd7,GDELT,gdelt_doc,thisdaylive.com,news_index,https://www.thisdaylive.com/2025/09/08/group-chides-sowore-over-igp-attacks-calls-for-ex-igp-alkalis-probe/,2025-09-09 00:00:00,English,Nepal,"Group Chides Sowore Over IGP Attacks , Calls for Ex - IGP Alkali Probe","Group Chides Sowore Over IGP Attacks , Calls for Ex - IGP Alkali Probe",thisdaylive.com,local_file:GDELT_DOC_query_Nepal_social_media_ban _Gen Z _corruption,,excluded,published_at_or_seen_at_is_at_or_after_2025-09-08T00:00:00
external_excluded_c35bb63ef297ae24,GDELT,gdelt_doc,zerkalo.az,news_index,https://zerkalo.az/v-tbilisi-u-izbiratelnogo-shtaba-kahi-kaladze-proizoshla-draka/,2025-09-09 00:00:00,Russian,Nepal,В Тбилиси у избирательного штаба Кахи Каладзе произошла драка,В Тбилиси у избирательного штаба Кахи Каладзе произошла драка,zerkalo.az,local_file:GDELT_DOC_query_Nepal_social_media_ban _Gen Z _corruption,,excluded,published_at_or_seen_at_is_at_or_after_2025-09-08T00:00:00
external_excluded_1fe7ed80ddd12ef8,GDELT,gdelt_doc,infobae.com,news_index,https://www.infobae.com/entretenimiento/2025/09/08/desde-emma-stone-hasta-mark-ruffalo-las-estrellas-de-hollywood-que-planean-un-boicot-contra-empresas-israelies/,2025-09-09 00:00:00,Spanish,Nepal,Desde Emma Stone hasta Mark Ruffalo : las estrellas de Hollywood que planean un boicot contra empresas israelíes,Desde Emma Stone hasta Mark Ruffalo : las estrellas de Hollywood que planean un boicot contra empresas israelíes,infobae.com,local_file:GDELT_DOC_query_Nepal_social_media_ban _Gen Z _corruption,,excluded,published_at_or_seen_at_is_at_or_after_2025-09-08T00:00:00
external_excluded_7647416a719a356b,GDELT,gdelt_doc,interaksyon.philstar.com,news_index,https://interaksyon.philstar.com/politics-issues/2025/09/09/301816/hontiveros-sotto-lacson-new-roles-senate/,2025-09-09 00:00:00,English,Nepal,"Tiwala ako : Hontiveros congratulates Sotto , Lacson for new roles in Senate","Tiwala ako : Hontiveros congratulates Sotto , Lacson for new roles in Senate",interaksyon.philstar.com,local_file:GDELT_DOC_query_Nepal_social_media_ban _Gen Z _corruption,,excluded,published_at_or_seen_at_is_at_or_after_2025-09-08T00:00:00
external_excluded_80b6b5a9c6ab9acf,GDELT,gdelt_doc,thisdaylive.com,news_index,https://www.thisdaylive.com/2025/09/08/abbas-edun-disagree-over-nigerias-rising-debt-profile/,2025-09-09 00:00:00,English,Nepal,"Abbas , Edun Disagree Over Nigeria Rising Debt Profile","Abbas , Edun Disagree Over Nigeria Rising Debt Profile",thisdaylive.com,local_file:GDELT_DOC_query_Nepal_social_media_ban _Gen Z _corruption,,excluded,published_at_or_seen_at_is_at_or_after_2025-09-08T00:00:00
external_excluded_147ce899093b2531,GDELT,gdelt_doc,t-online.de,news_index,https://www.t-online.de/nachrichten/ausland/id_100905702/us-regierung-kuendigt-einsatz-gegen-migranten-in-chicago-an.html,2025-09-09 00:00:00,German,Nepal,US - Regierung kündigt Einsatz gegen Migranten in Chicago an,US - Regierung kündigt Einsatz gegen Migranten in Chicago an,t-online.de,local_file:GDELT_DOC_query_Nepal_social_media_ban _Gen Z _corruption,,excluded,published_at_or_seen_at_is_at_or_after_2025-09-08T00:00:00
external_excluded_bde5eca7be57eb61,GDELT,gdelt_doc,tribuneindia.com,news_index,https://www.tribuneindia.com/news/delhi/delhi-police-officers-asked-to-appear-in-courts-physically/,2025-09-09 00:00:00,English,Nepal,Delhi Police officers asked to appear in courts physically,Delhi Police officers asked to appear in courts physically,tribuneindia.com,local_file:GDELT_DOC_query_Nepal_social_media_ban _Gen Z _corruption,,excluded,published_at_or_seen_at_is_at_or_after_2025-09-08T00:00:00
external_excluded_c95300a4266b073f,GDELT,gdelt_doc,diariocambio.com.mx,news_index,https://www.diariocambio.com.mx/2025/educacion/ricardo-paredes-acusa-a-cansino-vendio-la-revista-metapolitica-a-la-buap-y-luego-se-la-quiso-robar/,2025-09-09 00:00:00,Spanish,Nepal,Acusan a Cesar Cansino por robar revista Metapolítica a la BUAP,Acusan a Cesar Cansino por robar revista Metapolítica a la BUAP,diariocambio.com.mx,local_file:GDELT_DOC_query_Nepal_social_media_ban _Gen Z _corruption,,excluded,published_at_or_seen_at_is_at_or_after_2025-09-08T00:00:00
external_excluded_e30b986c3cdd8f2f,GDELT,gdelt_doc,larepublica.pe,news_index,https://larepublica.pe/politica/2025/09/08/silvana-carrion-soy-una-persona-incomoda-para-rafael-lopez-aliaga-que-no-conviene-a-sus-intereses-caso-lava-jato-hnews-141928,2025-09-09 00:00:00,Spanish,Nepal,"Silvana Carrión : Soy una persona incómoda para Rafael López Aliaga , que no conviene a sus intereses","Silvana Carrión : Soy una persona incómoda para Rafael López Aliaga , que no conviene a sus intereses",larepublica.pe,local_file:GDELT_DOC_query_Nepal_social_media_ban _Gen Z _corruption,,excluded,published_at_or_seen_at_is_at_or_after_2025-09-08T00:00:00
external_excluded_b008d908e3af5068,GDELT,gdelt_doc,tribuneindia.com,news_index,https://www.tribuneindia.com/news/j-k/lone-aap-mla-malik-detained-under-psa-in-doda-cm-parties-slam-action/,2025-09-09 00:00:00,English,Nepal,"Lone AAP MLA Malik detained under PSA in Doda ; CM , parties slam action","Lone AAP MLA Malik detained under PSA in Doda ; CM , parties slam action",tribuneindia.com,local_file:GDELT_DOC_query_Nepal_social_media_ban _Gen Z _corruption,,excluded,published_at_or_seen_at_is_at_or_after_2025-09-08T00:00:00
external_excluded_a409377736af7fc8,GDELT,gdelt_doc,elmundo.es,news_index,https://www.elmundo.es/espana/2025/09/09/68bf273ee4d4d8bb598b458b.html,2025-09-09 00:00:00,Spanish,Nepal,Equilibrios de PP y Vox para no enredarse con Israel : la distancia de Feijóo a Ayuso y explicar la Inquisición a nuestros amigos israelíes,Equilibrios de PP y Vox para no enredarse con Israel : la distancia de Feijóo a Ayuso y explicar la Inquisición a nuestros amigos israelíes,elmundo.es,local_file:GDELT_DOC_query_Nepal_social_media_ban _Gen Z _corruption,,excluded,published_at_or_seen_at_is_at_or_after_2025-09-08T00:00:00
external_excluded_62d39edd63293060,GDELT,gdelt_doc,ryukyushimpo.jp,news_index,https://ryukyushimpo.jp/news/national/entry-4597861.html,2025-09-09 00:00:00,Japanese,Nepal,南城市長へ 「 即時辞職を 」 市民17団体要求 セクハラ問題 沖縄,南城市長へ 「 即時辞職を 」 市民17団体要求 セクハラ問題 沖縄,ryukyushimpo.jp,local_file:GDELT_DOC_query_Nepal_social_media_ban _Gen Z _corruption,,excluded,published_at_or_seen_at_is_at_or_after_2025-09-08T00:00:00
external_excluded_c355c01c4a705acf,GDELT,gdelt_doc,presstv.ir,news_index,https://www.presstv.ir/Detail/2025/09/08/754606/black-friday-massacre-pahlavi-regime-tyranny-way-islamic-revolution,2025-09-09 00:00:00,English,Nepal,Black Friday massacre : Pahlavi regime textbook tyranny that paved way to Islamic Revolution,Black Friday massacre : Pahlavi regime textbook tyranny that paved way to Islamic Revolution,presstv.ir,local_file:GDELT_DOC_query_Nepal_social_media_ban _Gen Z _corruption,,excluded,published_at_or_seen_at_is_at_or_after_2025-09-08T00:00:00
external_excluded_d1d6f361f1d4e91a,GDELT,gdelt_doc,wgauradio.com,news_index,https://www.wgauradio.com/entertainment/new-banksy-mural/VOE6AF74FFHM3I4JN3MYGQVPMQ/,2025-09-09 00:00:00,English,Nepal,New Banksy mural of a judge beating a protester to be removed from outside London court,New Banksy mural of a judge beating a protester to be removed from outside London court,wgauradio.com,local_file:GDELT_DOC_query_Nepal_social_media_ban _Gen Z _corruption,,excluded,published_at_or_seen_at_is_at_or_after_2025-09-08T00:00:00
external_excluded_968249a13f78407f,GDELT,gdelt_doc,ohio.news,news_index,https://www.ohio.news/stories/republican-bill-allows-utility-companies-to-limit-customers-energy-usage/,2025-09-09 00:00:00,English,Nepal,Republican bill allows utility companies to limit customer energy usage,Republican bill allows utility companies to limit customer energy usage,ohio.news,local_file:GDELT_DOC_query_Nepal_social_media_ban _Gen Z _corruption,,excluded,published_at_or_seen_at_is_at_or_after_2025-09-08T00:00:00
external_excluded_d71d334e909894b3,GDELT,gdelt_doc,janayugomonline.com,news_index,https://janayugomonline.com/janayugom-article-a-flag-that-creates-the-effect-of-thought/,2025-09-09 00:00:00,Malayalam,Nepal,ചിന്തയുടെ പ്രഭാവം സ്രഷ്ടിക്കുന്ന പതാക,ചിന്തയുടെ പ്രഭാവം സ്രഷ്ടിക്കുന്ന പതാക,janayugomonline.com,local_file:GDELT_DOC_query_Nepal_social_media_ban _Gen Z _corruption,,excluded,published_at_or_seen_at_is_at_or_after_2025-09-08T00:00:00
external_excluded_eb33c807dbdc273c,GDELT,gdelt_doc,symboulos.gr,news_index,https://www.symboulos.gr/2025/09/sfodres-antidraseis-ton-taxi-patras-gia-tin-kya-134328-2025/,2025-09-09 00:00:00,Greek,Nepal,Σφοδρές αντιδράσεις των ταξί Πάτρας για την ΚΥΑ 134328 / 2025,Σφοδρές αντιδράσεις των ταξί Πάτρας για την ΚΥΑ 134328 / 2025,symboulos.gr,local_file:GDELT_DOC_query_Nepal_social_media_ban _Gen Z _corruption,,excluded,published_at_or_seen_at_is_at_or_after_2025-09-08T00:00:00
external_excluded_74fd6be68877ccb4,GDELT,gdelt_doc,5-tv.ru,news_index,https://www.5-tv.ru/news/5036259/million-zagolovy-dvoih-killer-nazval-p-diddy-zakazcikom-ubijstva-2pac/,2025-09-09 00:00:00,Russian,Nepal,Как P Diddy связан с убийством Тупака,Как P Diddy связан с убийством Тупака,5-tv.ru,local_file:GDELT_DOC_query_Nepal_social_media_ban _Gen Z _corruption,,excluded,published_at_or_seen_at_is_at_or_after_2025-09-08T00:00:00
external_excluded_2fbe04ac94d7c34b,GDELT,gdelt_doc,almasryalyoum.com,news_index,https://www.almasryalyoum.com/news/details/3544670,2025-09-09 00:00:00,Arabic,Nepal,رائف مرعي يكتب : التجربة الثورية السورية بين « فضاءات التدفقات » و « فضاءات الأماكن »,رائف مرعي يكتب : التجربة الثورية السورية بين « فضاءات التدفقات » و « فضاءات الأماكن »,almasryalyoum.com,local_file:GDELT_DOC_query_Nepal_social_media_ban _Gen Z _corruption,,excluded,published_at_or_seen_at_is_at_or_after_2025-09-08T00:00:00
external_excluded_187566ce421e473b,GDELT,gdelt_doc,symboulos.gr,news_index,https://www.symboulos.gr/tag/%CF%84%CE%B1%CE%BE%CE%B9/,2025-09-09 00:00:00,Greek,Nepal,ταξι – Symboulos,ταξι – Symboulos,symboulos.gr,local_file:GDELT_DOC_query_Nepal_social_media_ban _Gen Z _corruption,,excluded,published_at_or_seen_at_is_at_or_after_2025-09-08T00:00:00
external_excluded_4c54882e79a43682,GDELT,gdelt_doc,katherinetimes.com.au,news_index,https://www.katherinetimes.com.au/story/9052783/why-solo-travel-isnt-for-everyone/,2025-09-09 00:00:00,English,Nepal,Why solo travel isnt for everyone | Katherine Times,Why solo travel isnt for everyone | Katherine Times,katherinetimes.com.au,local_file:GDELT_DOC_query_Nepal_social_media_ban _Gen Z _corruption,,excluded,published_at_or_seen_at_is_at_or_after_2025-09-08T00:00:00
external_excluded_a153400cbb0f2b78,GDELT,gdelt_doc,understandingwar.org,news_index,https://understandingwar.org/research/cognitive-warfare/a-primer-on-russian-cognitive-warfare/,2025-09-09 00:00:00,English,Nepal,A Primer on Russian Cognitive Warfare,A Primer on Russian Cognitive Warfare,understandingwar.org,local_file:GDELT_DOC_query_Nepal_social_media_ban _Gen Z _corruption,,excluded,published_at_or_seen_at_is_at_or_after_2025-09-08T00:00:00
external_excluded_1c213d90b0a3b7bc,GDELT,gdelt_doc,themunicheye.com,news_index,https://themunicheye.com/nepal-blocks-access-social-media-26267,2025-09-09 00:00:00,English,Nepal,Nepal Imposes Restrictions on Major Social Media Platforms,Nepal Imposes Restrictions on Major Social Media Platforms,themunicheye.com,local_file:GDELT_DOC_query_Nepal_social_media_ban _Gen Z _corruption,,excluded,published_at_or_seen_at_is_at_or_after_2025-09-08T00:00:00
external_excluded_db485875584238e3,GDELT,gdelt_doc,tn.com.ar,news_index,https://tn.com.ar/politica/2025/09/08/las-claves-de-la-derrota-en-pba-la-gente-no-llega-a-fin-de-mes-y-hay-sospechas-de-corrupcion-en-el-gobierno/,2025-09-09 00:00:00,Spanish,Nepal,Las claves de la derrota en PBA : la gente no llega a fin de mes y hay sospechas de corrupción en el Gobierno,Las claves de la derrota en PBA : la gente no llega a fin de mes y hay sospechas de corrupción en el Gobierno,tn.com.ar,local_file:GDELT_DOC_query_Nepal_social_media_ban _Gen Z _corruption,,excluded,published_at_or_seen_at_is_at_or_after_2025-09-08T00:00:00
external_excluded_901558656901ecee,GDELT,gdelt_doc,understandingwar.org,news_index,https://understandingwar.org/about-isw/,2025-09-09 00:00:00,English,Nepal,About ISW - Institute for the Study of War,About ISW - Institute for the Study of War,understandingwar.org,local_file:GDELT_DOC_query_Nepal_social_media_ban _Gen Z _corruption,,excluded,published_at_or_seen_at_is_at_or_after_2025-09-08T00:00:00
external_excluded_f2bfd62da98ed4a9,GDELT,gdelt_doc,voh.com.vn,news_index,https://voh.com.vn/the-gioi/indonesia-bo-truong-tai-chinh-ba-doi-tong-thong-bi-cach-chuc-616454.html,2025-09-09 00:00:00,Vietnamese,Nepal,Indonesia : Bộ trưởng Tài chính ba đời tổng thống bị cách chức,Indonesia : Bộ trưởng Tài chính ba đời tổng thống bị cách chức,voh.com.vn,local_file:GDELT_DOC_query_Nepal_social_media_ban _Gen Z _corruption,,excluded,published_at_or_seen_at_is_at_or_after_2025-09-08T00:00:00
external_excluded_649540d42f1a5edb,GDELT,gdelt_doc,sinembargo.mx,news_index,https://www.sinembargo.mx/4697712/capitan-de-la-semar-ligado-al-huachicol-fiscal-se-suicida-en-el-puerto-de-altamira/,2025-09-09 00:00:00,Spanish,Nepal,Reportan suicidio de capitán vinculado a huachicol fiscal,Reportan suicidio de capitán vinculado a huachicol fiscal,sinembargo.mx,local_file:GDELT_DOC_query_Nepal_social_media_ban _Gen Z _corruption,,excluded,published_at_or_seen_at_is_at_or_after_2025-09-08T00:00:00
external_excluded_f4aa0443a5dbce20,GDELT,gdelt_doc,chugoku-np.co.jp,news_index,https://www.chugoku-np.co.jp/articles/-/708315,2025-09-09 00:00:00,Japanese,Nepal,黙り込まぬ 〈 あなた 〉 | 中国新聞デジタル,黙り込まぬ 〈 あなた 〉 | 中国新聞デジタル,chugoku-np.co.jp,local_file:GDELT_DOC_query_Nepal_social_media_ban _Gen Z _corruption,,excluded,published_at_or_seen_at_is_at_or_after_2025-09-08T00:00:00
external_excluded_dd2cf7054887ae28,GDELT,gdelt_doc,lanaciondominicana.com,news_index,https://lanaciondominicana.com/noticia/como-cada-lunes-presidente-trata-diversos-temas-en-la-semanal-lanza-campana/120058/,2025-09-09 00:00:00,Spanish,Nepal,"Como cada lunes Presidente trata diversos temas en La Semanal , lanza campaña Protegiendo lo Nuestro para combatir la corrupción | La Nación Dominicana , Todo tu país , en un solo click ...!","Como cada lunes Presidente trata diversos temas en La Semanal , lanza campaña Protegiendo lo Nuestro para combatir la corrupción | La Nación Dominicana , Todo tu país , en un solo click ...!",lanaciondominicana.com,local_file:GDELT_DOC_query_Nepal_social_media_ban _Gen Z _corruption,,excluded,published_at_or_seen_at_is_at_or_after_2025-09-08T00:00:00
external_excluded_f3cfe2e937ea5fd3,GDELT,gdelt_doc,southcoastregister.com.au,news_index,https://www.southcoastregister.com.au/story/9052783/why-solo-travel-isnt-for-everyone/,2025-09-09 00:00:00,English,Nepal,Why solo travel isnt for everyone | South Coast Register,Why solo travel isnt for everyone | South Coast Register,southcoastregister.com.au,local_file:GDELT_DOC_query_Nepal_social_media_ban _Gen Z _corruption,,excluded,published_at_or_seen_at_is_at_or_after_2025-09-08T00:00:00
external_excluded_9106e21bdfb12683,GDELT,gdelt_doc,article.wn.com,news_index,https://article.wn.com/view/2025/09/08/Nepal_protests_captured_20_killed_over_300_injured_in_deadly/,2025-09-09 00:00:00,English,Nepal,"Nepal protests captured : 20 killed , over 300 injured in deadly gen z protests","Nepal protests captured : 20 killed , over 300 injured in deadly gen z protests",article.wn.com,local_file:GDELT_DOC_query_Nepal_social_media_ban _Gen Z _corruption,,excluded,published_at_or_seen_at_is_at_or_after_2025-09-08T00:00:00
external_excluded_38cdd4c9b053416d,GDELT,gdelt_doc,newsday.com,news_index,https://www.newsday.com/long-island/crime/probation-officer-pleads-guilty-n0gegwmw,2025-09-09 00:00:00,English,Nepal,Former Nassau probation officer pleads guilty to misconduct,Former Nassau probation officer pleads guilty to misconduct,newsday.com,local_file:GDELT_DOC_query_Nepal_social_media_ban _Gen Z _corruption,,excluded,published_at_or_seen_at_is_at_or_after_2025-09-08T00:00:00
external_excluded_867e0d90a2943cbe,GDELT,gdelt_doc,elinformador.com.co,news_index,https://www.elinformador.com.co/index.php/el-magdalena/83-departamento/339786-anuncian-planton-en-aracataca-y-municipios-para-exigir-cumplimiento-de-compromisos-viales,2025-09-09 00:00:00,Spanish,Nepal,Anuncian plantón en Aracataca y municipios para exigir cumplimiento de compromisos viales,Anuncian plantón en Aracataca y municipios para exigir cumplimiento de compromisos viales,elinformador.com.co,local_file:GDELT_DOC_query_Nepal_social_media_ban _Gen Z _corruption,,excluded,published_at_or_seen_at_is_at_or_after_2025-09-08T00:00:00
external_excluded_fd5e0c4510cd23ba,GDELT,gdelt_doc,finance.sina.com.cn,news_index,https://finance.sina.com.cn/roll/2025-09-09/doc-infpvtuy0811867.shtml,2025-09-09 00:00:00,Chinese,Nepal,股 、 债 、 汇三杀 阿根廷资产遭遇猛烈抛售 发生了什么 ？,股 、 债 、 汇三杀 阿根廷资产遭遇猛烈抛售 发生了什么 ？,finance.sina.com.cn,local_file:GDELT_DOC_query_Nepal_social_media_ban _Gen Z _corruption,,excluded,published_at_or_seen_at_is_at_or_after_2025-09-08T00:00:00
external_excluded_0037ac53b0fe7208,GDELT,gdelt_doc,yahoo.com,news_index,https://www.yahoo.com/news/articles/judge-strikes-down-adams-plan-231400880.html,2025-09-09 00:00:00,English,Nepal,"Judge strikes down Adam plan to let ICE operate on Rikers , citing dismissed corruption case","Judge strikes down Adam plan to let ICE operate on Rikers , citing dismissed corruption case",yahoo.com,local_file:GDELT_DOC_query_Nepal_social_media_ban _Gen Z _corruption,,excluded,published_at_or_seen_at_is_at_or_after_2025-09-08T00:00:00
external_excluded_a8e03c883df1c15d,GDELT,gdelt_doc,thenewslens.com,news_index,https://www.thenewslens.com/article/258358,2025-09-09 00:00:00,Chinese,Nepal,柯文哲交保後嗆 「 查了一年查到什麼 」， 北檢準備提出抗告 - TNL The News Lens 關鍵評論網,柯文哲交保後嗆 「 查了一年查到什麼 」， 北檢準備提出抗告 - TNL The News Lens 關鍵評論網,thenewslens.com,local_file:GDELT_DOC_query_Nepal_social_media_ban _Gen Z _corruption,,excluded,published_at_or_seen_at_is_at_or_after_2025-09-08T00:00:00
external_excluded_d4e41661aa65a047,GDELT,gdelt_doc,ideastream.org,news_index,https://www.ideastream.org/npr-news/2025-09-08/palestinian-gunmen-kill-6-people-in-attack-on-jerusalem-bus-stop,2025-09-09 00:00:00,English,Nepal,Palestinian gunmen kill 6 people in attack on Jerusalem bus stop,Palestinian gunmen kill 6 people in attack on Jerusalem bus stop,ideastream.org,local_file:GDELT_DOC_query_Nepal_social_media_ban _Gen Z _corruption,,excluded,published_at_or_seen_at_is_at_or_after_2025-09-08T00:00:00
external_excluded_0bf59b4723e729e7,GDELT,gdelt_doc,almasryalyoum.com,news_index,https://www.almasryalyoum.com/news/details/3544660,2025-09-09 00:00:00,Arabic,Nepal,أحمد دهشان يكتب : النظام الدولي بين تعددية مضطربة وقواعد مهزوزة .. قراءة في قمة تيانجين,أحمد دهشان يكتب : النظام الدولي بين تعددية مضطربة وقواعد مهزوزة .. قراءة في قمة تيانجين,almasryalyoum.com,local_file:GDELT_DOC_query_Nepal_social_media_ban _Gen Z _corruption,,excluded,published_at_or_seen_at_is_at_or_after_2025-09-08T00:00:00
external_excluded_09ad3fc183d5d27d,GDELT,gdelt_doc,xronos.gr,news_index,https://xronos.gr/index.php/mikrokomotinaiika/mikrokomotinaiika-03-09-2025,2025-09-09 00:00:00,Greek,Nepal,Μικροκομοτηναίικα 03 - 09 - 2025,Μικροκομοτηναίικα 03 - 09 - 2025,xronos.gr,local_file:GDELT_DOC_query_Nepal_social_media_ban _Gen Z _corruption,,excluded,published_at_or_seen_at_is_at_or_after_2025-09-08T00:00:00
external_excluded_3397c21eb713cb4f,GDELT,gdelt_doc,ideal.es,news_index,https://www.ideal.es/almeria/almeria/almeria-necesita-quintuplicar-plantilla-fisioterapeutas-600-profesionales-20250909230501-nt.html,2025-09-09 00:00:00,Spanish,Nepal,Almería necesita quintuplicar su plantilla de fisioterapeutas con 600 profesionales,Almería necesita quintuplicar su plantilla de fisioterapeutas con 600 profesionales,ideal.es,local_file:GDELT_DOC_query_Nepal_social_media_ban _Gen Z _corruption,,excluded,published_at_or_seen_at_is_at_or_after_2025-09-08T00:00:00
external_excluded_9c523c6e2e3ceada,GDELT,gdelt_doc,mdzol.com,news_index,https://www.mdzol.com/mundo/4-razones-que-explican-la-peor-derrota-electoral-javier-milei-argentina-que-es-presidente-n1332223,2025-09-09 00:00:00,Spanish,Nepal,4 razones que explican la peor derrota electoral de Javier Milei en Argentina desde que es presidente,4 razones que explican la peor derrota electoral de Javier Milei en Argentina desde que es presidente,mdzol.com,local_file:GDELT_DOC_query_Nepal_social_media_ban _Gen Z _corruption,,excluded,published_at_or_seen_at_is_at_or_after_2025-09-08T00:00:00
external_excluded_eced7cf59fbe9c56,GDELT,gdelt_doc,newsweek.com,news_index,https://www.newsweek.com/lebron-james-oped-china-ccp-nba-basketball-2126431,2025-09-09 00:00:00,English,Nepal,LeBron James Pens Op - Ed for Chinese Communist Party Newspaper,LeBron James Pens Op - Ed for Chinese Communist Party Newspaper,newsweek.com,local_file:GDELT_DOC_query_Nepal_social_media_ban _Gen Z _corruption,,excluded,published_at_or_seen_at_is_at_or_after_2025-09-08T00:00:00
external_excluded_d0596d24f0ccef7f,GDELT,gdelt_doc,bbv-net.de,news_index,https://www.bbv-net.de/dpa-infoline-zvr/us-regierung-kuendigt-einsatz-gegen-migranten-in-chicago-an-w1075400-6000408587/,2025-09-09 00:00:00,German,Nepal,US - Regierung kündigt Einsatz gegen Migranten in Chicago an,US - Regierung kündigt Einsatz gegen Migranten in Chicago an,bbv-net.de,local_file:GDELT_DOC_query_Nepal_social_media_ban _Gen Z _corruption,,excluded,published_at_or_seen_at_is_at_or_after_2025-09-08T00:00:00
external_excluded_f8d2395541bb5de6,GDELT,gdelt_doc,tribuneindia.com,news_index,https://www.tribuneindia.com/news/j-k/intruder-arrested-along-border-bsf-to-lodge-protest-with-pak/,2025-09-09 00:00:00,English,Nepal,"Intruder arrested along border , BSF to lodge protest with Pak","Intruder arrested along border , BSF to lodge protest with Pak",tribuneindia.com,local_file:GDELT_DOC_query_Nepal_social_media_ban _Gen Z _corruption,,excluded,published_at_or_seen_at_is_at_or_after_2025-09-08T00:00:00
external_excluded_5522fa49eb5c99d6,GDELT,gdelt_doc,jugantor.com,news_index,https://www.jugantor.com/international/1000635,2025-09-09 00:00:00,Bengali,Nepal,সোশ্যাল মিডিয়া নিষিদ্ধই কি নেপালে বিক্ষোভের একমাত্র কারণ ?,সোশ্যাল মিডিয়া নিষিদ্ধই কি নেপালে বিক্ষোভের একমাত্র কারণ ?,jugantor.com,local_file:GDELT_DOC_query_Nepal_social_media_ban _Gen Z _corruption,,excluded,published_at_or_seen_at_is_at_or_after_2025-09-08T00:00:00
external_excluded_3db51c6129f4a9e3,GDELT,gdelt_doc,missionlocal.org,news_index,https://missionlocal.org/2025/09/i-havent-slept-i-havent-eaten-immigrants-desperate-as-protections-come-to-an-end/,2025-09-09 00:00:00,English,Nepal,Immigrants desperate as protected status come to an end .,Immigrants desperate as protected status come to an end .,missionlocal.org,local_file:GDELT_DOC_query_Nepal_social_media_ban _Gen Z _corruption,,excluded,published_at_or_seen_at_is_at_or_after_2025-09-08T00:00:00
external_excluded_b78acb90b8f92ae2,GDELT,gdelt_doc,paulgravett.com,news_index,https://paulgravett.com/articles/article/alice,2025-09-08 23:45:00,English,Nepal,Alice | PAUL GRAVETT,Alice | PAUL GRAVETT,paulgravett.com,local_file:GDELT_DOC_query_Nepal_social_media_ban _Gen Z _corruption,,excluded,published_at_or_seen_at_is_at_or_after_2025-09-08T00:00:00
external_excluded_77271d037eb5ab5b,GDELT,gdelt_doc,come-on.de,news_index,http://www.come-on.de/politik/us-regierung-kuendigt-einsatz-gegen-migranten-in-chicago-an-zr-93924190.html,2025-09-08 23:45:00,German,Nepal,US - Regierung kündigt Einsatz gegen Migranten in Chicago an,US - Regierung kündigt Einsatz gegen Migranten in Chicago an,come-on.de,local_file:GDELT_DOC_query_Nepal_social_media_ban _Gen Z _corruption,,excluded,published_at_or_seen_at_is_at_or_after_2025-09-08T00:00:00
external_excluded_a954e124fde97057,GDELT,gdelt_doc,puntonoticias.com,news_index,https://puntonoticias.com/tras-la-derrota-javier-milei-crea-una-mesa-politica-nacional-y-convoca-a-los-gobernadores-criticas-de-la-oposicion/,2025-09-08 23:45:00,Spanish,Nepal,"Tras la derrota , Javier Milei crea una mesa política nacional y convoca a los gobernadores ; críticas de la oposición","Tras la derrota , Javier Milei crea una mesa política nacional y convoca a los gobernadores ; críticas de la oposición",puntonoticias.com,local_file:GDELT_DOC_query_Nepal_social_media_ban _Gen Z _corruption,,excluded,published_at_or_seen_at_is_at_or_after_2025-09-08T00:00:00
external_excluded_f11192f95349a81f,GDELT,gdelt_doc,torontosun.com,news_index,https://torontosun.com/news/national/group-calls-for-ban-on-display-distribution-of-terror-symbols-literature,2025-09-08 23:45:00,English,Nepal,"Group seeks ban on display , distribution of terror symbols , literature","Group seeks ban on display , distribution of terror symbols , literature",torontosun.com,local_file:GDELT_DOC_query_Nepal_social_media_ban _Gen Z _corruption,,excluded,published_at_or_seen_at_is_at_or_after_2025-09-08T00:00:00
external_excluded_b46acec44d8882f8,GDELT,gdelt_doc,kenyan-post.com,news_index,https://www.kenyan-post.com/2025/09/i-see-president-of-kenya-fleeing.html,2025-09-08 23:45:00,English,Nepal,I see president of Kenya fleeing the country - Cameroonian prophet issues dramatic prophecy about RUTO ( VIDEO ),I see president of Kenya fleeing the country - Cameroonian prophet issues dramatic prophecy about RUTO ( VIDEO ),kenyan-post.com,local_file:GDELT_DOC_query_Nepal_social_media_ban _Gen Z _corruption,,excluded,published_at_or_seen_at_is_at_or_after_2025-09-08T00:00:00
external_excluded_f1403326d87dfe93,GDELT,gdelt_doc,hurriyet.com.tr,news_index,https://www.hurriyet.com.tr/gundem/muhittin-bocek-hastaneye-sevk-edildi-42942148,2025-09-08 23:45:00,Turkish,Nepal,Muhittin Böcek hastaneye sevk edildi,Muhittin Böcek hastaneye sevk edildi,hurriyet.com.tr,local_file:GDELT_DOC_query_Nepal_social_media_ban _Gen Z _corruption,,excluded,published_at_or_seen_at_is_at_or_after_2025-09-08T00:00:00
external_excluded_b36aaa150ec0902e,GDELT,gdelt_doc,antaranews.com,news_index,https://www.antaranews.com/berita/5095285/hukum-kemarin-tersangka-penjarahan-hingga-pelindas-affan-kurniawan,2025-09-08 23:45:00,Indonesian,Nepal,"Hukum kemarin , tersangka penjarahan hingga pelindas Affan Kurniawan","Hukum kemarin , tersangka penjarahan hingga pelindas Affan Kurniawan",antaranews.com,local_file:GDELT_DOC_query_Nepal_social_media_ban _Gen Z _corruption,,excluded,published_at_or_seen_at_is_at_or_after_2025-09-08T00:00:00
external_excluded_797011af61c28178,GDELT,gdelt_doc,plumaslibres.com.mx,news_index,https://plumaslibres.com.mx/2025/09/08/sinaloa-le-dice-ya-basta-a-rocha-moya-opinion/,2025-09-08 23:45:00,Spanish,Nepal,Sinaloa le dice Ya Basta a Rocha Moya / Opinión,Sinaloa le dice Ya Basta a Rocha Moya / Opinión,plumaslibres.com.mx,local_file:GDELT_DOC_query_Nepal_social_media_ban _Gen Z _corruption,,excluded,published_at_or_seen_at_is_at_or_after_2025-09-08T00:00:00
external_excluded_7f4867b1fecfce4b,GDELT,gdelt_doc,naidunia.com,news_index,https://www.naidunia.com/world-nepal-protests-over-social-media-ban-turn-violent-19-killed-home-minister-resigns-8404650,2025-09-08 23:45:00,Hindi,Nepal,"Nepal Violent Protests : सोशल मीडिया बैन पर भड़के युवा , हिंसक प्रदर्शनों में 19 की मौत , गृह मंत्री ने दिया इस्तीफा","Nepal Violent Protests : सोशल मीडिया बैन पर भड़के युवा , हिंसक प्रदर्शनों में 19 की मौत , गृह मंत्री ने दिया इस्तीफा",naidunia.com,local_file:GDELT_DOC_query_Nepal_social_media_ban _Gen Z _corruption,,excluded,published_at_or_seen_at_is_at_or_after_2025-09-08T00:00:00
external_excluded_1042cc2e52dccd0e,GDELT,gdelt_doc,deperu.com,news_index,https://www.deperu.com/tv/KIWJsD9Cb-k.la-seleccion-necesita-nuevos-rostros-tenso-debate-en-el-panel-de-exitosa-deportes.UCxgO_rak_BKZP8VNVmYqbWg.html,2025-09-08 23:45:00,Spanish,Nepal,Video : ¿ La Selección necesita nuevos rostros ? Tenso debate en el panel de Exitosa Deportes por Exitosa Noticias,Video : ¿ La Selección necesita nuevos rostros ? Tenso debate en el panel de Exitosa Deportes por Exitosa Noticias,deperu.com,local_file:GDELT_DOC_query_Nepal_social_media_ban _Gen Z _corruption,,excluded,published_at_or_seen_at_is_at_or_after_2025-09-08T00:00:00
external_excluded_c602b6b5fcfefe0c,GDELT,gdelt_doc,eldictamen.mx,news_index,https://www.eldictamen.mx/claudia-sheinbaum-recomienda-a-america-denunciar-al-alcalde-de-la-benito-juarez/,2025-09-08 23:45:00,Spanish,Nepal,Claudia Sheinbaum recomienda a América denunciar al alcalde de la Benito Juárez,Claudia Sheinbaum recomienda a América denunciar al alcalde de la Benito Juárez,eldictamen.mx,local_file:GDELT_DOC_query_Nepal_social_media_ban _Gen Z _corruption,,excluded,published_at_or_seen_at_is_at_or_after_2025-09-08T00:00:00
external_excluded_1bf70badac211066,GDELT,gdelt_doc,infotel.ca,news_index,https://infotel.ca/newsitem/world/cp1672752111,2025-09-08 23:30:00,English,Nepal,New Banksy mural of a judge beating a protester to be removed from outside London court | iNFOnews,New Banksy mural of a judge beating a protester to be removed from outside London court | iNFOnews,infotel.ca,local_file:GDELT_DOC_query_Nepal_social_media_ban _Gen Z _corruption,,excluded,published_at_or_seen_at_is_at_or_after_2025-09-08T00:00:00
external_excluded_be14adf9445dfe02,GDELT,gdelt_doc,laprensa.com.ar,news_index,https://www.laprensa.com.ar/Roma-no-paga-traidores-sentencia-con-la-que-coinciden-los-que-fundaron-LLA-y-dejaron-a-Milei-563861.note.aspx,2025-09-08 23:30:00,Spanish,Nepal,"Roma no paga traidores , sentencia con la que coinciden los que fundaron LLA y dejaron a Milei - Política","Roma no paga traidores , sentencia con la que coinciden los que fundaron LLA y dejaron a Milei - Política",laprensa.com.ar,local_file:GDELT_DOC_query_Nepal_social_media_ban _Gen Z _corruption,,excluded,published_at_or_seen_at_is_at_or_after_2025-09-08T00:00:00
external_excluded_3592efdfcf306d69,GDELT,gdelt_doc,thewestonmercury.co.uk,news_index,https://www.thewestonmercury.co.uk/news/national/25449325.palestinian-gunmen-open-fire-jerusalem-bus-stop-killing-six/,2025-09-08 23:30:00,English,Nepal,"Palestinian gunmen open fire at Jerusalem bus stop , killing six","Palestinian gunmen open fire at Jerusalem bus stop , killing six",thewestonmercury.co.uk,local_file:GDELT_DOC_query_Nepal_social_media_ban _Gen Z _corruption,,excluded,published_at_or_seen_at_is_at_or_after_2025-09-08T00:00:00
external_excluded_b6baed71a23b4d24,GDELT,gdelt_doc,ilmanifesto.it,news_index,https://ilmanifesto.it/a-migliaia-a-difesa-della-sede-del-chp-la-polizia-turca-carica-e-picchia,2025-09-08 23:30:00,Italian,Nepal,"A migliaia a difesa della sede del Chp , la polizia turca carica e picchia","A migliaia a difesa della sede del Chp , la polizia turca carica e picchia",ilmanifesto.it,local_file:GDELT_DOC_query_Nepal_social_media_ban _Gen Z _corruption,,excluded,published_at_or_seen_at_is_at_or_after_2025-09-08T00:00:00
external_excluded_5ab32cfc6ce2bb51,GDELT,gdelt_doc,wknofm.org,news_index,https://www.wknofm.org/2025-09-08/palestinian-gunmen-kill-6-people-in-attack-on-jerusalem-bus-stop,2025-09-08 23:30:00,English,Nepal,Palestinian gunmen kill 6 people in attack on Jerusalem bus stop,Palestinian gunmen kill 6 people in attack on Jerusalem bus stop,wknofm.org,local_file:GDELT_DOC_query_Nepal_social_media_ban _Gen Z _corruption,,excluded,published_at_or_seen_at_is_at_or_after_2025-09-08T00:00:00
external_excluded_69bebd0caa1f4e49,GDELT,gdelt_doc,postindependent.com,news_index,https://www.postindependent.com/news/aspens-wheeler-opera-house-unveils-expanded-2025-holiday-lineup/,2025-09-08 23:30:00,English,Nepal,Aspen Wheeler Opera House unveils expanded 2025 holiday lineup,Aspen Wheeler Opera House unveils expanded 2025 holiday lineup,postindependent.com,local_file:GDELT_DOC_query_Nepal_social_media_ban _Gen Z _corruption,,excluded,published_at_or_seen_at_is_at_or_after_2025-09-08T00:00:00
external_excluded_ae69bcee755f926d,GDELT,gdelt_doc,kashmirreader.com,news_index,https://kashmirreader.com/2025/09/09/teachers-why-the-sacred-profession-is-losing-its-soul-in-kashmir/,2025-09-08 23:30:00,English,Nepal,Teachers : Why The Sacred Profession Is Losing Its Soul In Kashmir,Teachers : Why The Sacred Profession Is Losing Its Soul In Kashmir,kashmirreader.com,local_file:GDELT_DOC_query_Nepal_social_media_ban _Gen Z _corruption,,excluded,published_at_or_seen_at_is_at_or_after_2025-09-08T00:00:00
external_excluded_ad680597dc159e5f,GDELT,gdelt_doc,ettoday.net,news_index,https://www.ettoday.net/news/20250909/3030067.htm,2025-09-08 23:30:00,Chinese,Nepal,尼泊爾街頭抗議社群禁令 警方強制驅離釀19死逾百傷 | ETtoday國際新聞,尼泊爾街頭抗議社群禁令 警方強制驅離釀19死逾百傷 | ETtoday國際新聞,ettoday.net,local_file:GDELT_DOC_query_Nepal_social_media_ban _Gen Z _corruption,,excluded,published_at_or_seen_at_is_at_or_after_2025-09-08T00:00:00
external_excluded_5c35e2e3adef0931,GDELT,gdelt_doc,chandrikadaily.com,news_index,https://www.chandrikadaily.com/shooting-in-jerusalem-six-people-were-killed-and-12-injured.html,2025-09-08 23:30:00,Malayalam,Nepal,"ജറൂസലേമില്‍ വെടിവെപ്പ് ; ആറ് പേര്‍ കൊല്ലപ്പെട്ടു , 12 പേര്‍ക്ക് പരിക്ക്","ജറൂസലേമില്‍ വെടിവെപ്പ് ; ആറ് പേര്‍ കൊല്ലപ്പെട്ടു , 12 പേര്‍ക്ക് പരിക്ക്",chandrikadaily.com,local_file:GDELT_DOC_query_Nepal_social_media_ban _Gen Z _corruption,,excluded,published_at_or_seen_at_is_at_or_after_2025-09-08T00:00:00
external_excluded_d332240584853ca4,GDELT,gdelt_doc,thanhnien.vn,news_index,https://thanhnien.vn/tao-dieu-kien-de-bao-chi-phat-trien-chuyen-nghiep-nhan-van-hien-dai-185250908224507865.htm,2025-09-08 23:30:00,Vietnamese,Nepal,"Tạo điều kiện để báo chí phát triển chuyên nghiệp , nhân văn , hiện đại","Tạo điều kiện để báo chí phát triển chuyên nghiệp , nhân văn , hiện đại",thanhnien.vn,local_file:GDELT_DOC_query_Nepal_social_media_ban _Gen Z _corruption,,excluded,published_at_or_seen_at_is_at_or_after_2025-09-08T00:00:00
external_excluded_921b6c7b9330dc50,GDELT,gdelt_doc,wccftech.com,news_index,https://wccftech.com/amd-fsr-4-enabled-in-fsr-3-1-titles-over-85-games-new-radeon-gpu-driver/,2025-09-08 23:30:00,English,Nepal,"AMD 25 . 9 . 1 Driver Enables FSR 4 In FSR 3 . 1 DX12 Games , Expanding The List To 85+ Titles , Several Fixes & Improvements For Radeon GPUs","AMD 25 . 9 . 1 Driver Enables FSR 4 In FSR 3 . 1 DX12 Games , Expanding The List To 85+ Titles , Several Fixes & Improvements For Radeon GPUs",wccftech.com,local_file:GDELT_DOC_query_Nepal_social_media_ban _Gen Z _corruption,,excluded,published_at_or_seen_at_is_at_or_after_2025-09-08T00:00:00
external_excluded_7f5167b0cf6519e7,GDELT,gdelt_doc,nbcnews.com,news_index,https://www.nbcnews.com/politics/politics-news/3-numbers-know-nbc-news-decision-desk-poll-politics-desk-rcna229943,2025-09-08 23:30:00,English,Nepal,3 numbers to know from the new NBC News Decision Desk Poll : From the Politics Desk,3 numbers to know from the new NBC News Decision Desk Poll : From the Politics Desk,nbcnews.com,local_file:GDELT_DOC_query_Nepal_social_media_ban _Gen Z _corruption,,excluded,published_at_or_seen_at_is_at_or_after_2025-09-08T00:00:00
external_excluded_895f22d4ebc3167c,GDELT,gdelt_doc,indianexpress.com,news_index,https://indianexpress.com/article/cities/ahmedabad/congress-aap-protest-bjp-stays-mum-as-police-renew-efforts-to-implement-helmet-rule-on-a-reluctant-rajkot-10238353/,2025-09-08 23:30:00,English,Nepal,"Congress & AAP protest , BJP stays mum as police renew efforts to implement helmet rule on a reluctant Rajkot","Congress & AAP protest , BJP stays mum as police renew efforts to implement helmet rule on a reluctant Rajkot",indianexpress.com,local_file:GDELT_DOC_query_Nepal_social_media_ban _Gen Z _corruption,,excluded,published_at_or_seen_at_is_at_or_after_2025-09-08T00:00:00
external_excluded_7542b34755c517c2,GDELT,gdelt_doc,kashmirreader.com,news_index,https://kashmirreader.com/2025/09/09/nepal-bans-social-media-protesters-breach-parliament-premises-9-killed-army-deployed/,2025-09-08 23:30:00,English,Nepal,"Nepal Bans Social Media : Protesters breach parliament premises , 9 killed ; Army deployed","Nepal Bans Social Media : Protesters breach parliament premises , 9 killed ; Army deployed",kashmirreader.com,local_file:GDELT_DOC_query_Nepal_social_media_ban _Gen Z _corruption,,excluded,published_at_or_seen_at_is_at_or_after_2025-09-08T00:00:00
external_excluded_9f3c621d2b8f4c7e,GDELT,gdelt_doc,blisty.cz,news_index,https://www.blisty.cz/art/128538-izraelsti-odpurci-vojenske-sluzby-vzdoruji-tvrdsim-trestum-presto-protestuji-proti-genocide.html,2025-09-08 23:30:00,Czech,Nepal,Izraelští odpůrci vojenské služby vzdorují tvrdším trestům - přesto protestují proti genocidě | 9 . 9 . 2025,Izraelští odpůrci vojenské služby vzdorují tvrdším trestům - přesto protestují proti genocidě | 9 . 9 . 2025,blisty.cz,local_file:GDELT_DOC_query_Nepal_social_media_ban _Gen Z _corruption,,excluded,published_at_or_seen_at_is_at_or_after_2025-09-08T00:00:00
external_excluded_a5e680963c283ad9,GDELT,gdelt_doc,chandrikadaily.com,news_index,https://www.chandrikadaily.com/1gen-z-protest-in-neppal16-deaths-injunction.html,2025-09-08 23:30:00,Malayalam,Nepal,നേപ്പാളിലെ ജെന്‍ സി കലാപം ; 16 മരണം ; നിരോധനാജ്ഞ,നേപ്പാളിലെ ജെന്‍ സി കലാപം ; 16 മരണം ; നിരോധനാജ്ഞ,chandrikadaily.com,local_file:GDELT_DOC_query_Nepal_social_media_ban _Gen Z _corruption,,excluded,published_at_or_seen_at_is_at_or_after_2025-09-08T00:00:00
external_excluded_2a90f17a48ff558a,GDELT,gdelt_doc,telesurtv.net,news_index,https://www.telesurtv.net/nepal-casi-20-muertos-represion-protestas/,2025-09-08 23:30:00,Spanish,Nepal,Nepal : Casi 20 muertos tras represión a protestas desatadas por prohibición de redes sociales,Nepal : Casi 20 muertos tras represión a protestas desatadas por prohibición de redes sociales,telesurtv.net,local_file:GDELT_DOC_query_Nepal_social_media_ban _Gen Z _corruption,,excluded,published_at_or_seen_at_is_at_or_after_2025-09-08T00:00:00
external_excluded_d28902ff924b8dbe,GDELT,gdelt_doc,noticiassin.com,news_index,https://www.noticiassin.com/presidente-abinader-lanza-campana-protegiendo-lo-nuestro-2006514,2025-09-08 23:30:00,Spanish,Nepal,Presidente Abinader lanza campaña Protegiendo lo Nuestro,Presidente Abinader lanza campaña Protegiendo lo Nuestro,noticiassin.com,local_file:GDELT_DOC_query_Nepal_social_media_ban _Gen Z _corruption,,excluded,published_at_or_seen_at_is_at_or_after_2025-09-08T00:00:00
external_excluded_8707da093396492e,GDELT,gdelt_doc,plo.vn,news_index,https://plo.vn/quoc-hoi-phap-phe-truat-thu-tuong-ong-macron-phai-tim-nguoi-moi-thu-5-trong-2-nam-post869559.html,2025-09-08 23:30:00,Vietnamese,Nepal,"Quốc hội Pháp phế truất thủ tướng , ông Macron phải tìm người mới thứ 5 trong 2 năm","Quốc hội Pháp phế truất thủ tướng , ông Macron phải tìm người mới thứ 5 trong 2 năm",plo.vn,local_file:GDELT_DOC_query_Nepal_social_media_ban _Gen Z _corruption,,excluded,published_at_or_seen_at_is_at_or_after_2025-09-08T00:00:00
external_excluded_d1d1cb0c38de3390,GDELT,gdelt_doc,surysur.net,news_index,https://www.surysur.net/honduras-xiomara-y-el-viaje-de-retorno-hacia-lo-publico/,2025-09-08 23:30:00,Spanish,Nepal,Honduras : Xiomara y el viaje de retorno hacia lo público,Honduras : Xiomara y el viaje de retorno hacia lo público,surysur.net,local_file:GDELT_DOC_query_Nepal_social_media_ban _Gen Z _corruption,,excluded,published_at_or_seen_at_is_at_or_after_2025-09-08T00:00:00
external_excluded_b1ea2e4b87bca613,GDELT,gdelt_doc,nbclosangeles.com,news_index,https://www.nbclosangeles.com/entertainment/entertainment-news/22-year-old-texting-guide-for-parents-exclamation-points/3775519/,2025-09-08 23:30:00,English,Nepal,"Parents , youve been using the exclamation point wrong – NBC Los Angeles","Parents , youve been using the exclamation point wrong – NBC Los Angeles",nbclosangeles.com,local_file:GDELT_DOC_query_Nepal_social_media_ban _Gen Z _corruption,,excluded,published_at_or_seen_at_is_at_or_after_2025-09-08T00:00:00
external_excluded_0165e177275491cf,GDELT,gdelt_doc,ilmanifesto.it,news_index,https://ilmanifesto.it/bayrou-sfiduciato-francia-in-crisi-multipla,2025-09-08 23:30:00,Italian,Nepal,"Bayrou sfiduciato , Francia in crisi multipla","Bayrou sfiduciato , Francia in crisi multipla",ilmanifesto.it,local_file:GDELT_DOC_query_Nepal_social_media_ban _Gen Z _corruption,,excluded,published_at_or_seen_at_is_at_or_after_2025-09-08T00:00:00
external_excluded_2e8dadfb5b65f45c,GDELT,gdelt_doc,elimparcial.com,news_index,https://www.elimparcial.com/tij/rosarito/2025/09/08/bomberos-de-rosarito-trabajan-bajo-protesta-por-unidades-en-pesimo-estado/,2025-09-08 23:30:00,Spanish,Nepal,Bomberos de Rosarito trabajan bajo protesta por unidades en pésimo estado,Bomberos de Rosarito trabajan bajo protesta por unidades en pésimo estado,elimparcial.com,local_file:GDELT_DOC_query_Nepal_social_media_ban _Gen Z _corruption,,excluded,published_at_or_seen_at_is_at_or_after_2025-09-08T00:00:00
external_excluded_714550829880978e,GDELT,gdelt_doc,ridus.ru,news_index,https://www.ridus.ru/dgac-prognoziruet-sboi-v-aeroportah-francii-iz-za-protestov-690059.html,2025-09-08 23:30:00,Russian,Nepal,DGAC прогнозирует сбои в аэропортах Франции из - за протестов,DGAC прогнозирует сбои в аэропортах Франции из - за протестов,ridus.ru,local_file:GDELT_DOC_query_Nepal_social_media_ban _Gen Z _corruption,,excluded,published_at_or_seen_at_is_at_or_after_2025-09-08T00:00:00
external_excluded_03b45dcf3fe1b3af,GDELT,gdelt_doc,masslive.com,news_index,https://www.masslive.com/westernmass/2025/09/activists-to-rally-tuesday-against-ice-proposal-before-holyoke-city-council.html,2025-09-08 23:30:00,English,Nepal,Activists to rally Tuesday against ICE proposal before Holyoke City Council,Activists to rally Tuesday against ICE proposal before Holyoke City Council,masslive.com,local_file:GDELT_DOC_query_Nepal_social_media_ban _Gen Z _corruption,,excluded,published_at_or_seen_at_is_at_or_after_2025-09-08T00:00:00
external_excluded_cd1ebde54bf8092a,GDELT,gdelt_doc,ilmanifesto.it,news_index,https://ilmanifesto.it/esplode-in-nepal-la-rabbia-della-gen-z,2025-09-08 23:30:00,Italian,Nepal,Esplode in Nepal la Rabbia della Gen Z,Esplode in Nepal la Rabbia della Gen Z,ilmanifesto.it,local_file:GDELT_DOC_query_Nepal_social_media_ban _Gen Z _corruption,,excluded,published_at_or_seen_at_is_at_or_after_2025-09-08T00:00:00
external_excluded_0971b96d6fa3d22f,GDELT,gdelt_doc,ilmanifesto.it,news_index,https://ilmanifesto.it/mosca-le-sanzioni-non-ci-fanno-nulla-ma-leuropa-insiste,2025-09-08 23:30:00,Italian,Nepal,Mosca : « Le sanzioni non ci fanno nulla ». Ma lEuropa insiste,Mosca : « Le sanzioni non ci fanno nulla ». Ma lEuropa insiste,ilmanifesto.it,local_file:GDELT_DOC_query_Nepal_social_media_ban _Gen Z _corruption,,excluded,published_at_or_seen_at_is_at_or_after_2025-09-08T00:00:00
external_excluded_ab114785bdabc618,GDELT,gdelt_doc,ettoday.net,news_index,https://www.ettoday.net/news/20250909/3030066.htm,2025-09-08 23:30:00,Chinese,Nepal,北檢抗告柯文哲 律師分析2可能 ： 不想承擔任何責任 | ETtoday政治新聞,北檢抗告柯文哲 律師分析2可能 ： 不想承擔任何責任 | ETtoday政治新聞,ettoday.net,local_file:GDELT_DOC_query_Nepal_social_media_ban _Gen Z _corruption,,excluded,published_at_or_seen_at_is_at_or_after_2025-09-08T00:00:00
external_excluded_f8201ec54f995050,GDELT,gdelt_doc,intoleranciadiario.com,news_index,https://intoleranciadiario.com/articles/politica/2025/09/08/1042928-denunciascontra-funcionarios-publicos-se-podran-presentar-via-electronica.html,2025-09-08 23:30:00,Spanish,Nepal,Denuncias contra funcionarios públicos se podrán presentar vía electrónica,Denuncias contra funcionarios públicos se podrán presentar vía electrónica,intoleranciadiario.com,local_file:GDELT_DOC_query_Nepal_social_media_ban _Gen Z _corruption,,excluded,published_at_or_seen_at_is_at_or_after_2025-09-08T00:00:00
external_excluded_82364511927717ca,GDELT,gdelt_doc,mymotherlode.com,news_index,https://www.mymotherlode.com/news/europe/4285958/banksy-unveils-a-new-mural-of-a-judge-beating-a-protester-outside-london-court.html,2025-09-08 23:30:00,English,Nepal,New Banksy mural of a judge beating a protester to be removed from outside London court,New Banksy mural of a judge beating a protester to be removed from outside London court,mymotherlode.com,local_file:GDELT_DOC_query_Nepal_social_media_ban _Gen Z _corruption,,excluded,published_at_or_seen_at_is_at_or_after_2025-09-08T00:00:00
external_excluded_eace7cade77d59d3,GDELT,gdelt_doc,americatv.com.pe,news_index,https://www.americatv.com.pe/noticias/actualidad/que-dijo-ppk-sobre-fiscalia-y-caso-westfield-capital-n510756,2025-09-08 23:30:00,Spanish,Nepal,PPK afirma que la Fiscalía lo quiere aniquilar en juicio,PPK afirma que la Fiscalía lo quiere aniquilar en juicio,americatv.com.pe,local_file:GDELT_DOC_query_Nepal_social_media_ban _Gen Z _corruption,,excluded,published_at_or_seen_at_is_at_or_after_2025-09-08T00:00:00
external_excluded_bd0fd0fbf075b8c9,GDELT,gdelt_doc,libyaakhbar.com,news_index,https://www.libyaakhbar.com/business-news/2623599.html,2025-09-08 23:30:00,Arabic,Nepal,الصافي ل : استخدام التكنولوجيا في محاربة الفساد – بعد راتبك لحظي حان وقت نظام التتبع في الجمارك,الصافي ل : استخدام التكنولوجيا في محاربة الفساد – بعد راتبك لحظي حان وقت نظام التتبع في الجمارك,libyaakhbar.com,local_file:GDELT_DOC_query_Nepal_social_media_ban _Gen Z _corruption,,excluded,published_at_or_seen_at_is_at_or_after_2025-09-08T00:00:00
external_excluded_291d2d7a3c14209a,GDELT,gdelt_doc,stalbansreview.co.uk,news_index,https://www.stalbansreview.co.uk/news/national/25448697.police-nepal-open-fire-anti-government-protesters-killing-17/,2025-09-08 23:30:00,English,Nepal,"Police in Nepal open fire on anti - government protesters , killing 17","Police in Nepal open fire on anti - government protesters , killing 17",stalbansreview.co.uk,local_file:GDELT_DOC_query_Nepal_social_media_ban _Gen Z _corruption,,excluded,published_at_or_seen_at_is_at_or_after_2025-09-08T00:00:00
external_excluded_ee947db935c43a3a,GDELT,gdelt_doc,theglobeandmail.com,news_index,https://www.theglobeandmail.com/politics/article-ottawa-bubble-zones-protect-groups-from-harassment/,2025-09-08 23:30:00,English,Nepal,Ottawa urged to ensure bubble zones protect LGBTQ and other groups from harassment by protesters,Ottawa urged to ensure bubble zones protect LGBTQ and other groups from harassment by protesters,theglobeandmail.com,local_file:GDELT_DOC_query_Nepal_social_media_ban _Gen Z _corruption,,excluded,published_at_or_seen_at_is_at_or_after_2025-09-08T00:00:00
external_excluded_9e6eff33d674f429,GDELT,gdelt_doc,telesurtv.net,news_index,https://www.telesurtv.net/ecuador-noboa-debe-643-millones-municipios/,2025-09-08 23:30:00,Spanish,Nepal,Ecuador : Noboa debe más de 643 millones de dólares a jefaturas municipales,Ecuador : Noboa debe más de 643 millones de dólares a jefaturas municipales,telesurtv.net,local_file:GDELT_DOC_query_Nepal_social_media_ban _Gen Z _corruption,,excluded,published_at_or_seen_at_is_at_or_after_2025-09-08T00:00:00
external_excluded_fbf7de9664341fb9,GDELT,gdelt_doc,444.hu,news_index,https://444.hu/2025/09/09/kotcse-gyumolcse,2025-09-08 23:30:00,Hungarian,Nepal,Kötcse gyümölcse,Kötcse gyümölcse,444.hu,local_file:GDELT_DOC_query_Nepal_social_media_ban _Gen Z _corruption,,excluded,published_at_or_seen_at_is_at_or_after_2025-09-08T00:00:00
external_excluded_b1cea9f551ebb990,GDELT,gdelt_doc,vnexpress.net,news_index,https://vnexpress.net/du-khach-thanh-vat-te-than-o-nhung-noi-qua-tai-4936329.html,2025-09-08 23:30:00,Vietnamese,Nepal,Du khách thành vật tế thần ở những nơi quá tải,Du khách thành vật tế thần ở những nơi quá tải,vnexpress.net,local_file:GDELT_DOC_query_Nepal_social_media_ban _Gen Z _corruption,,excluded,published_at_or_seen_at_is_at_or_after_2025-09-08T00:00:00
external_excluded_46a608b4bbbf3c86,GDELT,gdelt_doc,10tv.com,news_index,https://www.10tv.com/article/news/nation-world/judge-blocks-trump-administration-ending-protections-venezuelans-haitians/507-0924b0d8-30a0-4936-ac8b-497ae2328cfb,2025-09-08 23:30:00,English,Nepal,Judge blocks Trump administration attempt to end protections for 1 . 1M immigrants,Judge blocks Trump administration attempt to end protections for 1 . 1M immigrants,10tv.com,local_file:GDELT_DOC_query_Nepal_social_media_ban _Gen Z _corruption,,excluded,published_at_or_seen_at_is_at_or_after_2025-09-08T00:00:00
external_excluded_f2eba336459f96ac,GDELT,gdelt_doc,eldia.com.do,news_index,https://eldia.com.do/senasa-bajo-fuego-abinader-advierte-consecuencias/,2025-09-08 23:30:00,Spanish,Nepal,SeNaSa bajo fuego : Abinader advierte consecuencias drásticas,SeNaSa bajo fuego : Abinader advierte consecuencias drásticas,eldia.com.do,local_file:GDELT_DOC_query_Nepal_social_media_ban _Gen Z _corruption,,excluded,published_at_or_seen_at_is_at_or_after_2025-09-08T00:00:00
external_excluded_c27b4b3d14042aec,GDELT,gdelt_doc,thewrap.com,news_index,https://www.thewrap.com/youtube-nfl-game-chiefs-chargers-viewership-analysis/,2025-09-08 23:30:00,English,Nepal,YouTube Record - Setting NFL Game Has a Big Asterisk,YouTube Record - Setting NFL Game Has a Big Asterisk,thewrap.com,local_file:GDELT_DOC_query_Nepal_social_media_ban _Gen Z _corruption,,excluded,published_at_or_seen_at_is_at_or_after_2025-09-08T00:00:00
external_excluded_caecffc45923a94f,GDELT,gdelt_doc,wbap.com,news_index,https://www.wbap.com/news/nbc-poll-big-gender-gap-on-politics-social-issues-in-gen-z/,2025-09-08 23:30:00,English,Nepal,"NBC Poll : Big Gender Gap on Politics , Social Issues in Gen Z","NBC Poll : Big Gender Gap on Politics , Social Issues in Gen Z",wbap.com,local_file:GDELT_DOC_query_Nepal_social_media_ban _Gen Z _corruption,,excluded,published_at_or_seen_at_is_at_or_after_2025-09-08T00:00:00
external_excluded_34e1166ddcd386a6,GDELT,gdelt_doc,portstephensexaminer.com.au,news_index,https://www.portstephensexaminer.com.au/story/9052783/why-solo-travel-isnt-for-everyone/,2025-09-08 23:30:00,English,Nepal,Why solo travel isnt for everyone | Port Stephens Examiner,Why solo travel isnt for everyone | Port Stephens Examiner,portstephensexaminer.com.au,local_file:GDELT_DOC_query_Nepal_social_media_ban _Gen Z _corruption,,excluded,published_at_or_seen_at_is_at_or_after_2025-09-08T00:00:00
external_excluded_61d1c5ea0dad9438,GDELT,gdelt_doc,elcorreo.com,news_index,https://www.elcorreo.com/bizkaia/taxistas-denuncian-precios-uber-trayecto-bilbao-san-20250908002057-nt.html,2025-09-08 23:30:00,Spanish,Nepal,Taxistas denuncian los precios de Uber para un trayecto Bilbao - San Sebastián : « Casi el doble que un taxi »,Taxistas denuncian los precios de Uber para un trayecto Bilbao - San Sebastián : « Casi el doble que un taxi »,elcorreo.com,local_file:GDELT_DOC_query_Nepal_social_media_ban _Gen Z _corruption,,excluded,published_at_or_seen_at_is_at_or_after_2025-09-08T00:00:00
external_excluded_5e8ea7bd3b7f1ad7,GDELT,gdelt_doc,fondsk.ru,news_index,https://fondsk.ru/news/2025/09/09/makron-vyydi-von.html,2025-09-08 23:30:00,Russian,Nepal,"Макрон , выйди вон ! Фонд стратегической культуры","Макрон , выйди вон ! Фонд стратегической культуры",fondsk.ru,local_file:GDELT_DOC_query_Nepal_social_media_ban _Gen Z _corruption,,excluded,published_at_or_seen_at_is_at_or_after_2025-09-08T00:00:00
external_excluded_592d913e6c60e56d,GDELT,gdelt_doc,fondsk.ru,news_index,https://fondsk.ru/news/2025/09/08/ssha-ne-zhelayut-puskat-palestincev-v-oon.html,2025-09-08 23:30:00,Russian,Nepal,США не желают пускать палестинцев в ООН Фонд стратегической культуры,США не желают пускать палестинцев в ООН Фонд стратегической культуры,fondsk.ru,local_file:GDELT_DOC_query_Nepal_social_media_ban _Gen Z _corruption,,excluded,published_at_or_seen_at_is_at_or_after_2025-09-08T00:00:00
external_excluded_9901ec563cdff11d,GDELT,gdelt_doc,hna.de,news_index,https://www.hna.de/politik/us-regierung-kuendigt-einsatz-gegen-migranten-in-chicago-an-zr-93924190.html,2025-09-08 23:30:00,German,Nepal,US - Regierung kündigt Einsatz gegen Migranten in Chicago an,US - Regierung kündigt Einsatz gegen Migranten in Chicago an,hna.de,local_file:GDELT_DOC_query_Nepal_social_media_ban _Gen Z _corruption,,excluded,published_at_or_seen_at_is_at_or_after_2025-09-08T00:00:00
external_excluded_2964ca7f8b4864de,GDELT,gdelt_doc,elcorreo.com,news_index,https://www.elcorreo.com/opinion/pablo-martinez-zarracina-woodward-leire-20250909000044-nt.html,2025-09-08 23:30:00,Spanish,Nepal,Woodward y Leire | El Correo,Woodward y Leire | El Correo,elcorreo.com,local_file:GDELT_DOC_query_Nepal_social_media_ban _Gen Z _corruption,,excluded,published_at_or_seen_at_is_at_or_after_2025-09-08T00:00:00
external_excluded_2c0905b9334a3186,GDELT,gdelt_doc,deperu.com,news_index,https://www.deperu.com/tv/2Qcb4xsoYVo.exitosa-y-bolichera-2335-premian-a-oyentes-con-leche-de-tigre-en-lince.UCxgO_rak_BKZP8VNVmYqbWg.html,2025-09-08 23:30:00,Spanish,Nepal,Video : Exitosa y,Video : Exitosa y,deperu.com,local_file:GDELT_DOC_query_Nepal_social_media_ban _Gen Z _corruption,,excluded,published_at_or_seen_at_is_at_or_after_2025-09-08T00:00:00
external_excluded_10ef5e5b1f2a2fb2,GDELT,gdelt_doc,intoleranciadiario.com,news_index,https://intoleranciadiario.com/articles/internacional/2025/09/08/1042927-capitan-de-marina-se-quita-la-vida-tras-ser-implicado-en-red-de-huachicol-fiscal.html,2025-09-08 23:30:00,Spanish,Nepal,Capitán de marina se quita la vida tras ser implicado en red de huachicol fiscal,Capitán de marina se quita la vida tras ser implicado en red de huachicol fiscal,intoleranciadiario.com,local_file:GDELT_DOC_query_Nepal_social_media_ban _Gen Z _corruption,,excluded,published_at_or_seen_at_is_at_or_after_2025-09-08T00:00:00
external_excluded_85db95d2d2e2df25,GDELT,gdelt_doc,ilmanifesto.it,news_index,https://ilmanifesto.it/carcere-suicida-detenuta-di-26-anni,2025-09-08 23:30:00,Italian,Nepal,"Carcere , « suicida » detenuta di 26 anni","Carcere , « suicida » detenuta di 26 anni",ilmanifesto.it,local_file:GDELT_DOC_query_Nepal_social_media_ban _Gen Z _corruption,,excluded,published_at_or_seen_at_is_at_or_after_2025-09-08T00:00:00
external_excluded_53502b92b663e2ab,GDELT,gdelt_doc,plo.vn,news_index,https://plo.vn/than-toc-trien-khai-bo-tu-tru-cot-bai-2-viet-nam-kien-tri-quan-diem-chon-le-phai-trong-hoi-nhap-quoc-te-post869528.html,2025-09-08 23:30:00,Vietnamese,Nepal,Thần tốc triển khai bộ tứ trụ cột - Bài 2 : Việt Nam kiên trì quan điểm chọn lẽ phải trong hội nhập quốc tế,Thần tốc triển khai bộ tứ trụ cột - Bài 2 : Việt Nam kiên trì quan điểm chọn lẽ phải trong hội nhập quốc tế,plo.vn,local_file:GDELT_DOC_query_Nepal_social_media_ban _Gen Z _corruption,,excluded,published_at_or_seen_at_is_at_or_after_2025-09-08T00:00:00
external_excluded_bd0404a71cc9085f,GDELT,gdelt_doc,haberturk.com,news_index,https://www.haberturk.com/muhittin-bocek-hastanede-kontrolden-gecti-3820944,2025-09-08 23:30:00,Turkish,Nepal,Muhittin Böcek hastanede kontrolden geçti | Son dakika haberleri,Muhittin Böcek hastanede kontrolden geçti | Son dakika haberleri,haberturk.com,local_file:GDELT_DOC_query_Nepal_social_media_ban _Gen Z _corruption,,excluded,published_at_or_seen_at_is_at_or_after_2025-09-08T00:00:00
external_excluded_cd5fdceaab52b194,GDELT,gdelt_doc,zocalo.com.mx,news_index,https://www.zocalo.com.mx/presencia-de-grupo-armado-causa-el-cierre-del-hospital-general-de-culiacan/,2025-09-08 23:30:00,Spanish,Nepal,"Presencia de grupo armado causa el cierre del Hospital General de Culiacán – Periódico Zócalo | Noticias de Saltillo , Torreón , Piedras Negras , Monclova , Acuña","Presencia de grupo armado causa el cierre del Hospital General de Culiacán – Periódico Zócalo | Noticias de Saltillo , Torreón , Piedras Negras , Monclova , Acuña",zocalo.com.mx,local_file:GDELT_DOC_query_Nepal_social_media_ban _Gen Z _corruption,,excluded,published_at_or_seen_at_is_at_or_after_2025-09-08T00:00:00
external_excluded_ce126ec8a3b46ec0,GDELT,gdelt_doc,storm.mg,news_index,https://www.storm.mg/article/11065875,2025-09-08 23:30:00,Chinese,Nepal,夏一新觀點 ： 柯文哲案令台灣司法蒙羞 | 評論,夏一新觀點 ： 柯文哲案令台灣司法蒙羞 | 評論,storm.mg,local_file:GDELT_DOC_query_Nepal_social_media_ban _Gen Z _corruption,,excluded,published_at_or_seen_at_is_at_or_after_2025-09-08T00:00:00
external_excluded_9da519181be26e6c,GDELT,gdelt_doc,hankookilbo.com,news_index,https://www.hankookilbo.com:443/News/Read/A2025090810130005417,2025-09-08 23:30:00,Korean,Nepal,공들인 원전은 어쩌나요 ... 기후에너지환경부 등장에 혼란 커진 에너지 기관들,공들인 원전은 어쩌나요 ... 기후에너지환경부 등장에 혼란 커진 에너지 기관들,hankookilbo.com,local_file:GDELT_DOC_query_Nepal_social_media_ban _Gen Z _corruption,,excluded,published_at_or_seen_at_is_at_or_after_2025-09-08T00:00:00
external_excluded_b1610db5ea890d07,GDELT,gdelt_doc,chandrikadaily.com,news_index,https://www.chandrikadaily.com/gen-c-rebellion-nepal-home-minister-resigns.html,2025-09-08 23:30:00,Malayalam,Nepal,ജെന്‍ സി കലാപം ; നേപ്പാള്‍ ആഭ്യന്തര മന്ത്രി രാജിവെച്ചു,ജെന്‍ സി കലാപം ; നേപ്പാള്‍ ആഭ്യന്തര മന്ത്രി രാജിവെച്ചു,chandrikadaily.com,local_file:GDELT_DOC_query_Nepal_social_media_ban _Gen Z _corruption,,excluded,published_at_or_seen_at_is_at_or_after_2025-09-08T00:00:00
external_excluded_87cb6e3061e6ca9b,GDELT,gdelt_doc,finance.sina.com.cn,news_index,https://finance.sina.com.cn/tech/discovery/2025-09-09/doc-infpvtus9038078.shtml,2025-09-08 23:30:00,Chinese,Nepal,留学生们 正在围攻夸克,留学生们 正在围攻夸克,finance.sina.com.cn,local_file:GDELT_DOC_query_Nepal_social_media_ban _Gen Z _corruption,,excluded,published_at_or_seen_at_is_at_or_after_2025-09-08T00:00:00
external_excluded_ef662851423e344e,GDELT,gdelt_doc,community.scoop.co.nz,news_index,https://community.scoop.co.nz/2025/09/employment-hero-releases-first-new-zealand-sme-jobs-report-pointing-to-stabilisation-amid-mixed-sentiment/,2025-09-08 23:30:00,English,Nepal,"Community Scoop » Employment Hero Releases First New Zealand SME Jobs Report , Pointing To Stabilisation Amid Mixed Sentiment","Community Scoop » Employment Hero Releases First New Zealand SME Jobs Report , Pointing To Stabilisation Amid Mixed Sentiment",community.scoop.co.nz,local_file:GDELT_DOC_query_Nepal_social_media_ban _Gen Z _corruption,,excluded,published_at_or_seen_at_is_at_or_after_2025-09-08T00:00:00
external_excluded_d765cd63b8828531,GDELT,gdelt_doc,infotel.ca,news_index,https://infotel.ca/newsitem/world/cp296446436,2025-09-08 23:30:00,English,Nepal,The Latest : New Chicago ICE campaign prompts confusion over Trump plans for federal intervention | iNFOnews,The Latest : New Chicago ICE campaign prompts confusion over Trump plans for federal intervention | iNFOnews,infotel.ca,local_file:GDELT_DOC_query_Nepal_social_media_ban _Gen Z _corruption,,excluded,published_at_or_seen_at_is_at_or_after_2025-09-08T00:00:00
external_excluded_c60a934eb89ea004,GDELT,gdelt_doc,farmer.pl,news_index,"https://www.farmer.pl/finanse/rolnicy-zebrali-cala-kwote-dla-szymona-kluki-ta-sprawa-zmieni-prawo,165973.html",2025-09-08 23:30:00,Polish,Nepal,Rolnicy zebrali całą kwotę dla Szymona Kluki . Ta sprawa zmieni prawo ?,Rolnicy zebrali całą kwotę dla Szymona Kluki . Ta sprawa zmieni prawo ?,farmer.pl,local_file:GDELT_DOC_query_Nepal_social_media_ban _Gen Z _corruption,,excluded,published_at_or_seen_at_is_at_or_after_2025-09-08T00:00:00
external_excluded_bd5751b4fe47de8f,GDELT,gdelt_doc,ledevoir.com,news_index,https://www.ledevoir.com/monde/asie/915243/police-ouvre-feu-manifestants-nepal-tuant-19-personnes,2025-09-08 23:30:00,French,Nepal,"La police ouvre le feu dans une manifestation contre le blocage des réseaux sociaux au Népal , tuant au moins 19 personnes","La police ouvre le feu dans une manifestation contre le blocage des réseaux sociaux au Népal , tuant au moins 19 personnes",ledevoir.com,local_file:GDELT_DOC_query_Nepal_social_media_ban _Gen Z _corruption,,excluded,published_at_or_seen_at_is_at_or_after_2025-09-08T00:00:00
external_excluded_ff2dfaf150f6165f,GDELT,gdelt_doc,rferl.org,news_index,https://www.rferl.org/a/serbia-protest-belgrade-novi-sad-vucic/33525034.html,2025-09-08 23:30:00,English,Nepal,Belgrade Rally Accuses Police Of Using Violence Against Anti - Government Protesters,Belgrade Rally Accuses Police Of Using Violence Against Anti - Government Protesters,rferl.org,local_file:GDELT_DOC_query_Nepal_social_media_ban _Gen Z _corruption,,excluded,published_at_or_seen_at_is_at_or_after_2025-09-08T00:00:00
external_excluded_62939f22666ab259,GDELT,gdelt_doc,plo.vn,news_index,https://plo.vn/tphcm-trien-khai-chi-dao-cua-tong-bi-thu-khong-de-ton-dong-vu-viec-cu-post869552.html,2025-09-08 23:30:00,Vietnamese,Nepal,TP . HCM triển khai chỉ đạo của Tổng Bí thư : Không để tồn đọng vụ việc cũ,TP . HCM triển khai chỉ đạo của Tổng Bí thư : Không để tồn đọng vụ việc cũ,plo.vn,local_file:GDELT_DOC_query_Nepal_social_media_ban _Gen Z _corruption,,excluded,published_at_or_seen_at_is_at_or_after_2025-09-08T00:00:00
external_excluded_ce390c018d4ad648,GDELT,gdelt_doc,noticiassin.com,news_index,https://www.noticiassin.com/noticias-sin-y-mucho-mas-8-de-septiembre-2006532,2025-09-08 23:30:00,Spanish,Nepal,Noticias SIN y Mucho Más 8 de septiembre,Noticias SIN y Mucho Más 8 de septiembre,noticiassin.com,local_file:GDELT_DOC_query_Nepal_social_media_ban _Gen Z _corruption,,excluded,published_at_or_seen_at_is_at_or_after_2025-09-08T00:00:00
external_excluded_ca51a9248c6650cd,GDELT,gdelt_doc,noticiassin.com,news_index,https://www.noticiassin.com/noticias-sin-y-mucho-mas-8-de-septiembre-misa-por-victimas-del-jet-set-a-cinco-meses-del-derrumbe-2006532,2025-09-08 23:30:00,Spanish,Nepal,Noticias SIN y Mucho Más 8 de septiembre,Noticias SIN y Mucho Más 8 de septiembre,noticiassin.com,local_file:GDELT_DOC_query_Nepal_social_media_ban _Gen Z _corruption,,excluded,published_at_or_seen_at_is_at_or_after_2025-09-08T00:00:00
external_excluded_2cf207ef082362f2,GDELT,gdelt_doc,elcorreo.com,news_index,https://www.elcorreo.com/opinion/editoriales/editorial-veto-militar-israel-20250909000102-nt.html,2025-09-08 23:30:00,Spanish,Nepal,Veto militar a Israel | El Correo,Veto militar a Israel | El Correo,elcorreo.com,local_file:GDELT_DOC_query_Nepal_social_media_ban _Gen Z _corruption,,excluded,published_at_or_seen_at_is_at_or_after_2025-09-08T00:00:00
external_excluded_3f7bcb66895f3bc1,GDELT,gdelt_doc,news.ifeng.com,news_index,https://news.ifeng.com/c/8mUzp5u5dO0,2025-09-08 23:30:00,Chinese,Nepal,韩媒怒批 ： 韩国被美国打了一闷棍,韩媒怒批 ： 韩国被美国打了一闷棍,news.ifeng.com,local_file:GDELT_DOC_query_Nepal_social_media_ban _Gen Z _corruption,,excluded,published_at_or_seen_at_is_at_or_after_2025-09-08T00:00:00
external_excluded_5539c257238838ce,GDELT,gdelt_doc,storm.mg,news_index,https://www.storm.mg/article/11066036,2025-09-08 23:30:00,Chinese,Nepal,朱淑娟專欄 ： 社子島 「 協議價購 」 ─不是協議 ， 是強迫交出土地 | 評論,朱淑娟專欄 ： 社子島 「 協議價購 」 ─不是協議 ， 是強迫交出土地 | 評論,storm.mg,local_file:GDELT_DOC_query_Nepal_social_media_ban _Gen Z _corruption,,excluded,published_at_or_seen_at_is_at_or_after_2025-09-08T00:00:00
external_excluded_76d9791155c55053,GDELT,gdelt_doc,expreso.ec,news_index,https://www.expreso.ec/actualidad/caso-petroecuador-abogados-piden-la-nulidad-del-proceso-que-involucra-256320.html,2025-09-08 23:30:00,Spanish,Nepal,Caso Alianza : Abogados piden la nulidad del proceso que involucra a Nilsen Arias,Caso Alianza : Abogados piden la nulidad del proceso que involucra a Nilsen Arias,expreso.ec,local_file:GDELT_DOC_query_Nepal_social_media_ban _Gen Z _corruption,,excluded,published_at_or_seen_at_is_at_or_after_2025-09-08T00:00:00
external_excluded_3f5d8ee249abb62a,GDELT,gdelt_doc,stalbansreview.co.uk,news_index,https://www.stalbansreview.co.uk/news/national/25449325.palestinian-gunmen-open-fire-jerusalem-bus-stop-killing-six/,2025-09-08 23:30:00,English,Nepal,"Palestinian gunmen open fire at Jerusalem bus stop , killing six","Palestinian gunmen open fire at Jerusalem bus stop , killing six",stalbansreview.co.uk,local_file:GDELT_DOC_query_Nepal_social_media_ban _Gen Z _corruption,,excluded,published_at_or_seen_at_is_at_or_after_2025-09-08T00:00:00
external_excluded_d58776ffdc7c2c8b,GDELT,gdelt_doc,manilatimes.net,news_index,https://www.manilatimes.net/2025/09/09/tmt-newswire/globenewswire/social-gaming-leadership-alliance-california-tribes-rise-up-against-ab-831/2181050,2025-09-08 23:30:00,English,Nepal,Social Gaming Leadership Alliance : California Tribes Rise Up Against AB 831,Social Gaming Leadership Alliance : California Tribes Rise Up Against AB 831,manilatimes.net,local_file:GDELT_DOC_query_Nepal_social_media_ban _Gen Z _corruption,,excluded,published_at_or_seen_at_is_at_or_after_2025-09-08T00:00:00
external_excluded_310ec449db7b3214,GDELT,gdelt_doc,laprensa.com.ar,news_index,https://www.laprensa.com.ar/La-respuesta-de-Milei-a-la-derrota-crea-una-mesa-politica-nacional-y-convoca-a-los-gobernadores-563862.note.aspx,2025-09-08 23:30:00,Spanish,Nepal,La respuesta de Milei a la derrota : crea una mesa política nacional y convoca a los gobernadores,La respuesta de Milei a la derrota : crea una mesa política nacional y convoca a los gobernadores,laprensa.com.ar,local_file:GDELT_DOC_query_Nepal_social_media_ban _Gen Z _corruption,,excluded,published_at_or_seen_at_is_at_or_after_2025-09-08T00:00:00
external_excluded_9aff9d142b0a9c0a,GDELT,gdelt_doc,oem.com.mx,news_index,https://oem.com.mx:443/elsoldetoluca/local/comerciantes-protestan-en-toluca-por-presuntos-hechos-de-violencia-y-abusos-en-el-tianguis-de-palmillas-25648466,2025-09-08 23:30:00,Spanish,Nepal,"Comerciantes protestan en Toluca por presuntos hechos de violencia y abusos en el tianguis de Palmillas - El Sol de Toluca | Noticias Locales , Policiacas , sobre México , Edomex y el Mundo","Comerciantes protestan en Toluca por presuntos hechos de violencia y abusos en el tianguis de Palmillas - El Sol de Toluca | Noticias Locales , Policiacas , sobre México , Edomex y el Mundo",oem.com.mx,local_file:GDELT_DOC_query_Nepal_social_media_ban _Gen Z _corruption,,excluded,published_at_or_seen_at_is_at_or_after_2025-09-08T00:00:00
external_excluded_75e9696aa156a60c,GDELT,gdelt_doc,eldiario.ec,news_index,https://www.eldiario.ec/mundo/cerca-de-una-veintena-de-muertos-por-las-protestas-contra-la-prohibicion-de-las-redes-sociales-en-nepal-08092025/,2025-09-08 23:30:00,Spanish,Nepal,Cerca de una veintena de muertos por las protestas contra la prohibición de las redes sociales en Nepal,Cerca de una veintena de muertos por las protestas contra la prohibición de las redes sociales en Nepal,eldiario.ec,local_file:GDELT_DOC_query_Nepal_social_media_ban _Gen Z _corruption,,excluded,published_at_or_seen_at_is_at_or_after_2025-09-08T00:00:00
external_excluded_042991e57c384306,GDELT,gdelt_doc,imparcialoaxaca.mx,news_index,https://imparcialoaxaca.mx/nacional/se-llevo-los-nombres-a-la-tumba-capitan-vinculado-al-huachicol-fiscal-aparece-muerto-en-su-oficina/,2025-09-08 23:30:00,Spanish,Nepal,¿ Se llevó los nombres a la tumba ? Capitán vinculado al huachicol fiscal aparece muerto en su oficina,¿ Se llevó los nombres a la tumba ? Capitán vinculado al huachicol fiscal aparece muerto en su oficina,imparcialoaxaca.mx,local_file:GDELT_DOC_query_Nepal_social_media_ban _Gen Z _corruption,,excluded,published_at_or_seen_at_is_at_or_after_2025-09-08T00:00:00
external_excluded_9d50fcdc2d5a4ba9,GDELT,gdelt_doc,ilmanifesto.it,news_index,https://ilmanifesto.it/la-motosega-di-milei-si-e-inceppata-nelle-urne-di-buenos-aires,2025-09-08 23:30:00,Italian,Nepal,La motosega di Milei si è inceppata nelle urne di Buenos Aires,La motosega di Milei si è inceppata nelle urne di Buenos Aires,ilmanifesto.it,local_file:GDELT_DOC_query_Nepal_social_media_ban _Gen Z _corruption,,excluded,published_at_or_seen_at_is_at_or_after_2025-09-08T00:00:00
external_excluded_aae157bf83e53845,GDELT,gdelt_doc,zocalo.com.mx,news_index,https://www.zocalo.com.mx/maniobras-militares-de-eu-en-puerto-rico-continuaran-con-mas-refuerzos/,2025-09-08 23:30:00,Spanish,Nepal,"Maniobras militares de EU en Puerto Rico continuarán con más refuerzos – Periódico Zócalo | Noticias de Saltillo , Torreón , Piedras Negras , Monclova , Acuña","Maniobras militares de EU en Puerto Rico continuarán con más refuerzos – Periódico Zócalo | Noticias de Saltillo , Torreón , Piedras Negras , Monclova , Acuña",zocalo.com.mx,local_file:GDELT_DOC_query_Nepal_social_media_ban _Gen Z _corruption,,excluded,published_at_or_seen_at_is_at_or_after_2025-09-08T00:00:00
external_excluded_9e639fb1c92f9e64,GDELT,gdelt_doc,eenews.net,news_index,https://www.eenews.net/articles/sunrise-organizes-walkout-to-protest-dc-occupation/,2025-09-08 23:30:00,English,Nepal,Sunrise organizes walkout to protest DC occupation - E & E News by POLITICO,Sunrise organizes walkout to protest DC occupation - E & E News by POLITICO,eenews.net,local_file:GDELT_DOC_query_Nepal_social_media_ban _Gen Z _corruption,,excluded,published_at_or_seen_at_is_at_or_after_2025-09-08T00:00:00
external_excluded_f172301e0d17893f,GDELT,gdelt_doc,plo.vn,news_index,https://plo.vn/thu-tuong-anutin-va-hoa-binh-bien-gioi-thai-lan-campuchia-post869459.html,2025-09-08 23:30:00,Vietnamese,Nepal,Thủ tướng Anutin và hòa bình biên giới Thái Lan - Campuchia,Thủ tướng Anutin và hòa bình biên giới Thái Lan - Campuchia,plo.vn,local_file:GDELT_DOC_query_Nepal_social_media_ban _Gen Z _corruption,,excluded,published_at_or_seen_at_is_at_or_after_2025-09-08T00:00:00
external_excluded_4f6bc0c74960e8fe,GDELT,gdelt_doc,kashmirreader.com,news_index,https://kashmirreader.com/2025/09/09/pnb-fraud-india-gives-formal-assurance-to-belgium-on-mehul-choksis-detention-conditions/,2025-09-08 23:30:00,English,Nepal,PNB fraud : India gives formal assurance to Belgium on Mehul Choksi detention conditions,PNB fraud : India gives formal assurance to Belgium on Mehul Choksi detention conditions,kashmirreader.com,local_file:GDELT_DOC_query_Nepal_social_media_ban _Gen Z _corruption,,excluded,published_at_or_seen_at_is_at_or_after_2025-09-08T00:00:00
external_excluded_5d9e7fa80501790f,GDELT,gdelt_doc,biztoc.com,news_index,https://biztoc.com/x/a4a1ab31cfeaa24b,2025-09-08 23:30:00,English,Nepal,Nepal Gen Z protests turn deadly,Nepal Gen Z protests turn deadly,biztoc.com,local_file:GDELT_DOC_query_Nepal_social_media_ban _Gen Z _corruption,,excluded,published_at_or_seen_at_is_at_or_after_2025-09-08T00:00:00
external_excluded_c24adb385eaf0a07,GDELT,gdelt_doc,tiempo.com.mx,news_index,https://www.tiempo.com.mx/crealo/nuevo-mural-de-banksy-en-apoyo-a-palestina/,2025-09-08 23:30:00,Spanish,Nepal,Nuevo mural de Banksy en apoyo a Palestina,Nuevo mural de Banksy en apoyo a Palestina,tiempo.com.mx,local_file:GDELT_DOC_query_Nepal_social_media_ban _Gen Z _corruption,,excluded,published_at_or_seen_at_is_at_or_after_2025-09-08T00:00:00
external_excluded_f36772fc07869bca,GDELT,gdelt_doc,noticiassin.com,news_index,https://www.noticiassin.com/abinader-cero-tolerancia-a-la-corrupcion-2006511,2025-09-08 23:30:00,Spanish,Nepal,Abinader : cero tolerancia a la corrupción,Abinader : cero tolerancia a la corrupción,noticiassin.com,local_file:GDELT_DOC_query_Nepal_social_media_ban _Gen Z _corruption,,excluded,published_at_or_seen_at_is_at_or_after_2025-09-08T00:00:00
external_excluded_29601c786fe6c310,GDELT,gdelt_doc,indianexpress.com,news_index,https://indianexpress.com/article/india/land-for-jobs-lalu-yadav-asks-delhi-hc-to-quash-2022-cbi-case-10238498/,2025-09-08 23:30:00,English,Nepal,Land - for - job : Lalu Yadav asks Delhi HC to quash 2022 CBI case | India News,Land - for - job : Lalu Yadav asks Delhi HC to quash 2022 CBI case | India News,indianexpress.com,local_file:GDELT_DOC_query_Nepal_social_media_ban _Gen Z _corruption,,excluded,published_at_or_seen_at_is_at_or_after_2025-09-08T00:00:00
external_excluded_d5f2bbe7e11ffbc4,GDELT,gdelt_doc,standard.net.au,news_index,https://www.standard.net.au/story/9052783/why-solo-travel-isnt-for-everyone/,2025-09-08 23:30:00,English,Nepal,Why solo travel isnt for everyone | The Standard,Why solo travel isnt for everyone | The Standard,standard.net.au,local_file:GDELT_DOC_query_Nepal_social_media_ban _Gen Z _corruption,,excluded,published_at_or_seen_at_is_at_or_after_2025-09-08T00:00:00
external_excluded_23d08e7ed5d8f35d,GDELT,gdelt_doc,ilmanifesto.it,news_index,https://ilmanifesto.it/edizioni/il-manifesto/il-manifesto-del-09-09-2025,2025-09-08 23:30:00,Italian,Nepal,Edizione il manifesto del 09 . 09 . 2025,Edizione il manifesto del 09 . 09 . 2025,ilmanifesto.it,local_file:GDELT_DOC_query_Nepal_social_media_ban _Gen Z _corruption,,excluded,published_at_or_seen_at_is_at_or_after_2025-09-08T00:00:00
external_excluded_902b138ed6651a17,GDELT,gdelt_doc,eldiario.ec,news_index,https://www.eldiario.ec/portoviejo/fressia-villacreses-presenta-recurso-de-apelacion-contra-condena-de-prision-08092025/,2025-09-08 23:30:00,Spanish,Nepal,Fressia Villacreses presenta recurso de apelación contra condena de prisión,Fressia Villacreses presenta recurso de apelación contra condena de prisión,eldiario.ec,local_file:GDELT_DOC_query_Nepal_social_media_ban _Gen Z _corruption,,excluded,published_at_or_seen_at_is_at_or_after_2025-09-08T00:00:00
external_excluded_8273e93264f58ef4,GDELT,gdelt_doc,time.mk,news_index,https://time.mk/c/906852c92b/najmalku-19-zaginati-vo-golemi-neredi-vo-nepal-otkako-vladata-gi-zabrani-socijalnite-mrezi.html,2025-09-08 23:30:00,Macedonian,Nepal,"Протест на „ Генерацијата З во Непал , ситуацијата останува напната : Илјадници луѓе на улиците , полицијата пука врз демонстрантите / видео","Протест на „ Генерацијата З во Непал , ситуацијата останува напната : Илјадници луѓе на улиците , полицијата пука врз демонстрантите / видео",time.mk,local_file:GDELT_DOC_query_Nepal_social_media_ban _Gen Z _corruption,,excluded,published_at_or_seen_at_is_at_or_after_2025-09-08T00:00:00
external_excluded_eceacbdefd169a64,GDELT,gdelt_doc,elciudadanoweb.com,news_index,https://elciudadanoweb.com/la-respuesta-de-milei-a-la-durisima-derrota-electoral-creo-una-mesa-politica-nacional-y-convoco-a-los-gobernadores/,2025-09-08 23:30:00,Spanish,Nepal,La respuesta de Milei a la durísima derrota electoral : creó una mesa política nacional y convocó a los gobernadores,La respuesta de Milei a la durísima derrota electoral : creó una mesa política nacional y convocó a los gobernadores,elciudadanoweb.com,local_file:GDELT_DOC_query_Nepal_social_media_ban _Gen Z _corruption,,excluded,published_at_or_seen_at_is_at_or_after_2025-09-08T00:00:00
external_excluded_967884f9e67626ca,GDELT,gdelt_doc,timesofindia.indiatimes.com,news_index,https://timesofindia.indiatimes.com/city/varanasi/nepals-decision-of-social-media-ban-cuts-off-families/articleshow/123772776.cms,2025-09-08 23:30:00,English,Nepal,Nepal decision of social media ban cuts off families | Varanasi News,Nepal decision of social media ban cuts off families | Varanasi News,timesofindia.indiatimes.com,local_file:GDELT_DOC_query_Nepal_social_media_ban _Gen Z _corruption,,excluded,published_at_or_seen_at_is_at_or_after_2025-09-08T00:00:00
external_excluded_6d0714d128f36eea,GDELT,gdelt_doc,sun-sentinel.com,news_index,https://www.sun-sentinel.com/2025/09/08/nepal-social-media-protest/,2025-09-08 23:30:00,English,Nepal,"Police open fire on protests of Nepal social media policy , killing at least 17","Police open fire on protests of Nepal social media policy , killing at least 17",sun-sentinel.com,local_file:GDELT_DOC_query_Nepal_social_media_ban _Gen Z _corruption,,excluded,published_at_or_seen_at_is_at_or_after_2025-09-08T00:00:00
external_excluded_6fc3116eec54816e,GDELT,gdelt_doc,rp.pl,news_index,https://www.rp.pl/konflikty-zbrojne/art42977621-hiszpania-oglasza-embargo-na-sprzedaz-broni-do-izraela-mowi-o-ludobojstwie,2025-09-08 23:30:00,Polish,Nepal,Hiszpania wprost o „ ludobójstwie w Strefie Gazy . Zakaz handlu bronią z Izraelem,Hiszpania wprost o „ ludobójstwie w Strefie Gazy . Zakaz handlu bronią z Izraelem,rp.pl,local_file:GDELT_DOC_query_Nepal_social_media_ban _Gen Z _corruption,,excluded,published_at_or_seen_at_is_at_or_after_2025-09-08T00:00:00
external_excluded_3ce3705d34d8b896,GDELT,gdelt_doc,fortune.com,news_index,https://fortune.com/2025/09/08/gen-z-millennials-very-weak-next-year-meredith-whitney-student-debt/,2025-09-08 23:30:00,English,Nepal,The one - time Oracle of Wall Street who called the 2008 crash sounds the alarm for Gen Z and Millennials in the year ahead,The one - time Oracle of Wall Street who called the 2008 crash sounds the alarm for Gen Z and Millennials in the year ahead,fortune.com,local_file:GDELT_DOC_query_Nepal_social_media_ban _Gen Z _corruption,,excluded,published_at_or_seen_at_is_at_or_after_2025-09-08T00:00:00
external_excluded_a0aeae55bd5e84c3,GDELT,gdelt_doc,pianetagenoa1893.net,news_index,https://www.pianetagenoa1893.net/qualificazioni-mondiali-2026/italia-tifosi-azzurri-di-spalle-durante-linno-israeliano-poi-i-cartelli-stop/,2025-09-08 23:30:00,Italian,Nepal,"Italia , tifosi azzurri di spalle durante linno israeliano . Poi i cartelli : Stop","Italia , tifosi azzurri di spalle durante linno israeliano . Poi i cartelli : Stop",pianetagenoa1893.net,local_file:GDELT_DOC_query_Nepal_social_media_ban _Gen Z _corruption,,excluded,published_at_or_seen_at_is_at_or_after_2025-09-08T00:00:00
external_excluded_ac46a6e053418331,GDELT,gdelt_doc,servindi.org,news_index,https://www.servindi.org/seccion-ambiente-pueblos-indigenas-actualidad-noticias/08/09/2025/vias-en-territorio-achuar-carecen,2025-09-08 23:30:00,Spanish,Nepal,Vías en territorio achuar sin permisos ambientales,Vías en territorio achuar sin permisos ambientales,servindi.org,local_file:GDELT_DOC_query_Nepal_social_media_ban _Gen Z _corruption,,excluded,published_at_or_seen_at_is_at_or_after_2025-09-08T00:00:00
external_excluded_0fffcceb33c42fe3,GDELT,gdelt_doc,sinarharian.com.my,news_index,https://www.sinarharian.com.my/article/747153/suara-sinar/analisis-sinar/hentikan-kebocoran-hasil-negara-kartel-diesel-wajib-diburu,2025-09-08 23:30:00,Malay,Nepal,"Hentikan kebocoran hasil negara , kartel diesel wajib diburu","Hentikan kebocoran hasil negara , kartel diesel wajib diburu",sinarharian.com.my,local_file:GDELT_DOC_query_Nepal_social_media_ban _Gen Z _corruption,,excluded,published_at_or_seen_at_is_at_or_after_2025-09-08T00:00:00
external_excluded_88e4c8509a2530f6,GDELT,gdelt_doc,nbcphiladelphia.com,news_index,https://www.nbcphiladelphia.com/entertainment/entertainment-news/22-year-old-texting-guide-for-parents-exclamation-points/4265790/,2025-09-08 23:30:00,English,Nepal,"Parents , youve been using the exclamation point wrong – NBC10 Philadelphia","Parents , youve been using the exclamation point wrong – NBC10 Philadelphia",nbcphiladelphia.com,local_file:GDELT_DOC_query_Nepal_social_media_ban _Gen Z _corruption,,excluded,published_at_or_seen_at_is_at_or_after_2025-09-08T00:00:00
external_excluded_fc81c5520d2f292e,GDELT,gdelt_doc,globenewswire.com,news_index,https://www.globenewswire.com/news-release/2025/09/08/3146534/0/en/Social-Gaming-Leadership-Alliance-California-Tribes-Rise-Up-Against-AB-831.html,2025-09-08 23:30:00,English,Nepal,Social Gaming Leadership Alliance : California Tribes Rise,Social Gaming Leadership Alliance : California Tribes Rise,globenewswire.com,local_file:GDELT_DOC_query_Nepal_social_media_ban _Gen Z _corruption,,excluded,published_at_or_seen_at_is_at_or_after_2025-09-08T00:00:00
external_excluded_06edc68f6ea1b895,GDELT,gdelt_doc,storm.mg,news_index,https://www.storm.mg/article/11066084,2025-09-08 23:30:00,Chinese,Nepal,風評 ： 柯文哲這尾活龍能脫跳幾天 ？ | 評論,風評 ： 柯文哲這尾活龍能脫跳幾天 ？ | 評論,storm.mg,local_file:GDELT_DOC_query_Nepal_social_media_ban _Gen Z _corruption,,excluded,published_at_or_seen_at_is_at_or_after_2025-09-08T00:00:00
external_excluded_565d84e366670181,GDELT,gdelt_doc,money.kompas.com,news_index,https://money.kompas.com/read/2025/09/09/053743126/menkeu-purbaya-soal-178-tuntutan-rakyat-itu-suara-sebagian-kecil-masyarakat,2025-09-08 23:15:00,Indonesian,Nepal,Menkeu Purbaya soal 17+8 Tuntutan Rakyat : Itu Suara Sebagian Kecil Masyarakat ...,Menkeu Purbaya soal 17+8 Tuntutan Rakyat : Itu Suara Sebagian Kecil Masyarakat ...,money.kompas.com,local_file:GDELT_DOC_query_Nepal_social_media_ban _Gen Z _corruption,,excluded,published_at_or_seen_at_is_at_or_after_2025-09-08T00:00:00
external_excluded_12fd2f7b32698d12,GDELT,gdelt_doc,thedailyblog.co.nz,news_index,https://thedailyblog.co.nz/2025/09/09/the-daily-blog-open-mic-9th-september-2025/,2025-09-08 23:15:00,English,Nepal,The Daily Blog Open Mic – 9th September 2025,The Daily Blog Open Mic – 9th September 2025,thedailyblog.co.nz,local_file:GDELT_DOC_query_Nepal_social_media_ban _Gen Z _corruption,,excluded,published_at_or_seen_at_is_at_or_after_2025-09-08T00:00:00
external_excluded_be4e48223a5f505b,GDELT,gdelt_doc,elperiodico.cat,news_index,https://www.elperiodico.cat/ca/politica/20250909/l-exsecretari-d-organitzacio-psoe-121372572,2025-09-08 23:15:00,Catalan,Nepal,Lexsecretari dOrganització del PSOE busca anul · lar la causa en contra seu,Lexsecretari dOrganització del PSOE busca anul · lar la causa en contra seu,elperiodico.cat,local_file:GDELT_DOC_query_Nepal_social_media_ban _Gen Z _corruption,,excluded,published_at_or_seen_at_is_at_or_after_2025-09-08T00:00:00
external_excluded_aa87ab2f8c8ce95f,GDELT,gdelt_doc,cartacapital.com.br,news_index,https://www.cartacapital.com.br/politica/rui-falcao-vai-ao-stf-contra-tarcisio-por-declaracoes-em-ato-na-paulista/,2025-09-08 23:15:00,Portuguese,Nepal,Rui Falcão vai ao STF contra Tarcísio por declaraes em ato na Paulista,Rui Falcão vai ao STF contra Tarcísio por declaraes em ato na Paulista,cartacapital.com.br,local_file:GDELT_DOC_query_Nepal_social_media_ban _Gen Z _corruption,,excluded,published_at_or_seen_at_is_at_or_after_2025-09-08T00:00:00
external_excluded_0dd8be6a0936d11b,GDELT,gdelt_doc,ru.apa.az,news_index,https://ru.apa.az/evropa/vo-francii-ustroili-demonstracii-vozle-merii-iz-za-skoroi-otstavki-premera-620612,2025-09-08 23:15:00,Russian,Nepal,Во Франции устроили демонстрации возле мэрий из - за скорой отставки премьера,Во Франции устроили демонстрации возле мэрий из - за скорой отставки премьера,ru.apa.az,local_file:GDELT_DOC_query_Nepal_social_media_ban _Gen Z _corruption,,excluded,published_at_or_seen_at_is_at_or_after_2025-09-08T00:00:00
external_excluded_9a044c192889e74f,GDELT,gdelt_doc,yahoo.com,news_index,https://www.yahoo.com/news/articles/faith-time-digital-divide-why-160023937.html,2025-09-08 23:15:00,English,Nepal,Faith in the time of digital divide why the millennial saint is needed,Faith in the time of digital divide why the millennial saint is needed,yahoo.com,local_file:GDELT_DOC_query_Nepal_social_media_ban _Gen Z _corruption,,excluded,published_at_or_seen_at_is_at_or_after_2025-09-08T00:00:00
external_excluded_66c50620cf65dd77,GDELT,gdelt_doc,deperu.com,news_index,https://www.deperu.com/tv/ors2QKI-gq4.velan-restos-de-periodista-jaime-chincha-en-parroquia-nuestra-senora-de-fatima.UCsakKsRww3J7pM6DavkrAIQ.html,2025-09-08 23:15:00,Spanish,Nepal,Video : Velan restos de periodista Jaime Chincha en parroquia Nuestra Señora de Fátima por 24 Horas,Video : Velan restos de periodista Jaime Chincha en parroquia Nuestra Señora de Fátima por 24 Horas,deperu.com,local_file:GDELT_DOC_query_Nepal_social_media_ban _Gen Z _corruption,,excluded,published_at_or_seen_at_is_at_or_after_2025-09-08T00:00:00
external_excluded_5a845eef8e5dce7f,GDELT,gdelt_doc,sbs.com.au,news_index,https://www.sbs.com.au/news/podcast-episode/political-crisis-in-france-as-pm-ousted-morning-news-bulletin-9-september-2025/x1k1y3loj,2025-09-08 23:15:00,English,Nepal,Political crisis in France as PM ousted | Morning News Bulletin 9 September 2025,Political crisis in France as PM ousted | Morning News Bulletin 9 September 2025,sbs.com.au,local_file:GDELT_DOC_query_Nepal_social_media_ban _Gen Z _corruption,,excluded,published_at_or_seen_at_is_at_or_after_2025-09-08T00:00:00
external_excluded_3c6800da71ec71f4,GDELT,gdelt_doc,israelnationalnews.com,news_index,https://www.israelnationalnews.com/news/414608,2025-09-08 23:15:00,English,Nepal,Horrifying : UN protest uses Netanyahu head as soccer ball,Horrifying : UN protest uses Netanyahu head as soccer ball,israelnationalnews.com,local_file:GDELT_DOC_query_Nepal_social_media_ban _Gen Z _corruption,,excluded,published_at_or_seen_at_is_at_or_after_2025-09-08T00:00:00
external_excluded_8ba47d66355b6790,GDELT,gdelt_doc,rg.ru,news_index,https://rg.ru/2025/09/09/v-hode-besporiadkov-v-nepale-pogibli-19-chelovek-i-sotni-poluchili-raneniia.html,2025-09-08 23:15:00,Russian,Nepal,"Непал в дыму и огне : 19 человек погибли , сотни ранены в ходе продолжающихся беспорядков","Непал в дыму и огне : 19 человек погибли , сотни ранены в ходе продолжающихся беспорядков",rg.ru,local_file:GDELT_DOC_query_Nepal_social_media_ban _Gen Z _corruption,,excluded,published_at_or_seen_at_is_at_or_after_2025-09-08T00:00:00
external_excluded_4c3e3173b2d1607b,GDELT,gdelt_doc,wjcl.com,news_index,https://www.wjcl.com/article/richmond-hill-georgia-aubree-hopkins/66016229,2025-09-08 23:15:00,English,Nepal,Richmond Hill police search for 15 - year - old girl not seen in days,Richmond Hill police search for 15 - year - old girl not seen in days,wjcl.com,local_file:GDELT_DOC_query_Nepal_social_media_ban _Gen Z _corruption,,excluded,published_at_or_seen_at_is_at_or_after_2025-09-08T00:00:00
external_excluded_aae9d440207d75a3,GDELT,gdelt_doc,milenio.com,news_index,https://www.milenio.com/estados/cierran-hospital-culiacan-reporte-grupo-armado,2025-09-08 23:15:00,Spanish,Nepal,Cierran hospital de Culiacán tras reporte de grupo armado,Cierran hospital de Culiacán tras reporte de grupo armado,milenio.com,local_file:GDELT_DOC_query_Nepal_social_media_ban _Gen Z _corruption,,excluded,published_at_or_seen_at_is_at_or_after_2025-09-08T00:00:00
external_excluded_7e3d4de163af6e30,GDELT,gdelt_doc,dorsetecho.co.uk,news_index,https://www.dorsetecho.co.uk/news/national/25449325.palestinian-gunmen-open-fire-jerusalem-bus-stop-killing-six/,2025-09-08 23:15:00,English,Nepal,"Palestinian gunmen open fire at Jerusalem bus stop , killing six","Palestinian gunmen open fire at Jerusalem bus stop , killing six",dorsetecho.co.uk,local_file:GDELT_DOC_query_Nepal_social_media_ban _Gen Z _corruption,,excluded,published_at_or_seen_at_is_at_or_after_2025-09-08T00:00:00
external_excluded_9773361689ec9f62,GDELT,gdelt_doc,thedailyblog.co.nz,news_index,https://thedailyblog.co.nz/2025/09/09/guest-blog-talk-liberation-bank-witness-doesnt-know-cant-remember-badbanki/,2025-09-08 23:15:00,English,Nepal,GUEST BLOG : Talk Liberation – Bank witness doesnt know ; cant remember # BadBanki,GUEST BLOG : Talk Liberation – Bank witness doesnt know ; cant remember # BadBanki,thedailyblog.co.nz,local_file:GDELT_DOC_query_Nepal_social_media_ban _Gen Z _corruption,,excluded,published_at_or_seen_at_is_at_or_after_2025-09-08T00:00:00
external_excluded_016956851c07d019,GDELT,gdelt_doc,biobiochile.cl,news_index,https://www.biobiochile.cl/noticias/economia/actualidad-economica/2025/09/08/economia-de-francia-enfrenta-un-nuevo-desafio-ademas-de-su-gigantesca-deuda-otra-caida-del-gobierno.shtml,2025-09-08 23:15:00,Spanish,Nepal,Economía de Francia enfrenta un nuevo desafío además de su gigantesca deuda : otra caída del Gobierno | Economía,Economía de Francia enfrenta un nuevo desafío además de su gigantesca deuda : otra caída del Gobierno | Economía,biobiochile.cl,local_file:GDELT_DOC_query_Nepal_social_media_ban _Gen Z _corruption,,excluded,published_at_or_seen_at_is_at_or_after_2025-09-08T00:00:00
external_excluded_750ffaa03efa4f6d,GDELT,gdelt_doc,yahoo.com,news_index,https://www.yahoo.com/news/articles/missouri-republicans-now-poised-trump-222407777.html,2025-09-08 23:15:00,English,Nepal,Missouri Republicans Now Also Poised to Do Trump Mid - Cycle Redistricting Dirty Work,Missouri Republicans Now Also Poised to Do Trump Mid - Cycle Redistricting Dirty Work,yahoo.com,local_file:GDELT_DOC_query_Nepal_social_media_ban _Gen Z _corruption,,excluded,published_at_or_seen_at_is_at_or_after_2025-09-08T00:00:00
external_excluded_f1ab4d42e14de14e,GDELT,gdelt_doc,aspentimes.com,news_index,https://www.aspentimes.com/news/aspens-wheeler-opera-house-unveils-expanded-2025-holiday-lineup/,2025-09-08 23:15:00,English,Nepal,Aspen Wheeler Opera House unveils expanded 2025 holiday lineup,Aspen Wheeler Opera House unveils expanded 2025 holiday lineup,aspentimes.com,local_file:GDELT_DOC_query_Nepal_social_media_ban _Gen Z _corruption,,excluded,published_at_or_seen_at_is_at_or_after_2025-09-08T00:00:00
external_excluded_43986aaa2bd98609,GDELT,gdelt_doc,vtdigger.org,news_index,https://vtdigger.org/2025/09/08/vtdiggers-fall-membership-drive-aims-to-raise-150000/,2025-09-08 23:15:00,English,Nepal,"VTDigger fall membership drive aims to raise $150 , 000","VTDigger fall membership drive aims to raise $150 , 000",vtdigger.org,local_file:GDELT_DOC_query_Nepal_social_media_ban _Gen Z _corruption,,excluded,published_at_or_seen_at_is_at_or_after_2025-09-08T00:00:00
external_excluded_66cb7e4148c0b747,GDELT,gdelt_doc,lithgowmercury.com.au,news_index,https://www.lithgowmercury.com.au/story/9052783/why-solo-travel-isnt-for-everyone/,2025-09-08 23:15:00,English,Nepal,Why solo travel isnt for everyone | Lithgow Mercury,Why solo travel isnt for everyone | Lithgow Mercury,lithgowmercury.com.au,local_file:GDELT_DOC_query_Nepal_social_media_ban _Gen Z _corruption,,excluded,published_at_or_seen_at_is_at_or_after_2025-09-08T00:00:00
external_excluded_31d2da7b6705d3d7,GDELT,gdelt_doc,bianet.org,news_index,https://bianet.org/haber/bahceli-chp-ye-kayyim-istiyor-ama-chp-ve-ozel-in-iyiligi-icin-yoksa-felaket-olacak-311285,2025-09-08 23:15:00,Turkish,Nepal,Bahçeli CHPye kayyım istiyor ama CHP ve Özelin iyiliği için : Yoksa felaket olacak,Bahçeli CHPye kayyım istiyor ama CHP ve Özelin iyiliği için : Yoksa felaket olacak,bianet.org,local_file:GDELT_DOC_query_Nepal_social_media_ban _Gen Z _corruption,,excluded,published_at_or_seen_at_is_at_or_after_2025-09-08T00:00:00
external_excluded_b0df316e1f4639b1,GDELT,gdelt_doc,aimdigital.com.ar,news_index,https://www.aimdigital.com.ar/politica/burgos-ldquogolpeado-el-gobierno-hay-que-continuar-organizando-la-bronca-para-que-milei-se-vayardquo.htm,2025-09-08 23:15:00,Spanish,Nepal,"Burgos : Golpeado el gobierno , hay que continuar organizando la bronca para que Milei se vaya - Política","Burgos : Golpeado el gobierno , hay que continuar organizando la bronca para que Milei se vaya - Política",aimdigital.com.ar,local_file:GDELT_DOC_query_Nepal_social_media_ban _Gen Z _corruption,,excluded,published_at_or_seen_at_is_at_or_after_2025-09-08T00:00:00
external_excluded_83fb5829e4ce6230,GDELT,gdelt_doc,deperu.com,news_index,https://www.deperu.com/tv/3rhEeXreEH8.oscar-ibanez-confirma-que-seguira-en-la-seleccion-peruana-hasta-noviembre-a-pedido-de-ferrari.UCxgO_rak_BKZP8VNVmYqbWg.html,2025-09-08 23:15:00,Spanish,Nepal,Video : Oscar Ibez confirma que seguirá en la Selección Peruana hasta noviembre a pedido de Ferrari por Exitosa Noticias,Video : Oscar Ibez confirma que seguirá en la Selección Peruana hasta noviembre a pedido de Ferrari por Exitosa Noticias,deperu.com,local_file:GDELT_DOC_query_Nepal_social_media_ban _Gen Z _corruption,,excluded,published_at_or_seen_at_is_at_or_after_2025-09-08T00:00:00
external_excluded_4459d3492fb00b52,GDELT,gdelt_doc,malatyaguncel.com,news_index,https://www.malatyaguncel.com/cumhurbaskani-erdogan-sokaklarimizin-karistirilmasina-izin-vermeyiz-2856645h.htm,2025-09-08 23:15:00,Turkish,Nepal,Cumhurbaşkanı Erdoğan : Sokaklarımızın karıştırılmasına izin vermeyiz,Cumhurbaşkanı Erdoğan : Sokaklarımızın karıştırılmasına izin vermeyiz,malatyaguncel.com,local_file:GDELT_DOC_query_Nepal_social_media_ban _Gen Z _corruption,,excluded,published_at_or_seen_at_is_at_or_after_2025-09-08T00:00:00
external_excluded_f779e69b9de83571,GDELT,gdelt_doc,almadapaper.net,news_index,https://almadapaper.net/412925/,2025-09-08 23:15:00,Arabic,Nepal,العمود الثامن : دخول التاريخ بقاذفات العشائر,العمود الثامن : دخول التاريخ بقاذفات العشائر,almadapaper.net,local_file:GDELT_DOC_query_Nepal_social_media_ban _Gen Z _corruption,,excluded,published_at_or_seen_at_is_at_or_after_2025-09-08T00:00:00
external_excluded_6b8b4bb3c482929e,GDELT,gdelt_doc,excelsior.com.mx,news_index,https://www.excelsior.com.mx/global/protestas-nepal-redes-sociales/1738182,2025-09-08 23:15:00,Spanish,Nepal,Protestas en Nepal : 19 muertos tras bloqueo de redes sociales y represión,Protestas en Nepal : 19 muertos tras bloqueo de redes sociales y represión,excelsior.com.mx,local_file:GDELT_DOC_query_Nepal_social_media_ban _Gen Z _corruption,,excluded,published_at_or_seen_at_is_at_or_after_2025-09-08T00:00:00
external_excluded_7cac7f84a2780b40,GDELT,gdelt_doc,ria.ru,news_index,https://ria.ru/20250909/frantsija-2040565392.html,2025-09-08 23:15:00,Russian,Nepal,Французские власти прогнозируют перебои с авиасообщением,Французские власти прогнозируют перебои с авиасообщением,ria.ru,local_file:GDELT_DOC_query_Nepal_social_media_ban _Gen Z _corruption,,excluded,published_at_or_seen_at_is_at_or_after_2025-09-08T00:00:00
external_excluded_cc7afee65ee97b29,GDELT,gdelt_doc,fr.le360.ma,news_index,https://fr.le360.ma/societe/vente-illegale-de-manuels-le-business-cache-des-ecoles-privees_YWJLV7Z375BHVI2US6WNMIJWS4/,2025-09-08 23:15:00,French,Nepal,Vente illégale de manuels : le business caché des écoles privées,Vente illégale de manuels : le business caché des écoles privées,fr.le360.ma,local_file:GDELT_DOC_query_Nepal_social_media_ban _Gen Z _corruption,,excluded,published_at_or_seen_at_is_at_or_after_2025-09-08T00:00:00
external_excluded_d121f9cadf6adf50,GDELT,gdelt_doc,penarthtimes.co.uk,news_index,https://www.penarthtimes.co.uk/news/national/25449325.palestinian-gunmen-open-fire-jerusalem-bus-stop-killing-six/,2025-09-08 23:15:00,English,Nepal,"Palestinian gunmen open fire at Jerusalem bus stop , killing six","Palestinian gunmen open fire at Jerusalem bus stop , killing six",penarthtimes.co.uk,local_file:GDELT_DOC_query_Nepal_social_media_ban _Gen Z _corruption,,excluded,published_at_or_seen_at_is_at_or_after_2025-09-08T00:00:00
external_excluded_f81c397533eb0358,GDELT,gdelt_doc,acento.com.do,news_index,https://acento.com.do/actualidad/abinader-no-vamos-a-aceptar-ningun-acto-ilegal-y-quien-incurra-en-ellos-debera-enfrentar-la-justicia-9547683.html,2025-09-08 23:15:00,Spanish,Nepal,Abinader : No acepto ningún acto ilegal y responsable enfrentará a la justicia,Abinader : No acepto ningún acto ilegal y responsable enfrentará a la justicia,acento.com.do,local_file:GDELT_DOC_query_Nepal_social_media_ban _Gen Z _corruption,,excluded,published_at_or_seen_at_is_at_or_after_2025-09-08T00:00:00
external_excluded_8ca66e4b32660f09,GDELT,gdelt_doc,mandurahmail.com.au,news_index,https://www.mandurahmail.com.au/story/9061211/police-probing-ugly-pro-israel-palestine-groups-clash/,2025-09-08 23:15:00,English,Nepal,"Police probing ugly pro - Israel , Palestine groups clash","Police probing ugly pro - Israel , Palestine groups clash",mandurahmail.com.au,local_file:GDELT_DOC_query_Nepal_social_media_ban _Gen Z _corruption,,excluded,published_at_or_seen_at_is_at_or_after_2025-09-08T00:00:00
external_excluded_6d22e4f685cedbe5,GDELT,gdelt_doc,chesterstandard.co.uk,news_index,https://www.chesterstandard.co.uk/news/national/25449325.palestinian-gunmen-open-fire-jerusalem-bus-stop-killing-six/,2025-09-08 23:15:00,English,Nepal,"Palestinian gunmen open fire at Jerusalem bus stop , killing six","Palestinian gunmen open fire at Jerusalem bus stop , killing six",chesterstandard.co.uk,local_file:GDELT_DOC_query_Nepal_social_media_ban _Gen Z _corruption,,excluded,published_at_or_seen_at_is_at_or_after_2025-09-08T00:00:00
external_excluded_b7ba191f08f2f135,GDELT,gdelt_doc,okmugello.it,news_index,https://www.okmugello.it/italia/russia-avanza-la-repressione-di-putin-e-la-paura-si-diffonde-anche-fra-le-elite,2025-09-08 23:15:00,Italian,Nepal,"Mugello : Russia , avanza la repressione di Putin . E la paura si diffonde anche fra le élite","Mugello : Russia , avanza la repressione di Putin . E la paura si diffonde anche fra le élite",okmugello.it,local_file:GDELT_DOC_query_Nepal_social_media_ban _Gen Z _corruption,,excluded,published_at_or_seen_at_is_at_or_after_2025-09-08T00:00:00
external_excluded_e63842c1659fdb5d,GDELT,gdelt_doc,diariolaprovinciasj.com,news_index,https://diariolaprovinciasj.com/el-pais/milei-llamo-a-gobernadores-a-una-mesa-politica-nacional-259890/,2025-09-08 23:15:00,Spanish,Nepal,Milei llamó a gobernadores a una mesa política nacional,Milei llamó a gobernadores a una mesa política nacional,diariolaprovinciasj.com,local_file:GDELT_DOC_query_Nepal_social_media_ban _Gen Z _corruption,,excluded,published_at_or_seen_at_is_at_or_after_2025-09-08T00:00:00
external_excluded_38d735df1f807ac3,GDELT,gdelt_doc,eveshamjournal.co.uk,news_index,https://www.eveshamjournal.co.uk/news/national/25449325.palestinian-gunmen-open-fire-jerusalem-bus-stop-killing-six/,2025-09-08 23:15:00,English,Nepal,"Palestinian gunmen open fire at Jerusalem bus stop , killing six","Palestinian gunmen open fire at Jerusalem bus stop , killing six",eveshamjournal.co.uk,local_file:GDELT_DOC_query_Nepal_social_media_ban _Gen Z _corruption,,excluded,published_at_or_seen_at_is_at_or_after_2025-09-08T00:00:00
external_excluded_b3b312586dc8ad57,GDELT,gdelt_doc,regional.kompas.com,news_index,https://regional.kompas.com/read/2025/09/09/054103578/mahasiswa-dan-pelajar-todong-dprd-demak-dalam-dialog-terbuka-dari-beasiswa,2025-09-08 23:15:00,Indonesian,Nepal,"Mahasiswa dan Pelajar Todong DPRD Demak dalam Dialog Terbuka , dari Beasiswa hingga Transparansi APBD","Mahasiswa dan Pelajar Todong DPRD Demak dalam Dialog Terbuka , dari Beasiswa hingga Transparansi APBD",regional.kompas.com,local_file:GDELT_DOC_query_Nepal_social_media_ban _Gen Z _corruption,,excluded,published_at_or_seen_at_is_at_or_after_2025-09-08T00:00:00
external_excluded_4f8ab295c0f4bf34,GDELT,gdelt_doc,kioscomayor.com,news_index,https://kioscomayor.com/2025/09/08/escandalo-mayusculo-en-la-marina-y-la-gran-sonrisa-ganadera-en-sonora-francisco-javier-ruiz-quirrin/,2025-09-08 23:15:00,Spanish,Nepal,Escándalo mayúsculo en la Marina y la gran sonrisa ganadera en Sonora / Francisco Javier Ruiz Quirrín,Escándalo mayúsculo en la Marina y la gran sonrisa ganadera en Sonora / Francisco Javier Ruiz Quirrín,kioscomayor.com,local_file:GDELT_DOC_query_Nepal_social_media_ban _Gen Z _corruption,,excluded,published_at_or_seen_at_is_at_or_after_2025-09-08T00:00:00
external_excluded_fc71e7e1e853751e,GDELT,gdelt_doc,stroudnewsandjournal.co.uk,news_index,https://www.stroudnewsandjournal.co.uk/news/national/25448697.police-nepal-open-fire-anti-government-protesters-killing-17/,2025-09-08 23:15:00,English,Nepal,"Police in Nepal open fire on anti - government protesters , killing 17","Police in Nepal open fire on anti - government protesters , killing 17",stroudnewsandjournal.co.uk,local_file:GDELT_DOC_query_Nepal_social_media_ban _Gen Z _corruption,,excluded,published_at_or_seen_at_is_at_or_after_2025-09-08T00:00:00
external_excluded_8e799264a7dd398c,GDELT,gdelt_doc,androidguys.com,news_index,https://androidguys.com/promoted-news/why-comparison-platforms-are-changing-the-way-we-choose-android-gaming-apps/,2025-09-08 23:15:00,English,Nepal,Enhance Your Android Gaming Experience with Comparison Platforms,Enhance Your Android Gaming Experience with Comparison Platforms,androidguys.com,local_file:GDELT_DOC_query_Nepal_social_media_ban _Gen Z _corruption,,excluded,published_at_or_seen_at_is_at_or_after_2025-09-08T00:00:00
external_excluded_498dcacf196d4acd,GDELT,gdelt_doc,larepublica.pe,news_index,https://larepublica.pe/politica/2025/09/08/alto-comisionado-de-la-onu-rechaza-ley-de-amnistia-frente-a-juan-santivanez-es-un-retroceso-para-la-justicia-y-la-verdad-hnews-534648,2025-09-08 23:15:00,Spanish,Nepal,Alto comisionado de la ONU rechaza Ley de Amnistía frente a Juan Santivez : Es un retroceso para la justicia y la verdad | HNEWS | Política,Alto comisionado de la ONU rechaza Ley de Amnistía frente a Juan Santivez : Es un retroceso para la justicia y la verdad | HNEWS | Política,larepublica.pe,local_file:GDELT_DOC_query_Nepal_social_media_ban _Gen Z _corruption,,excluded,published_at_or_seen_at_is_at_or_after_2025-09-08T00:00:00
external_excluded_3d4dc777e3ba49a2,GDELT,gdelt_doc,la1ere.franceinfo.fr,news_index,https://la1ere.franceinfo.fr/martinique/radar-brule-14-mois-de-prison-ferme-et-12-mois-avec-sursis-pour-les-deux-incendiaires-du-6-septembre-1621049.html,2025-09-08 23:00:00,French,Nepal,Radar brûlé : 14 mois de prison ferme et 12 mois avec sursis pour les deux incendiaires du 6 septembre,Radar brûlé : 14 mois de prison ferme et 12 mois avec sursis pour les deux incendiaires du 6 septembre,la1ere.franceinfo.fr,local_file:GDELT_DOC_query_Nepal_social_media_ban _Gen Z _corruption,,excluded,published_at_or_seen_at_is_at_or_after_2025-09-08T00:00:00
external_excluded_3c7019b732173156,GDELT,gdelt_doc,trud.ru,news_index,https://www.trud.ru/article/08-09-2025/1740051_putin_nagradil_glavu_genshtaba_valerija_gerasimova_ordenom_muzhestva.html,2025-09-08 23:00:00,Russian,Nepal,Путин наградил главу Генштаба Валерия Герасимова орденом Мужества,Путин наградил главу Генштаба Валерия Герасимова орденом Мужества,trud.ru,local_file:GDELT_DOC_query_Nepal_social_media_ban _Gen Z _corruption,,excluded,published_at_or_seen_at_is_at_or_after_2025-09-08T00:00:00
external_excluded_219d9ddb38a9be99,GDELT,gdelt_doc,countypress.co.uk,news_index,https://www.countypress.co.uk/news/national/25449325.palestinian-gunmen-open-fire-jerusalem-bus-stop-killing-six/,2025-09-08 23:00:00,English,Nepal,"Palestinian gunmen open fire at Jerusalem bus stop , killing six","Palestinian gunmen open fire at Jerusalem bus stop , killing six",countypress.co.uk,local_file:GDELT_DOC_query_Nepal_social_media_ban _Gen Z _corruption,,excluded,published_at_or_seen_at_is_at_or_after_2025-09-08T00:00:00
external_excluded_52e833c6944efcf8,GDELT,gdelt_doc,proceso.com.mx,news_index,https://www.proceso.com.mx/nacional/estados/2025/9/8/disputa-por-planta-de-cruz-azul-ha-dejado-muertes-perdidas-por-13-millones-de-toneladas-de-cemento-358433.html,2025-09-08 23:00:00,Spanish,Nepal,Disputa por planta de Cruz Azul ha dejado muertes y pérdidas por 13 millones de toneladas de cemento,Disputa por planta de Cruz Azul ha dejado muertes y pérdidas por 13 millones de toneladas de cemento,proceso.com.mx,local_file:GDELT_DOC_query_Nepal_social_media_ban _Gen Z _corruption,,excluded,published_at_or_seen_at_is_at_or_after_2025-09-08T00:00:00
external_excluded_2a062dba360d1713,GDELT,gdelt_doc,runcornandwidnesworld.co.uk,news_index,https://www.runcornandwidnesworld.co.uk/news/national/25449325.palestinian-gunmen-open-fire-jerusalem-bus-stop-killing-six/,2025-09-08 23:00:00,English,Nepal,"Palestinian gunmen open fire at Jerusalem bus stop , killing six","Palestinian gunmen open fire at Jerusalem bus stop , killing six",runcornandwidnesworld.co.uk,local_file:GDELT_DOC_query_Nepal_social_media_ban _Gen Z _corruption,,excluded,published_at_or_seen_at_is_at_or_after_2025-09-08T00:00:00
external_excluded_85221b62a96a9517,GDELT,gdelt_doc,pravda.if.ua,news_index,https://pravda.if.ua/vykryttya-rozsliduvannya-ta-novi-plany-go-stop-korupcziyi-prozvituvala-pro-diyalionistio-prykarpatsiokogo-pidrozdilu/,2025-09-08 23:00:00,Ukrainian,Nepal,"Викриття , розслідування та нові плани : ГО Стоп корупції прозвітувала про діяльність прикарпатського підрозділу","Викриття , розслідування та нові плани : ГО Стоп корупції прозвітувала про діяльність прикарпатського підрозділу",pravda.if.ua,local_file:GDELT_DOC_query_Nepal_social_media_ban _Gen Z _corruption,,excluded,published_at_or_seen_at_is_at_or_after_2025-09-08T00:00:00
external_excluded_83182198d3554406,GDELT,gdelt_doc,heraldseries.co.uk,news_index,https://www.heraldseries.co.uk/news/national/25448697.police-nepal-open-fire-anti-government-protesters-killing-17/,2025-09-08 23:00:00,English,Nepal,"Police in Nepal open fire on anti - government protesters , killing 17","Police in Nepal open fire on anti - government protesters , killing 17",heraldseries.co.uk,local_file:GDELT_DOC_query_Nepal_social_media_ban _Gen Z _corruption,,excluded,published_at_or_seen_at_is_at_or_after_2025-09-08T00:00:00
external_excluded_7d752123d002cf74,GDELT,gdelt_doc,irvinetimes.com,news_index,https://www.irvinetimes.com/news/national/25448697.police-nepal-open-fire-anti-government-protesters-killing-17/,2025-09-08 23:00:00,English,Nepal,"Police in Nepal open fire on anti - government protesters , killing 17","Police in Nepal open fire on anti - government protesters , killing 17",irvinetimes.com,local_file:GDELT_DOC_query_Nepal_social_media_ban _Gen Z _corruption,,excluded,published_at_or_seen_at_is_at_or_after_2025-09-08T00:00:00
external_excluded_cec2e649ae665d32,GDELT,gdelt_doc,proceso.com.mx,news_index,https://www.proceso.com.mx/internacional/2025/9/8/palestinos-disparan-matan-personas-en-una-parada-de-autobus-en-jerusalen-358444.html,2025-09-08 23:00:00,Spanish,Nepal,Palestinos disparan y matan a 6 personas en una parada de autobús en Jerusalén,Palestinos disparan y matan a 6 personas en una parada de autobús en Jerusalén,proceso.com.mx,local_file:GDELT_DOC_query_Nepal_social_media_ban _Gen Z _corruption,,excluded,published_at_or_seen_at_is_at_or_after_2025-09-08T00:00:00
external_excluded_556610f79e969c38,GDELT,gdelt_doc,examiner.com.au,news_index,https://www.examiner.com.au/story/9052783/why-solo-travel-isnt-for-everyone/,2025-09-08 23:00:00,English,Nepal,Why solo travel isnt for everyone | The Examiner,Why solo travel isnt for everyone | The Examiner,examiner.com.au,local_file:GDELT_DOC_query_Nepal_social_media_ban _Gen Z _corruption,,excluded,published_at_or_seen_at_is_at_or_after_2025-09-08T00:00:00
external_excluded_6cf60ed8a3194ef7,GDELT,gdelt_doc,elagora.com.mx,news_index,https://www.elagora.com.mx/FGR-revela-que-Rafael-Ojeda-pidio-investigar-a-todo-su-personal-sin-excepciones.html,2025-09-08 23:00:00,Spanish,Nepal,FGR revela que Rafael Ojeda pidió investigar a todo su personal sin excepciones,FGR revela que Rafael Ojeda pidió investigar a todo su personal sin excepciones,elagora.com.mx,local_file:GDELT_DOC_query_Nepal_social_media_ban _Gen Z _corruption,,excluded,published_at_or_seen_at_is_at_or_after_2025-09-08T00:00:00
external_excluded_930c986691c21ab4,GDELT,gdelt_doc,elobservador.com.uy,news_index,https://www.elobservador.com.uy/estados-unidos/bbc-news-mundo/el-dia-cero-teheran-como-la-megacapital-iran-se-esta-quedando-agua-y-electricidad-sus-10-millones-habitantes-n6015914,2025-09-08 23:00:00,Spanish,Nepal,El día cero en Teherán : cómo la megacapital de Irán se está quedando sin agua y electricidad para sus 10 millones de habitantes,El día cero en Teherán : cómo la megacapital de Irán se está quedando sin agua y electricidad para sus 10 millones de habitantes,elobservador.com.uy,local_file:GDELT_DOC_query_Nepal_social_media_ban _Gen Z _corruption,,excluded,published_at_or_seen_at_is_at_or_after_2025-09-08T00:00:00
external_excluded_b7718831df528bc6,GDELT,gdelt_doc,echo-news.co.uk,news_index,https://www.echo-news.co.uk/news/national/25449325.palestinian-gunmen-open-fire-jerusalem-bus-stop-killing-six/,2025-09-08 23:00:00,English,Nepal,"Palestinian gunmen open fire at Jerusalem bus stop , killing six","Palestinian gunmen open fire at Jerusalem bus stop , killing six",echo-news.co.uk,local_file:GDELT_DOC_query_Nepal_social_media_ban _Gen Z _corruption,,excluded,published_at_or_seen_at_is_at_or_after_2025-09-08T00:00:00
external_excluded_929c54023f2eeed0,GDELT,gdelt_doc,heraldseries.co.uk,news_index,https://www.heraldseries.co.uk/news/national/25449325.palestinian-gunmen-open-fire-jerusalem-bus-stop-killing-six/,2025-09-08 23:00:00,English,Nepal,"Palestinian gunmen open fire at Jerusalem bus stop , killing six","Palestinian gunmen open fire at Jerusalem bus stop , killing six",heraldseries.co.uk,local_file:GDELT_DOC_query_Nepal_social_media_ban _Gen Z _corruption,,excluded,published_at_or_seen_at_is_at_or_after_2025-09-08T00:00:00
external_excluded_27798d46630b92be,GDELT,gdelt_doc,adn.com,news_index,https://www.adn.com/nation-world/2025/09/08/trump-administration-steps-up-immigration-enforcement-in-chicago-as-city-braces-for-federal-intervention/,2025-09-08 23:00:00,English,Nepal,Trump administration steps up immigration enforcement in Chicago as city braces for federal intervention,Trump administration steps up immigration enforcement in Chicago as city braces for federal intervention,adn.com,local_file:GDELT_DOC_query_Nepal_social_media_ban _Gen Z _corruption,,excluded,published_at_or_seen_at_is_at_or_after_2025-09-08T00:00:00
external_excluded_3ec5c36617c349e2,GDELT,gdelt_doc,channel3000.com,news_index,https://www.channel3000.com/news/national-and-world-news/palestinian-gunmen-kill-6-people-in-attack-on-jerusalem-bus-stop/article_78530e70-5d83-52ec-80ef-3cde222491e8.html,2025-09-08 23:00:00,English,Nepal,Palestinian gunmen kill 6 people in attack on Jerusalem bus stop,Palestinian gunmen kill 6 people in attack on Jerusalem bus stop,channel3000.com,local_file:GDELT_DOC_query_Nepal_social_media_ban _Gen Z _corruption,,excluded,published_at_or_seen_at_is_at_or_after_2025-09-08T00:00:00
external_excluded_55591fd1f6f978f9,GDELT,gdelt_doc,wunc.org,news_index,https://www.wunc.org/politics/2025-09-08/gop-group-accuses-nc-senate-leader-phil-berger-party-disloyalty,2025-09-08 23:00:00,English,Nepal,Resolution from GOP group accuses NC Senate leader Phil Berger of party disloyalty,Resolution from GOP group accuses NC Senate leader Phil Berger of party disloyalty,wunc.org,local_file:GDELT_DOC_query_Nepal_social_media_ban _Gen Z _corruption,,excluded,published_at_or_seen_at_is_at_or_after_2025-09-08T00:00:00
external_excluded_e58ae081874cd809,GDELT,gdelt_doc,deperu.com,news_index,https://www.deperu.com/tv/XiUYDv7tavM.canciller-elmer-schialer-anuncia-reunion-urgente-tras-retiro-de-bandera-colombiana-en-loreto.UCsakKsRww3J7pM6DavkrAIQ.html,2025-09-08 23:00:00,Spanish,Nepal,Video : Canciller Elmer Schialer anuncia reunión urgente tras retiro de bandera colombiana en Loreto por 24 Horas,Video : Canciller Elmer Schialer anuncia reunión urgente tras retiro de bandera colombiana en Loreto por 24 Horas,deperu.com,local_file:GDELT_DOC_query_Nepal_social_media_ban _Gen Z _corruption,,excluded,published_at_or_seen_at_is_at_or_after_2025-09-08T00:00:00
external_excluded_935a06154e465db9,GDELT,gdelt_doc,alsat.mk,news_index,https://alsat.mk/erdogani-deshiron-ta-heshte-opoziten-protestuesit-perleshen-me-policine-hidhet-gaz-lotsjelles/,2025-09-08 23:00:00,Albanian,Nepal,"Erdogani dëshiron ta heshtë opozitën : Protestuesit përleshen me policinë , hidhet gaz lotsjellës","Erdogani dëshiron ta heshtë opozitën : Protestuesit përleshen me policinë , hidhet gaz lotsjellës",alsat.mk,local_file:GDELT_DOC_query_Nepal_social_media_ban _Gen Z _corruption,,excluded,published_at_or_seen_at_is_at_or_after_2025-09-08T00:00:00
external_excluded_c58e7d79710d19b4,GDELT,gdelt_doc,darlingtonandstocktontimes.co.uk,news_index,https://www.darlingtonandstocktontimes.co.uk/news/national/25448697.police-nepal-open-fire-anti-government-protesters-killing-17/,2025-09-08 23:00:00,English,Nepal,"Police in Nepal open fire on anti - government protesters , killing 17","Police in Nepal open fire on anti - government protesters , killing 17",darlingtonandstocktontimes.co.uk,local_file:GDELT_DOC_query_Nepal_social_media_ban _Gen Z _corruption,,excluded,published_at_or_seen_at_is_at_or_after_2025-09-08T00:00:00
external_excluded_c4fe7d71590ca5fe,GDELT,gdelt_doc,bostonherald.com,news_index,https://www.bostonherald.com/2025/09/08/boston-mayor-city-council-races-on-the-ballot-in-tuesdays-preliminary-election/,2025-09-08 23:00:00,English,Nepal,"Boston mayor , City Council races on the ballot in Tuesday preliminary election","Boston mayor , City Council races on the ballot in Tuesday preliminary election",bostonherald.com,local_file:GDELT_DOC_query_Nepal_social_media_ban _Gen Z _corruption,,excluded,published_at_or_seen_at_is_at_or_after_2025-09-08T00:00:00
external_excluded_b72062803bfc069b,GDELT,gdelt_doc,tbsnews.net,news_index,https://www.tbsnews.net/features/panorama/perils-proportional-representation-541-days-no-govt-belgium-12-govts-nepal-17,2025-08-27 16:30:00,English,Nepal,"The perils of proportional representation : From 541 days of no govt in Belgium to 12 govts in Nepal in 17 years , instability reigned supreme","The perils of proportional representation : From 541 days of no govt in Belgium to 12 govts in Nepal in 17 years , instability reigned supreme",tbsnews.net,existing_raw_gdelt,"(""samajik sanjal"" OR ""sanjal banda"" OR bhrashtachar OR andolan OR pradarshan) Nepal",excluded,not_relevant_after_nepal_anchor_and_trigger_filter
external_excluded_555750823fd6b10f,GDELT,gdelt_doc,tbsnews.net,news_index,https://www.tbsnews.net/bangladesh/politics/bnp-rejects-jamaat-presses-pr-debate-heats-1218181,2025-08-22 20:30:00,English,Nepal,"BNP rejects , Jamaat presses as PR debate heats up","BNP rejects , Jamaat presses as PR debate heats up",tbsnews.net,existing_raw_gdelt,"(""samajik sanjal"" OR ""sanjal banda"" OR bhrashtachar OR andolan OR pradarshan) Nepal",excluded,not_relevant_after_nepal_anchor_and_trigger_filter
external_excluded_bd6c8bb78d1ccc98,GDELT,gdelt_doc,openthemagazine.com,news_index,https://openthemagazine.com/columns/the-climate-leadership-void-indias-moment-to-lead/,2025-08-21 10:00:00,English,Nepal,The climate leadership void – India moment to lead,The climate leadership void – India moment to lead,openthemagazine.com,existing_raw_gdelt,"(""samajik sanjal"" OR ""sanjal banda"" OR bhrashtachar OR andolan OR pradarshan) Nepal",excluded,not_relevant_after_nepal_anchor_and_trigger_filter
external_excluded_be24410743e48648,GDELT,gdelt_doc,countercurrents.org,news_index,https://countercurrents.org/2025/08/rewriting-ncert-school-textbooks-muslim-raj-is-just-an-excuse-hindutva-project-is-to-hide-truth/,2025-08-08 16:15:00,English,Nepal,Rewriting NCERT School Textbooks : Muslim Raj is just an excuse ; Hindutva Project is to Hide Truth !,Rewriting NCERT School Textbooks : Muslim Raj is just an excuse ; Hindutva Project is to Hide Truth !,countercurrents.org,existing_raw_gdelt,"(""samajik sanjal"" OR ""sanjal banda"" OR bhrashtachar OR andolan OR pradarshan) Nepal",excluded,not_relevant_after_nepal_anchor_and_trigger_filter
external_excluded_22c47071724192f9,GDELT,gdelt_doc,asianews.network,news_index,https://asianews.network/bangladesh-ca-yunus-announces-election-in-february-2026/,2025-08-06 05:45:00,English,Nepal,Bangladesh CA Yunus announces election in February 2026,Bangladesh CA Yunus announces election in February 2026,asianews.network,existing_raw_gdelt,"(""samajik sanjal"" OR ""sanjal banda"" OR bhrashtachar OR andolan OR pradarshan) Nepal",excluded,not_relevant_after_nepal_anchor_and_trigger_filter
external_excluded_7f4867b1fecfce4b,GDELT,gdelt_doc,naidunia.com,news_index,https://www.naidunia.com/world-nepal-protests-over-social-media-ban-turn-violent-19-killed-home-minister-resigns-8404650,2025-09-08 23:45:00,Hindi,Nepal,"Nepal Violent Protests : सोशल मीडिया बैन पर भड़के युवा , हिंसक प्रदर्शनों में 19 की मौत , गृह मंत्री ने दिया इस्तीफा","Nepal Violent Protests : सोशल मीडिया बैन पर भड़के युवा , हिंसक प्रदर्शनों में 19 की मौत , गृह मंत्री ने दिया इस्तीफा",naidunia.com,existing_raw_gdelt,"Nepal (censorship OR VPN OR ""platform ban"" OR ""registration rules"")",excluded,published_at_or_seen_at_is_at_or_after_2025-09-08T00:00:00
external_excluded_291d2d7a3c14209a,GDELT,gdelt_doc,stalbansreview.co.uk,news_index,https://www.stalbansreview.co.uk/news/national/25448697.police-nepal-open-fire-anti-government-protesters-killing-17/,2025-09-08 23:30:00,English,Nepal,"Police in Nepal open fire on anti - government protesters , killing 17","Police in Nepal open fire on anti - government protesters , killing 17",stalbansreview.co.uk,existing_raw_gdelt,"Nepal (censorship OR VPN OR ""platform ban"" OR ""registration rules"")",excluded,published_at_or_seen_at_is_at_or_after_2025-09-08T00:00:00
external_excluded_6d0714d128f36eea,GDELT,gdelt_doc,sun-sentinel.com,news_index,https://www.sun-sentinel.com/2025/09/08/nepal-social-media-protest/,2025-09-08 23:30:00,English,Nepal,"Police open fire on protests of Nepal social media policy , killing at least 17","Police open fire on protests of Nepal social media policy , killing at least 17",sun-sentinel.com,existing_raw_gdelt,"Nepal (censorship OR VPN OR ""platform ban"" OR ""registration rules"")",excluded,published_at_or_seen_at_is_at_or_after_2025-09-08T00:00:00
external_excluded_fc71e7e1e853751e,GDELT,gdelt_doc,stroudnewsandjournal.co.uk,news_index,https://www.stroudnewsandjournal.co.uk/news/national/25448697.police-nepal-open-fire-anti-government-protesters-killing-17/,2025-09-08 23:15:00,English,Nepal,"Police in Nepal open fire on anti - government protesters , killing 17","Police in Nepal open fire on anti - government protesters , killing 17",stroudnewsandjournal.co.uk,existing_raw_gdelt,"Nepal (censorship OR VPN OR ""platform ban"" OR ""registration rules"")",excluded,published_at_or_seen_at_is_at_or_after_2025-09-08T00:00:00
external_excluded_83182198d3554406,GDELT,gdelt_doc,heraldseries.co.uk,news_index,https://www.heraldseries.co.uk/news/national/25448697.police-nepal-open-fire-anti-government-protesters-killing-17/,2025-09-08 23:00:00,English,Nepal,"Police in Nepal open fire on anti - government protesters , killing 17","Police in Nepal open fire on anti - government protesters , killing 17",heraldseries.co.uk,existing_raw_gdelt,"Nepal (censorship OR VPN OR ""platform ban"" OR ""registration rules"")",excluded,published_at_or_seen_at_is_at_or_after_2025-09-08T00:00:00
external_excluded_7d752123d002cf74,GDELT,gdelt_doc,irvinetimes.com,news_index,https://www.irvinetimes.com/news/national/25448697.police-nepal-open-fire-anti-government-protesters-killing-17/,2025-09-08 23:00:00,English,Nepal,"Police in Nepal open fire on anti - government protesters , killing 17","Police in Nepal open fire on anti - government protesters , killing 17",irvinetimes.com,existing_raw_gdelt,"Nepal (censorship OR VPN OR ""platform ban"" OR ""registration rules"")",excluded,published_at_or_seen_at_is_at_or_after_2025-09-08T00:00:00
external_excluded_c58e7d79710d19b4,GDELT,gdelt_doc,darlingtonandstocktontimes.co.uk,news_index,https://www.darlingtonandstocktontimes.co.uk/news/national/25448697.police-nepal-open-fire-anti-government-protesters-killing-17/,2025-09-08 23:00:00,English,Nepal,"Police in Nepal open fire on anti - government protesters , killing 17","Police in Nepal open fire on anti - government protesters , killing 17",darlingtonandstocktontimes.co.uk,existing_raw_gdelt,"Nepal (censorship OR VPN OR ""platform ban"" OR ""registration rules"")",excluded,published_at_or_seen_at_is_at_or_after_2025-09-08T00:00:00
external_excluded_e4afd9ca9939721c,GDELT,gdelt_doc,sthelensstar.co.uk,news_index,https://www.sthelensstar.co.uk/news/national/25448697.police-nepal-open-fire-anti-government-protesters-killing-17/,2025-09-08 23:00:00,English,Nepal,"Police in Nepal open fire on anti - government protesters , killing 17","Police in Nepal open fire on anti - government protesters , killing 17",sthelensstar.co.uk,existing_raw_gdelt,"Nepal (censorship OR VPN OR ""platform ban"" OR ""registration rules"")",excluded,published_at_or_seen_at_is_at_or_after_2025-09-08T00:00:00
external_excluded_49f0b18cf35db6cf,GDELT,gdelt_doc,runcornandwidnesworld.co.uk,news_index,https://www.runcornandwidnesworld.co.uk/news/national/25448697.police-nepal-open-fire-anti-government-protesters-killing-17/,2025-09-08 23:00:00,English,Nepal,"Police in Nepal open fire on anti - government protesters , killing 17","Police in Nepal open fire on anti - government protesters , killing 17",runcornandwidnesworld.co.uk,existing_raw_gdelt,"Nepal (censorship OR VPN OR ""platform ban"" OR ""registration rules"")",excluded,published_at_or_seen_at_is_at_or_after_2025-09-08T00:00:00
external_excluded_963205309441296d,GDELT,gdelt_doc,mendocinobeacon.com,news_index,https://www.mendocinobeacon.com/2025/09/08/nepal-social-media-protest/,2025-09-08 22:45:00,English,Nepal,"Police open fire on protests of Nepal social media policy , killing at least 17","Police open fire on protests of Nepal social media policy , killing at least 17",mendocinobeacon.com,existing_raw_gdelt,"Nepal (censorship OR VPN OR ""platform ban"" OR ""registration rules"")",excluded,published_at_or_seen_at_is_at_or_after_2025-09-08T00:00:00
external_excluded_62a5de1fbbe87d97,GDELT,gdelt_doc,thurrockgazette.co.uk,news_index,https://www.thurrockgazette.co.uk/news/national/25448697.police-nepal-open-fire-anti-government-protesters-killing-17/,2025-09-08 22:45:00,English,Nepal,"Police in Nepal open fire on anti - government protesters , killing 17","Police in Nepal open fire on anti - government protesters , killing 17",thurrockgazette.co.uk,existing_raw_gdelt,"Nepal (censorship OR VPN OR ""platform ban"" OR ""registration rules"")",excluded,published_at_or_seen_at_is_at_or_after_2025-09-08T00:00:00
external_excluded_973bfeb68a94ae06,GDELT,gdelt_doc,thenorthernecho.co.uk,news_index,https://www.thenorthernecho.co.uk/news/national/25448697.police-nepal-open-fire-anti-government-protesters-killing-17/,2025-09-08 22:45:00,English,Nepal,"Police in Nepal open fire on anti - government protesters , killing 17","Police in Nepal open fire on anti - government protesters , killing 17",thenorthernecho.co.uk,existing_raw_gdelt,"Nepal (censorship OR VPN OR ""platform ban"" OR ""registration rules"")",excluded,published_at_or_seen_at_is_at_or_after_2025-09-08T00:00:00
external_excluded_256fc6e81fcebaf0,GDELT,gdelt_doc,borehamwoodtimes.co.uk,news_index,https://www.borehamwoodtimes.co.uk/news/national/25448697.police-nepal-open-fire-anti-government-protesters-killing-17/,2025-09-08 22:45:00,English,Nepal,"Police in Nepal open fire on anti - government protesters , killing 17","Police in Nepal open fire on anti - government protesters , killing 17",borehamwoodtimes.co.uk,existing_raw_gdelt,"Nepal (censorship OR VPN OR ""platform ban"" OR ""registration rules"")",excluded,published_at_or_seen_at_is_at_or_after_2025-09-08T00:00:00
external_excluded_bed8abfb03a5cbda,GDELT,gdelt_doc,northwalespioneer.co.uk,news_index,https://www.northwalespioneer.co.uk/news/national/25448697.police-nepal-open-fire-anti-government-protesters-killing-17/,2025-09-08 22:45:00,English,Nepal,"Police in Nepal open fire on anti - government protesters , killing 17","Police in Nepal open fire on anti - government protesters , killing 17",northwalespioneer.co.uk,existing_raw_gdelt,"Nepal (censorship OR VPN OR ""platform ban"" OR ""registration rules"")",excluded,published_at_or_seen_at_is_at_or_after_2025-09-08T00:00:00
external_excluded_65395d2464bce559,GDELT,gdelt_doc,braintreeandwithamtimes.co.uk,news_index,https://www.braintreeandwithamtimes.co.uk/news/national/25448697.police-nepal-open-fire-anti-government-protesters-killing-17/,2025-09-08 22:45:00,English,Nepal,"Police in Nepal open fire on anti - government protesters , killing 17","Police in Nepal open fire on anti - government protesters , killing 17",braintreeandwithamtimes.co.uk,existing_raw_gdelt,"Nepal (censorship OR VPN OR ""platform ban"" OR ""registration rules"")",excluded,published_at_or_seen_at_is_at_or_after_2025-09-08T00:00:00
external_excluded_b0d6cca88fc44aa5,GDELT,gdelt_doc,theboltonnews.co.uk,news_index,https://www.theboltonnews.co.uk/news/national/25448697.police-nepal-open-fire-anti-government-protesters-killing-17/,2025-09-08 22:30:00,English,Nepal,"Police in Nepal open fire on anti - government protesters , killing 17","Police in Nepal open fire on anti - government protesters , killing 17",theboltonnews.co.uk,existing_raw_gdelt,"Nepal (censorship OR VPN OR ""platform ban"" OR ""registration rules"")",excluded,published_at_or_seen_at_is_at_or_after_2025-09-08T00:00:00
external_excluded_11726c9eb8a2f7a6,GDELT,gdelt_doc,wiltshiretimes.co.uk,news_index,https://www.wiltshiretimes.co.uk/news/national/25448697.police-nepal-open-fire-anti-government-protesters-killing-17/,2025-09-08 22:30:00,English,Nepal,"Police in Nepal open fire on anti - government protesters , killing 17","Police in Nepal open fire on anti - government protesters , killing 17",wiltshiretimes.co.uk,existing_raw_gdelt,"Nepal (censorship OR VPN OR ""platform ban"" OR ""registration rules"")",excluded,published_at_or_seen_at_is_at_or_after_2025-09-08T00:00:00
external_excluded_12cbda82cd0100fc,GDELT,gdelt_doc,gujaratsamachar.com,news_index,https://www.gujaratsamachar.com/news/international/nepal-gen-z-protest-china-angle-social-media-ban-army-deployed,2025-09-08 22:30:00,Gujarati,Nepal,નેપાળમાં શાળા - કોલેજમાં ભણતા યુવાનોએ કેમ કર્યો બળવો ? શું માત્ર સોશિયલ મીડિયા જ જવાબદાર ?,નેપાળમાં શાળા - કોલેજમાં ભણતા યુવાનોએ કેમ કર્યો બળવો ? શું માત્ર સોશિયલ મીડિયા જ જવાબદાર ?,gujaratsamachar.com,existing_raw_gdelt,"Nepal (censorship OR VPN OR ""platform ban"" OR ""registration rules"")",excluded,published_at_or_seen_at_is_at_or_after_2025-09-08T00:00:00
external_excluded_a339c364d4def739,GDELT,gdelt_doc,thetimes-tribune.com,news_index,https://www.thetimes-tribune.com/2025/09/08/nepal-social-media-protest/,2025-09-08 22:30:00,English,Nepal,"Police open fire on protests of Nepal social media policy , killing at least 17","Police open fire on protests of Nepal social media policy , killing at least 17",thetimes-tribune.com,existing_raw_gdelt,"Nepal (censorship OR VPN OR ""platform ban"" OR ""registration rules"")",excluded,published_at_or_seen_at_is_at_or_after_2025-09-08T00:00:00
external_excluded_ce3098f82c538e75,GDELT,gdelt_doc,gazetteherald.co.uk,news_index,https://www.gazetteherald.co.uk/news/national/25448697.police-nepal-open-fire-anti-government-protesters-killing-17/,2025-09-08 22:30:00,English,Nepal,"Police in Nepal open fire on anti - government protesters , killing 17","Police in Nepal open fire on anti - government protesters , killing 17",gazetteherald.co.uk,existing_raw_gdelt,"Nepal (censorship OR VPN OR ""platform ban"" OR ""registration rules"")",excluded,published_at_or_seen_at_is_at_or_after_2025-09-08T00:00:00
external_excluded_91d8b9c4572c3bc3,GDELT,gdelt_doc,sandiegouniontribune.com,news_index,https://www.sandiegouniontribune.com/2025/09/08/nepal-social-media-protest/,2025-09-08 22:30:00,English,Nepal,"Police open fire on protests of Nepal social media policy , killing at least 17","Police open fire on protests of Nepal social media policy , killing at least 17",sandiegouniontribune.com,existing_raw_gdelt,"Nepal (censorship OR VPN OR ""platform ban"" OR ""registration rules"")",excluded,published_at_or_seen_at_is_at_or_after_2025-09-08T00:00:00
external_excluded_0becf69b4c97ed9e,GDELT,gdelt_doc,baltimoresun.com,news_index,https://www.baltimoresun.com/2025/09/08/nepal-social-media-protest/,2025-09-08 22:15:00,English,Nepal,"Police open fire on protests of Nepal social media policy , killing at least 17","Police open fire on protests of Nepal social media policy , killing at least 17",baltimoresun.com,existing_raw_gdelt,"Nepal (censorship OR VPN OR ""platform ban"" OR ""registration rules"")",excluded,published_at_or_seen_at_is_at_or_after_2025-09-08T00:00:00
external_excluded_15ff86fc74244dad,GDELT,gdelt_doc,surreycomet.co.uk,news_index,https://www.surreycomet.co.uk/news/national/25448697.police-nepal-open-fire-anti-government-protesters-killing-17/,2025-09-08 22:00:00,English,Nepal,"Police in Nepal open fire on anti - government protesters , killing 17","Police in Nepal open fire on anti - government protesters , killing 17",surreycomet.co.uk,existing_raw_gdelt,"Nepal (censorship OR VPN OR ""platform ban"" OR ""registration rules"")",excluded,published_at_or_seen_at_is_at_or_after_2025-09-08T00:00:00
external_excluded_79629866fc175f7c,GDELT,gdelt_doc,wandsworthguardian.co.uk,news_index,https://www.wandsworthguardian.co.uk/news/national/25448697.police-nepal-open-fire-anti-government-protesters-killing-17/,2025-09-08 22:00:00,English,Nepal,"Police in Nepal open fire on anti - government protesters , killing 17","Police in Nepal open fire on anti - government protesters , killing 17",wandsworthguardian.co.uk,existing_raw_gdelt,"Nepal (censorship OR VPN OR ""platform ban"" OR ""registration rules"")",excluded,published_at_or_seen_at_is_at_or_after_2025-09-08T00:00:00
external_excluded_51b4772db7838ff8,GDELT,gdelt_doc,dgabc.com.br,news_index,https://www.dgabc.com.br/Noticia/4256082/protesto-contra-bloqueio-de-redes-sociais-no-nepal-deixa-pelo-menos-19-mortos,2025-09-08 21:30:00,Portuguese,Nepal,Protesto contra bloqueio de redes sociais no Nepal deixa pelo menos 19 mortos - 08 / 09 / 2025,Protesto contra bloqueio de redes sociais no Nepal deixa pelo menos 19 mortos - 08 / 09 / 2025,dgabc.com.br,existing_raw_gdelt,"Nepal (censorship OR VPN OR ""platform ban"" OR ""registration rules"")",excluded,published_at_or_seen_at_is_at_or_after_2025-09-08T00:00:00
external_excluded_587c8e18bfc8b3ef,GDELT,gdelt_doc,jagran.com,news_index,https://www.jagran.com/news/national-manisha-koirala-condemns-violence-against-nepal-protesters-over-social-media-ban-24040521.html,2025-09-08 21:30:00,Hindi,Nepal,"नेपाल के लिए काला दिन , सोशल मीडिया बैन के बाद मचे बवाल पर मनीषा कोइराला ने तोड़ी चुप्पी - Manisha Koirala Condemns Violence Against Nepal Protesters Over Social Media Ban","नेपाल के लिए काला दिन , सोशल मीडिया बैन के बाद मचे बवाल पर मनीषा कोइराला ने तोड़ी चुप्पी - Manisha Koirala Condemns Violence Against Nepal Protesters Over Social Media Ban",jagran.com,existing_raw_gdelt,"Nepal (censorship OR VPN OR ""platform ban"" OR ""registration rules"")",excluded,published_at_or_seen_at_is_at_or_after_2025-09-08T00:00:00
external_excluded_eb34108fa51c29e0,GDELT,gdelt_doc,dailynayadiganta.com,news_index,https://dailynayadiganta.com/international/asia/pPWiVbzdsHaB,2025-09-08 20:30:00,Bengali,Nepal,পদত্যাগ করলেন নেপালের স্বরাষ্ট্রমন্ত্রী,পদত্যাগ করলেন নেপালের স্বরাষ্ট্রমন্ত্রী,dailynayadiganta.com,existing_raw_gdelt,"Nepal (censorship OR VPN OR ""platform ban"" OR ""registration rules"")",excluded,published_at_or_seen_at_is_at_or_after_2025-09-08T00:00:00
external_excluded_15edc20b95824407,GDELT,gdelt_doc,news18.com,news_index,https://www.news18.com/explainers/whats-behind-the-deadly-protests-in-nepal-its-more-than-just-a-social-media-ban-ws-l-9557218.html,2025-09-08 19:15:00,English,Nepal,What Behind The Deadly Protests In Nepal ? It More Than Just A Social Media Ban | Explainers News,What Behind The Deadly Protests In Nepal ? It More Than Just A Social Media Ban | Explainers News,news18.com,existing_raw_gdelt,"Nepal (censorship OR VPN OR ""platform ban"" OR ""registration rules"")",excluded,published_at_or_seen_at_is_at_or_after_2025-09-08T00:00:00
external_excluded_185211d7cb426fcb,GDELT,gdelt_doc,jagran.com,news_index,https://www.jagran.com/news/national-nepal-ban-on-apps-impacts-india-increased-sim-card-demand-and-communication-issues-24040480.html,2025-09-08 19:00:00,Hindi,Nepal,"नेपाल में सोशल मीडिया बंद होने से भारतीय सिम कार्ड की बढ़ी डिमांड , टूरिस्ट भी घटे - Nepal Ban on Apps Impacts India Increased SIM Card Demand and Communication Issues","नेपाल में सोशल मीडिया बंद होने से भारतीय सिम कार्ड की बढ़ी डिमांड , टूरिस्ट भी घटे - Nepal Ban on Apps Impacts India Increased SIM Card Demand and Communication Issues",jagran.com,existing_raw_gdelt,"Nepal (censorship OR VPN OR ""platform ban"" OR ""registration rules"")",excluded,published_at_or_seen_at_is_at_or_after_2025-09-08T00:00:00
external_excluded_7a7f5568e4cac0bc,GDELT,gdelt_doc,tribuneonlineng.com,news_index,https://tribuneonlineng.com/nepal-protests-over-social-media-ban-leave-at-least-19-dead/,2025-09-08 19:00:00,English,Nepal,Nepal protests over social media ban leave at least 19 dead,Nepal protests over social media ban leave at least 19 dead,tribuneonlineng.com,existing_raw_gdelt,"Nepal (censorship OR VPN OR ""platform ban"" OR ""registration rules"")",excluded,published_at_or_seen_at_is_at_or_after_2025-09-08T00:00:00
external_excluded_137da08161f96ec9,GDELT,gdelt_doc,listenupyall.com,news_index,https://listenupyall.com/2025/09/08/police-open-fire-on-protests-of-nepals-social-media-policy-killing-at-least-17/,2025-09-08 18:45:00,English,Nepal,"Police open fire on protests of Nepal social media policy , killing at least 17","Police open fire on protests of Nepal social media policy , killing at least 17",listenupyall.com,existing_raw_gdelt,"Nepal (censorship OR VPN OR ""platform ban"" OR ""registration rules"")",excluded,published_at_or_seen_at_is_at_or_after_2025-09-08T00:00:00
external_excluded_d1caa771096023f7,GDELT,gdelt_doc,it.euronews.com,news_index,https://it.euronews.com/next/2025/09/08/nepal-la-polizia-uccide-almeno-17-persone-protestavano-contro-divieto-sui-social-media,2025-09-08 18:45:00,Italian,Nepal,"Nepal : la polizia uccide almeno 17 persone , protestavano contro divieto sui social media","Nepal : la polizia uccide almeno 17 persone , protestavano contro divieto sui social media",it.euronews.com,existing_raw_gdelt,"Nepal (censorship OR VPN OR ""platform ban"" OR ""registration rules"")",excluded,published_at_or_seen_at_is_at_or_after_2025-09-08T00:00:00
external_excluded_d33990a68338c75d,GDELT,gdelt_doc,news18.com,news_index,https://www.news18.com/world/parliament-dissolution-interim-govt-of-protesters-what-does-nepals-gen-z-demand-ws-l-9558216.html,2025-09-08 18:45:00,English,Nepal,"Parliament Dissolution , Interim Govt Of Protesters : What Does Nepal Gen Z Demand ?","Parliament Dissolution , Interim Govt Of Protesters : What Does Nepal Gen Z Demand ?",news18.com,existing_raw_gdelt,"Nepal (censorship OR VPN OR ""platform ban"" OR ""registration rules"")",excluded,published_at_or_seen_at_is_at_or_after_2025-09-08T00:00:00
external_excluded_87f36b79310c7efb,GDELT,gdelt_doc,24horas.cl,news_index,https://www.24horas.cl/conciencia-24-7/tecnologia/nepal-protestas-contra-bloqueo-redes-sociales,2025-09-08 18:45:00,Spanish,Nepal,"Protestas en Nepal tras el bloqueo de Facebook , YouTube y X","Protestas en Nepal tras el bloqueo de Facebook , YouTube y X",24horas.cl,existing_raw_gdelt,"Nepal (censorship OR VPN OR ""platform ban"" OR ""registration rules"")",excluded,published_at_or_seen_at_is_at_or_after_2025-09-08T00:00:00
external_excluded_c6307a93ad0e74c4,GDELT,gdelt_doc,sapo.pt,news_index,https://sapo.pt/artigo/onu-pede-abertura-de-investigacao-apos-morte-de-19-manifestantes-no-nepal-68bf14c7ac985b941516987d,2025-09-08 18:15:00,Portuguese,Nepal,ONU pede abertura de investigao após morte de 19 manifestantes no Nepal,ONU pede abertura de investigao após morte de 19 manifestantes no Nepal,sapo.pt,existing_raw_gdelt,"Nepal (censorship OR VPN OR ""platform ban"" OR ""registration rules"")",excluded,published_at_or_seen_at_is_at_or_after_2025-09-08T00:00:00
external_excluded_3534e2d227a830b6,GDELT,gdelt_doc,saltlakecitysun.com,news_index,http://www.saltlakecitysun.com/news/278555794/kathmandu-shuts-access-to-unregistered-social-media-platforms,2025-09-08 18:15:00,English,Nepal,Kathmandu shuts access to unregistered social media platforms,Kathmandu shuts access to unregistered social media platforms,saltlakecitysun.com,existing_raw_gdelt,"Nepal (censorship OR VPN OR ""platform ban"" OR ""registration rules"")",excluded,published_at_or_seen_at_is_at_or_after_2025-09-08T00:00:00
external_excluded_366e5a1cc3d32373,GDELT,gdelt_doc,gujaratsamachar.com,news_index,https://www.gujaratsamachar.com/news/international/why-did-nepal-ban-social-media-including-facebook-instagram-and-youtube,2025-09-08 18:15:00,Gujarati,Nepal,"નેપાળે ફેસબુક , ઇન્સ્ટાગ્રામ અને યુ ટયૂબ સહિતના સોશિયલ મીડિયા પર કેમ પ્રતિબંધ મુકયો ?","નેપાળે ફેસબુક , ઇન્સ્ટાગ્રામ અને યુ ટયૂબ સહિતના સોશિયલ મીડિયા પર કેમ પ્રતિબંધ મુકયો ?",gujaratsamachar.com,existing_raw_gdelt,"Nepal (censorship OR VPN OR ""platform ban"" OR ""registration rules"")",excluded,published_at_or_seen_at_is_at_or_after_2025-09-08T00:00:00
external_excluded_7f81b4cdfcd61a37,GDELT,gdelt_doc,newyorktelegraph.com,news_index,http://www.newyorktelegraph.com/news/278555794/kathmandu-shuts-access-to-unregistered-social-media-platforms,2025-09-08 17:45:00,English,Nepal,Kathmandu shuts access to unregistered social media platforms,Kathmandu shuts access to unregistered social media platforms,newyorktelegraph.com,existing_raw_gdelt,"Nepal (censorship OR VPN OR ""platform ban"" OR ""registration rules"")",excluded,published_at_or_seen_at_is_at_or_after_2025-09-08T00:00:00
external_excluded_b11c4c7b4dffa346,GDELT,gdelt_doc,whec.com,news_index,https://www.whec.com/ap-top-news/police-open-fire-on-protests-of-nepals-social-media-policy-killing-at-least-17/,2025-09-08 17:45:00,English,Nepal,"Police open fire on protests of Nepal social media policy , killing at least 17","Police open fire on protests of Nepal social media policy , killing at least 17",whec.com,existing_raw_gdelt,"Nepal (censorship OR VPN OR ""platform ban"" OR ""registration rules"")",excluded,published_at_or_seen_at_is_at_or_after_2025-09-08T00:00:00
external_excluded_26fdf04292dc82d0,GDELT,gdelt_doc,tdg.ch,news_index,https://www.tdg.ch/nepal-au-moins-16-morts-dans-une-manifestation-a-katmandou-523029264537,2025-09-08 17:45:00,French,Nepal,Népal : au moins 16 morts dans une manifestation à Katmandou,Népal : au moins 16 morts dans une manifestation à Katmandou,tdg.ch,existing_raw_gdelt,"Nepal (censorship OR VPN OR ""platform ban"" OR ""registration rules"")",excluded,published_at_or_seen_at_is_at_or_after_2025-09-08T00:00:00
external_excluded_c17ba375b96447d7,GDELT,gdelt_doc,oklahomastar.com,news_index,http://www.oklahomastar.com/news/278555794/kathmandu-shuts-access-to-unregistered-social-media-platforms,2025-09-08 17:45:00,English,Nepal,Kathmandu shuts access to unregistered social media platforms,Kathmandu shuts access to unregistered social media platforms,oklahomastar.com,existing_raw_gdelt,"Nepal (censorship OR VPN OR ""platform ban"" OR ""registration rules"")",excluded,published_at_or_seen_at_is_at_or_after_2025-09-08T00:00:00
external_excluded_ae71d730661871fc,GDELT,gdelt_doc,nigeriasun.com,news_index,http://www.nigeriasun.com/news/278555794/kathmandu-shuts-access-to-unregistered-social-media-platforms,2025-09-08 17:45:00,English,Nepal,Kathmandu shuts access to unregistered social media platforms,Kathmandu shuts access to unregistered social media platforms,nigeriasun.com,existing_raw_gdelt,"Nepal (censorship OR VPN OR ""platform ban"" OR ""registration rules"")",excluded,published_at_or_seen_at_is_at_or_after_2025-09-08T00:00:00
external_excluded_dca436d2635d760d,GDELT,gdelt_doc,realitatea.net,news_index,https://www.realitatea.net/stiri/extern/dezastru-in-nepal-19-morti-si-peste-100-de-raniti-la-protestele-impotriva-interzicerii-retelelor-sociale_68bf0a63dca7660614263307,2025-09-08 17:30:00,Romanian,Nepal,Dezastru în Nepal : 19 morți și peste 100 de răniți la protestele împotriva interzicerii rețelelor sociale,Dezastru în Nepal : 19 morți și peste 100 de răniți la protestele împotriva interzicerii rețelelor sociale,realitatea.net,existing_raw_gdelt,"Nepal (censorship OR VPN OR ""platform ban"" OR ""registration rules"")",excluded,published_at_or_seen_at_is_at_or_after_2025-09-08T00:00:00
external_excluded_340a1c7c293a249c,GDELT,gdelt_doc,northkoreatimes.com,news_index,http://www.northkoreatimes.com/news/278555794/kathmandu-shuts-access-to-unregistered-social-media-platforms,2025-09-08 17:30:00,English,Nepal,Kathmandu shuts access to unregistered social media platforms,Kathmandu shuts access to unregistered social media platforms,northkoreatimes.com,existing_raw_gdelt,"Nepal (censorship OR VPN OR ""platform ban"" OR ""registration rules"")",excluded,published_at_or_seen_at_is_at_or_after_2025-09-08T00:00:00
external_excluded_0ba24e8f6b88d9a3,GDELT,gdelt_doc,dailyinqilab.com,news_index,https://dailyinqilab.com/international/news/805590,2025-09-08 17:30:00,Bengali,Nepal,তীব্র সমালোচনার মুখে নেপালের স্বরাষ্ট্রমন্ত্রী পদত্যাগ,তীব্র সমালোচনার মুখে নেপালের স্বরাষ্ট্রমন্ত্রী পদত্যাগ,dailyinqilab.com,existing_raw_gdelt,"Nepal (censorship OR VPN OR ""platform ban"" OR ""registration rules"")",excluded,published_at_or_seen_at_is_at_or_after_2025-09-08T00:00:00
external_excluded_15f922716971602d,GDELT,gdelt_doc,divyabhaskar.co.in,news_index,https://www.divyabhaskar.co.in/international/news/nepal-kathmandu-gen-z-protest-social-media-instagram-banned-facebook-youtube-135871734.html,2025-09-08 17:30:00,Gujarati,Nepal,"Nepal Kathmandu Gen Z Protest ; Social Media | Instagram Banned | Facebook YouTube | નેપાળમાં Gen - Z વિરોધ પ્રદર્શનો શા માટે શરૂ થયા ?: ફેસબુક , ઇન્સ્ટાગ્રામ , યુટ્યુબ સહિત 26 સોશિયલ પ્લેટફોર્મ પર પ્રતિબંધ ; રાજકારણીઓના બાળકોની વૈભવી જીવનશૈલી પર રોષ...","Nepal Kathmandu Gen Z Protest ; Social Media | Instagram Banned | Facebook YouTube | નેપાળમાં Gen - Z વિરોધ પ્રદર્શનો શા માટે શરૂ થયા ?: ફેસબુક , ઇન્સ્ટાગ્રામ , યુટ્યુબ સહિત 26 સોશિયલ પ્લેટફોર્મ પર પ્રતિબંધ ; રાજકારણીઓના બાળકોની વૈભવી જીવનશૈલી પર રોષ...",divyabhaskar.co.in,existing_raw_gdelt,"Nepal (censorship OR VPN OR ""platform ban"" OR ""registration rules"")",excluded,published_at_or_seen_at_is_at_or_after_2025-09-08T00:00:00
external_excluded_9cbc2227392d5d6d,GDELT,gdelt_doc,timesofindia.indiatimes.com,news_index,https://timesofindia.indiatimes.com/technology/social/after-nepal-turkey-temporarily-bans-youtube-x-instagram-and-whatsapp-heres-why/articleshow/123770108.cms,2025-09-08 17:15:00,English,Nepal,"After Nepal , Turkey temporarily bans ​​YouTube , X , Instagram and WhatsApp ; here why","After Nepal , Turkey temporarily bans ​​YouTube , X , Instagram and WhatsApp ; here why",timesofindia.indiatimes.com,existing_raw_gdelt,"Nepal (censorship OR VPN OR ""platform ban"" OR ""registration rules"")",excluded,published_at_or_seen_at_is_at_or_after_2025-09-08T00:00:00
external_excluded_6f24e00ca1ffc13e,GDELT,gdelt_doc,singaporestar.com,news_index,http://www.singaporestar.com/news/278555794/kathmandu-shuts-access-to-unregistered-social-media-platforms,2025-09-08 17:15:00,English,Nepal,Kathmandu shuts access to unregistered social media platforms,Kathmandu shuts access to unregistered social media platforms,singaporestar.com,existing_raw_gdelt,"Nepal (censorship OR VPN OR ""platform ban"" OR ""registration rules"")",excluded,published_at_or_seen_at_is_at_or_after_2025-09-08T00:00:00
external_excluded_f45baffa9e191481,GDELT,gdelt_doc,orientaldaily.com.my,news_index,https://www.orientaldaily.com.my/news/international/2025/09/08/760243,2025-09-08 17:15:00,Chinese,Nepal,尼泊尔青年上街抗议社群媒体禁令 警方驱离酿至少17死 | 国际,尼泊尔青年上街抗议社群媒体禁令 警方驱离酿至少17死 | 国际,orientaldaily.com.my,existing_raw_gdelt,"Nepal (censorship OR VPN OR ""platform ban"" OR ""registration rules"")",excluded,published_at_or_seen_at_is_at_or_after_2025-09-08T00:00:00
external_excluded_ad75f717eb7f177b,GDELT,gdelt_doc,utahindependent.com,news_index,http://www.utahindependent.com/news/278555794/kathmandu-shuts-access-to-unregistered-social-media-platforms,2025-09-08 17:00:00,English,Nepal,Kathmandu shuts access to unregistered social media platforms,Kathmandu shuts access to unregistered social media platforms,utahindependent.com,existing_raw_gdelt,"Nepal (censorship OR VPN OR ""platform ban"" OR ""registration rules"")",excluded,published_at_or_seen_at_is_at_or_after_2025-09-08T00:00:00
external_excluded_e2789e2b476c88d2,GDELT,gdelt_doc,pennlive.com,news_index,https://www.pennlive.com/nation-world/2025/09/police-in-nepal-open-fire-on-protesters-outside-parliament-killing-11.html,2025-09-08 17:00:00,English,Nepal,"Police in Nepal open fire on protesters outside parliament , killing 11","Police in Nepal open fire on protesters outside parliament , killing 11",pennlive.com,existing_raw_gdelt,"Nepal (censorship OR VPN OR ""platform ban"" OR ""registration rules"")",excluded,published_at_or_seen_at_is_at_or_after_2025-09-08T00:00:00
external_excluded_c97851dc44bab3b1,GDELT,gdelt_doc,gordonua.com,news_index,https://gordonua.com/ukr/news/worldnews/u-nepali-politsija-vidkrila-vohon-po-protestuvalnikakh-zahinulo-shchonajmenshe-17-ljudej-fotoreportazh-1755579.html,2025-09-08 17:00:00,Ukrainian,Nepal,"У Непалі поліція відкрила вогонь по протестувальниках , загинуло щонайменше 17 людей . Фоторепортаж","У Непалі поліція відкрила вогонь по протестувальниках , загинуло щонайменше 17 людей . Фоторепортаж",gordonua.com,existing_raw_gdelt,"Nepal (censorship OR VPN OR ""platform ban"" OR ""registration rules"")",excluded,published_at_or_seen_at_is_at_or_after_2025-09-08T00:00:00
external_excluded_734ad7ac784c5f0b,GDELT,gdelt_doc,firstpost.com,news_index,https://www.firstpost.com/world/nepal-home-minister-resigns-takes-moral-responsibility-after-violent-gen-z-protests-leave-20-dead-13931943.html,2025-09-08 17:00:00,English,Nepal,"Nepal home minister resigns , takes moral responsibility after violent Gen - Z protests leave 20 dead – Firstpost","Nepal home minister resigns , takes moral responsibility after violent Gen - Z protests leave 20 dead – Firstpost",firstpost.com,existing_raw_gdelt,"Nepal (censorship OR VPN OR ""platform ban"" OR ""registration rules"")",excluded,published_at_or_seen_at_is_at_or_after_2025-09-08T00:00:00
external_excluded_6b5b0101dee93976,GDELT,gdelt_doc,24tv.ua,news_index,https://24tv.ua/geopolitics/ru/protesty-v-nepale-policija-otkryla-ogon-po-mitingujushhim-chto-izvestno-o-zhertvah-geopolitika_n2910346,2025-09-08 17:00:00,Russian,Nepal,Протесты в Непале - полиция открыла огонь по митингующим - что известно о жертвах,Протесты в Непале - полиция открыла огонь по митингующим - что известно о жертвах,24tv.ua,existing_raw_gdelt,"Nepal (censorship OR VPN OR ""platform ban"" OR ""registration rules"")",excluded,published_at_or_seen_at_is_at_or_after_2025-09-08T00:00:00
external_excluded_cb640617e72fa0c3,GDELT,gdelt_doc,russiaherald.com,news_index,http://www.russiaherald.com/news/278555794/kathmandu-shuts-access-to-unregistered-social-media-platforms,2025-09-08 16:45:00,English,Nepal,Kathmandu shuts access to unregistered social media platforms,Kathmandu shuts access to unregistered social media platforms,russiaherald.com,existing_raw_gdelt,"Nepal (censorship OR VPN OR ""platform ban"" OR ""registration rules"")",excluded,published_at_or_seen_at_is_at_or_after_2025-09-08T00:00:00
external_excluded_2b590d84b0b20ff3,GDELT,gdelt_doc,europesun.com,news_index,http://www.europesun.com/news/278555794/kathmandu-shuts-access-to-unregistered-social-media-platforms,2025-09-08 16:45:00,English,Nepal,Kathmandu shuts access to unregistered social media platforms,Kathmandu shuts access to unregistered social media platforms,europesun.com,existing_raw_gdelt,"Nepal (censorship OR VPN OR ""platform ban"" OR ""registration rules"")",excluded,published_at_or_seen_at_is_at_or_after_2025-09-08T00:00:00
external_excluded_cc0e42c9e6b58c9c,GDELT,gdelt_doc,economictimes.indiatimes.com,news_index,https://economictimes.indiatimes.com/news/international/us/nepal-protests-gen-z-whats-happening-in-nepal-as-19-are-killed-in-widespread-gen-z-protests-and-why-are-they-protesting/articleshow/123769837.cms,2025-09-08 16:45:00,English,Nepal,Nepal protests Gen Z : Nepal protests Gen Z : What happening in Nepal as 19 are killed in widespread Gen Z protests – and why are they protesting ?,Nepal protests Gen Z : Nepal protests Gen Z : What happening in Nepal as 19 are killed in widespread Gen Z protests – and why are they protesting ?,economictimes.indiatimes.com,existing_raw_gdelt,"Nepal (censorship OR VPN OR ""platform ban"" OR ""registration rules"")",excluded,published_at_or_seen_at_is_at_or_after_2025-09-08T00:00:00
external_excluded_c38abdf9ca31b282,GDELT,gdelt_doc,jamaicantimes.com,news_index,http://www.jamaicantimes.com/news/278555794/kathmandu-shuts-access-to-unregistered-social-media-platforms,2025-09-08 16:45:00,English,Nepal,Kathmandu shuts access to unregistered social media platforms,Kathmandu shuts access to unregistered social media platforms,jamaicantimes.com,existing_raw_gdelt,"Nepal (censorship OR VPN OR ""platform ban"" OR ""registration rules"")",excluded,published_at_or_seen_at_is_at_or_after_2025-09-08T00:00:00
external_excluded_7a8bb6f153598ef3,GDELT,gdelt_doc,freepressjournal.in,news_index,https://www.freepressjournal.in/world/nepal-bans-26-social-media-platforms-raising-fears-of-digital-censorship,2025-09-08 16:30:00,English,Nepal,"Nepal Bans 26 Social Media Platforms , Raising Fears Of Digital Censorship","Nepal Bans 26 Social Media Platforms , Raising Fears Of Digital Censorship",freepressjournal.in,existing_raw_gdelt,"Nepal (censorship OR VPN OR ""platform ban"" OR ""registration rules"")",excluded,published_at_or_seen_at_is_at_or_after_2025-09-08T00:00:00
external_excluded_463e309732ab9770,GDELT,gdelt_doc,newjerseytelegraph.com,news_index,http://www.newjerseytelegraph.com/news/278555794/kathmandu-shuts-access-to-unregistered-social-media-platforms,2025-09-08 16:30:00,English,Nepal,Kathmandu shuts access to unregistered social media platforms,Kathmandu shuts access to unregistered social media platforms,newjerseytelegraph.com,existing_raw_gdelt,"Nepal (censorship OR VPN OR ""platform ban"" OR ""registration rules"")",excluded,published_at_or_seen_at_is_at_or_after_2025-09-08T00:00:00
external_excluded_096cc19b94e1af64,GDELT,gdelt_doc,malaysiasun.com,news_index,http://www.malaysiasun.com/news/278555794/kathmandu-shuts-access-to-unregistered-social-media-platforms,2025-09-08 16:30:00,English,Nepal,Kathmandu shuts access to unregistered social media platforms,Kathmandu shuts access to unregistered social media platforms,malaysiasun.com,existing_raw_gdelt,"Nepal (censorship OR VPN OR ""platform ban"" OR ""registration rules"")",excluded,published_at_or_seen_at_is_at_or_after_2025-09-08T00:00:00
external_excluded_2e76a9bba8333156,GDELT,gdelt_doc,brazilsun.com,news_index,http://www.brazilsun.com/news/278555794/kathmandu-shuts-access-to-unregistered-social-media-platforms,2025-09-08 16:30:00,English,Nepal,Kathmandu shuts access to unregistered social media platforms,Kathmandu shuts access to unregistered social media platforms,brazilsun.com,existing_raw_gdelt,"Nepal (censorship OR VPN OR ""platform ban"" OR ""registration rules"")",excluded,published_at_or_seen_at_is_at_or_after_2025-09-08T00:00:00
external_excluded_961ac69d427975db,GDELT,gdelt_doc,newzealandstar.com,news_index,http://www.newzealandstar.com/news/278555794/kathmandu-shuts-access-to-unregistered-social-media-platforms,2025-09-08 16:30:00,English,Nepal,Kathmandu shuts access to unregistered social media platforms,Kathmandu shuts access to unregistered social media platforms,newzealandstar.com,existing_raw_gdelt,"Nepal (censorship OR VPN OR ""platform ban"" OR ""registration rules"")",excluded,published_at_or_seen_at_is_at_or_after_2025-09-08T00:00:00
external_excluded_9ff9a41a1c56f87d,GDELT,gdelt_doc,thailandnews.net,news_index,http://www.thailandnews.net/news/278555794/rights-groups-warn-as-nepal-moves-to-tighten-online-controls,2025-09-08 16:30:00,English,Nepal,Rights groups warn as Nepal moves to tighten online controls,Rights groups warn as Nepal moves to tighten online controls,thailandnews.net,existing_raw_gdelt,"Nepal (censorship OR VPN OR ""platform ban"" OR ""registration rules"")",excluded,published_at_or_seen_at_is_at_or_after_2025-09-08T00:00:00
external_excluded_9e7c57fb87c09373,GDELT,gdelt_doc,edition.cnn.com,news_index,https://edition.cnn.com/2025/09/08/asia/nepal-social-media-ban-protesters-killed-intl,2025-09-08 16:30:00,English,Nepal,"Nepal social media ban : Police open fire on protesters outside parliament , killing 17","Nepal social media ban : Police open fire on protesters outside parliament , killing 17",edition.cnn.com,existing_raw_gdelt,"Nepal (censorship OR VPN OR ""platform ban"" OR ""registration rules"")",excluded,published_at_or_seen_at_is_at_or_after_2025-09-08T00:00:00
external_excluded_41e5c78d6e4044d4,GDELT,gdelt_doc,euronews.com,news_index,https://www.euronews.com/next/2025/09/08/nepal-police-shoot-and-kill-some-17-people-protesting-a-social-media-ban,2025-09-08 16:30:00,English,Nepal,Nepal police shoot and kill some 17 people protesting a social media ban,Nepal police shoot and kill some 17 people protesting a social media ban,euronews.com,existing_raw_gdelt,"Nepal (censorship OR VPN OR ""platform ban"" OR ""registration rules"")",excluded,published_at_or_seen_at_is_at_or_after_2025-09-08T00:00:00
external_excluded_ac840d95d8b08350,GDELT,gdelt_doc,parisguardian.com,news_index,http://www.parisguardian.com/news/278555794/kathmandu-shuts-access-to-unregistered-social-media-platforms,2025-09-08 16:15:00,English,Nepal,Kathmandu shuts access to unregistered social media platforms,Kathmandu shuts access to unregistered social media platforms,parisguardian.com,existing_raw_gdelt,"Nepal (censorship OR VPN OR ""platform ban"" OR ""registration rules"")",excluded,published_at_or_seen_at_is_at_or_after_2025-09-08T00:00:00
external_excluded_b0bed92288a33291,GDELT,gdelt_doc,expert.ru,news_index,http://expert.ru/news/v-nepale-pogibli-19-chelovek-v-khode-protestov-iz-za-blokirovki-sotssetey/,2025-09-08 16:15:00,Russian,Nepal,В Непале погибли 19 человек в ходе протестов из - за блокировки соцсетей,В Непале погибли 19 человек в ходе протестов из - за блокировки соцсетей,expert.ru,existing_raw_gdelt,"Nepal (censorship OR VPN OR ""platform ban"" OR ""registration rules"")",excluded,published_at_or_seen_at_is_at_or_after_2025-09-08T00:00:00
external_excluded_1a3e9bc1ce133bf8,GDELT,gdelt_doc,philippinetimes.com,news_index,http://www.philippinetimes.com/news/278555794/kathmandu-shuts-access-to-unregistered-social-media-platforms,2025-09-08 16:15:00,English,Nepal,Kathmandu shuts access to unregistered social media platforms,Kathmandu shuts access to unregistered social media platforms,philippinetimes.com,existing_raw_gdelt,"Nepal (censorship OR VPN OR ""platform ban"" OR ""registration rules"")",excluded,published_at_or_seen_at_is_at_or_after_2025-09-08T00:00:00
external_excluded_e34e51b5feefd94a,GDELT,gdelt_doc,naharnet.com,news_index,https://www.naharnet.com:443/stories/en/315149-nepal-police-shoot-and-kill-at-least-17-people-protesting-social-media-ban,2025-09-08 16:00:00,English,Nepal,Nepal police shoot and kill at least 17 people protesting social media ban,Nepal police shoot and kill at least 17 people protesting social media ban,naharnet.com,existing_raw_gdelt,"Nepal (censorship OR VPN OR ""platform ban"" OR ""registration rules"")",excluded,published_at_or_seen_at_is_at_or_after_2025-09-08T00:00:00
external_excluded_c64cd74d757f3184,GDELT,gdelt_doc,srilankasource.com,news_index,http://www.srilankasource.com/news/278555794/kathmandu-shuts-access-to-unregistered-social-media-platforms,2025-09-08 16:00:00,English,Nepal,Kathmandu shuts access to unregistered social media platforms,Kathmandu shuts access to unregistered social media platforms,srilankasource.com,existing_raw_gdelt,"Nepal (censorship OR VPN OR ""platform ban"" OR ""registration rules"")",excluded,published_at_or_seen_at_is_at_or_after_2025-09-08T00:00:00
external_excluded_2a746466f6b290eb,GDELT,gdelt_doc,tucsonpost.com,news_index,http://www.tucsonpost.com/news/278555794/kathmandu-shuts-access-to-unregistered-social-media-platforms,2025-09-08 16:00:00,English,Nepal,Kathmandu shuts access to unregistered social media platforms,Kathmandu shuts access to unregistered social media platforms,tucsonpost.com,existing_raw_gdelt,"Nepal (censorship OR VPN OR ""platform ban"" OR ""registration rules"")",excluded,published_at_or_seen_at_is_at_or_after_2025-09-08T00:00:00
external_excluded_c9b4603cbab5f895,GDELT,gdelt_doc,9news.com.au,news_index,https://www.9news.com.au/world/nepal-police-open-fire-on-protesters-outside-parliament/5f278008-4fa1-4bc0-b991-c8125962ec5b,2025-09-08 15:45:00,English,Nepal,"Nepal : Police open fire on protesters outside parliament , killing 10","Nepal : Police open fire on protesters outside parliament , killing 10",9news.com.au,existing_raw_gdelt,"Nepal (censorship OR VPN OR ""platform ban"" OR ""registration rules"")",excluded,published_at_or_seen_at_is_at_or_after_2025-09-08T00:00:00
external_excluded_8f57e7452cd79676,GDELT,gdelt_doc,batonrougepost.com,news_index,http://www.batonrougepost.com/news/278555794/kathmandu-shuts-access-to-unregistered-social-media-platforms,2025-09-08 15:45:00,English,Nepal,Kathmandu shuts access to unregistered social media platforms,Kathmandu shuts access to unregistered social media platforms,batonrougepost.com,existing_raw_gdelt,"Nepal (censorship OR VPN OR ""platform ban"" OR ""registration rules"")",excluded,published_at_or_seen_at_is_at_or_after_2025-09-08T00:00:00
external_excluded_29ba9f3f5d7805e8,GDELT,gdelt_doc,taiwansun.com,news_index,http://www.taiwansun.com/news/278555794/kathmandu-shuts-access-to-unregistered-social-media-platforms,2025-09-08 15:45:00,English,Nepal,Kathmandu shuts access to unregistered social media platforms,Kathmandu shuts access to unregistered social media platforms,taiwansun.com,existing_raw_gdelt,"Nepal (censorship OR VPN OR ""platform ban"" OR ""registration rules"")",excluded,published_at_or_seen_at_is_at_or_after_2025-09-08T00:00:00
external_excluded_7fac241a5b7fb521,GDELT,gdelt_doc,clevelandstar.com,news_index,http://www.clevelandstar.com/news/278555794/kathmandu-shuts-access-to-unregistered-social-media-platforms,2025-09-08 15:45:00,English,Nepal,Kathmandu shuts access to unregistered social media platforms,Kathmandu shuts access to unregistered social media platforms,clevelandstar.com,existing_raw_gdelt,"Nepal (censorship OR VPN OR ""platform ban"" OR ""registration rules"")",excluded,published_at_or_seen_at_is_at_or_after_2025-09-08T00:00:00
external_excluded_c0bc93366ffaa674,GDELT,gdelt_doc,californiatelegraph.com,news_index,http://www.californiatelegraph.com/news/278555794/kathmandu-shuts-access-to-unregistered-social-media-platforms,2025-09-08 15:45:00,English,Nepal,Kathmandu shuts access to unregistered social media platforms,Kathmandu shuts access to unregistered social media platforms,californiatelegraph.com,existing_raw_gdelt,"Nepal (censorship OR VPN OR ""platform ban"" OR ""registration rules"")",excluded,published_at_or_seen_at_is_at_or_after_2025-09-08T00:00:00
external_excluded_4ae8e6c91f47ad05,GDELT,gdelt_doc,english.aawsat.com,news_index,https://english.aawsat.com/world/5183997-police-nepal-open-fire-protesters-outside-parliament-killing-17,2025-09-08 15:45:00,English,Nepal,"Police in Nepal Open Fire on Protesters Outside Parliament , Killing 17","Police in Nepal Open Fire on Protesters Outside Parliament , Killing 17",english.aawsat.com,existing_raw_gdelt,"Nepal (censorship OR VPN OR ""platform ban"" OR ""registration rules"")",excluded,published_at_or_seen_at_is_at_or_after_2025-09-08T00:00:00
external_excluded_9209da2442333218,GDELT,gdelt_doc,shanghainews.net,news_index,http://www.shanghainews.net/news/278555794/rights-groups-warn-as-nepal-moves-to-tighten-online-controls,2025-09-08 15:45:00,English,Nepal,Rights groups warn as Nepal moves to tighten online controls,Rights groups warn as Nepal moves to tighten online controls,shanghainews.net,existing_raw_gdelt,"Nepal (censorship OR VPN OR ""platform ban"" OR ""registration rules"")",excluded,published_at_or_seen_at_is_at_or_after_2025-09-08T00:00:00
external_excluded_710449927173e3b7,GDELT,gdelt_doc,prabhatkhabar.com,news_index,https://www.prabhatkhabar.com/world/nepal-gen-z-protest-violence-home-minister-resigns-ramesh-lekhak-takes-moral-responsibility,2025-09-08 15:45:00,Hindi,Nepal,"Nepal Gen Z Protest Video : नेपाल के गृह मंत्री ने दिया इस्तीफा , रमेश लेखक ने हिंसा की ली नैतिक जिम्मेदारी","Nepal Gen Z Protest Video : नेपाल के गृह मंत्री ने दिया इस्तीफा , रमेश लेखक ने हिंसा की ली नैतिक जिम्मेदारी",prabhatkhabar.com,existing_raw_gdelt,"Nepal (censorship OR VPN OR ""platform ban"" OR ""registration rules"")",excluded,published_at_or_seen_at_is_at_or_after_2025-09-08T00:00:00
external_excluded_c076829c193e6051,GDELT,gdelt_doc,lopinion.fr,news_index,https://www.lopinion.fr/economie/nepal-au-moins-16-morts-a-katmandou-pendant-une-manifestation-contre-la-censure-des-reseaux-sociaux-et-la-corruption,2025-09-08 15:45:00,French,Nepal,Népal : au moins 16 morts à Katmandou pendant une manifestation contre la censure des réseaux sociaux et la corruption,Népal : au moins 16 morts à Katmandou pendant une manifestation contre la censure des réseaux sociaux et la corruption,lopinion.fr,existing_raw_gdelt,"Nepal (censorship OR VPN OR ""platform ban"" OR ""registration rules"")",excluded,published_at_or_seen_at_is_at_or_after_2025-09-08T00:00:00
external_excluded_052b6457f2f150b2,GDELT,gdelt_doc,bostonstar.com,news_index,http://www.bostonstar.com/news/278555794/kathmandu-shuts-access-to-unregistered-social-media-platforms,2025-09-08 15:45:00,English,Nepal,Kathmandu shuts access to unregistered social media platforms,Kathmandu shuts access to unregistered social media platforms,bostonstar.com,existing_raw_gdelt,"Nepal (censorship OR VPN OR ""platform ban"" OR ""registration rules"")",excluded,published_at_or_seen_at_is_at_or_after_2025-09-08T00:00:00
external_excluded_3ce0bcb4aba99d8c,GDELT,gdelt_doc,economictimes.indiatimes.com,news_index,https://economictimes.indiatimes.com/news/new-updates/police-firing-indiscriminately-how-nepals-gen-z-revolt-against-social-media-ban-turned-into-a-deadly-chaos/articleshow/123768727.cms,2025-09-08 15:45:00,English,Nepal,Police firing indiscriminately : How Nepal Gen Z revolt against social media ban turned into a deadly chaos,Police firing indiscriminately : How Nepal Gen Z revolt against social media ban turned into a deadly chaos,economictimes.indiatimes.com,existing_raw_gdelt,"Nepal (censorship OR VPN OR ""platform ban"" OR ""registration rules"")",excluded,published_at_or_seen_at_is_at_or_after_2025-09-08T00:00:00
external_excluded_15a33794c9f0d729,GDELT,gdelt_doc,memphissun.com,news_index,http://www.memphissun.com/news/278555794/kathmandu-shuts-access-to-unregistered-social-media-platforms,2025-09-08 15:45:00,English,Nepal,Kathmandu shuts access to unregistered social media platforms,Kathmandu shuts access to unregistered social media platforms,memphissun.com,existing_raw_gdelt,"Nepal (censorship OR VPN OR ""platform ban"" OR ""registration rules"")",excluded,published_at_or_seen_at_is_at_or_after_2025-09-08T00:00:00
external_excluded_5a94b3f53969f256,GDELT,gdelt_doc,iraqsun.com,news_index,http://www.iraqsun.com/news/278555794/kathmandu-shuts-access-to-unregistered-social-media-platforms,2025-09-08 15:45:00,English,Nepal,Kathmandu shuts access to unregistered social media platforms,Kathmandu shuts access to unregistered social media platforms,iraqsun.com,existing_raw_gdelt,"Nepal (censorship OR VPN OR ""platform ban"" OR ""registration rules"")",excluded,published_at_or_seen_at_is_at_or_after_2025-09-08T00:00:00
external_excluded_6c5445f562d6e0b8,GDELT,gdelt_doc,navbharattimes.indiatimes.com,news_index,https://navbharattimes.indiatimes.com/world/asian-countries/nepal-gen-z-protests-live-hundreds-injured-as-police-open-fire-curfews-imposed-in-multiple-cities/articleshow/123767183.cms,2025-09-08 15:30:00,Hindi,Nepal,"Gen Z Protest Nepal , Nepal Gen Z Protests : काठमांडू , बुटवल , भैरहवा में कर्फ्यू , 19 की मौत , ओली कैबिनेट की आपात बैठक - nepal gen z protests live hundreds injured as police open fire curfews imposed in multiple cities","Gen Z Protest Nepal , Nepal Gen Z Protests : काठमांडू , बुटवल , भैरहवा में कर्फ्यू , 19 की मौत , ओली कैबिनेट की आपात बैठक - nepal gen z protests live hundreds injured as police open fire curfews imposed in multiple cities",navbharattimes.indiatimes.com,existing_raw_gdelt,"Nepal (censorship OR VPN OR ""platform ban"" OR ""registration rules"")",excluded,published_at_or_seen_at_is_at_or_after_2025-09-08T00:00:00
external_excluded_c68ab34c32b4cbbb,GDELT,gdelt_doc,edenmagnet.com.au,news_index,https://www.edenmagnet.com.au/story/9061153/police-in-nepal-open-fire-on-protesters-killing-11/,2025-09-08 15:30:00,English,Nepal,"Police in Nepal open fire on protesters , killing 11","Police in Nepal open fire on protesters , killing 11",edenmagnet.com.au,existing_raw_gdelt,"Nepal (censorship OR VPN OR ""platform ban"" OR ""registration rules"")",excluded,published_at_or_seen_at_is_at_or_after_2025-09-08T00:00:00
external_excluded_d32bf24ab0236ac4,GDELT,gdelt_doc,independent.co.uk,news_index,https://www.independent.co.uk/asia/south-asia/nepal-protests-curfew-social-media-ban-gen-z-latest-news-b2822192.html,2025-09-08 15:30:00,English,Nepal,At least 14 reportedly killed as Nepal Gen - Z protestors take to streets against social media ban,At least 14 reportedly killed as Nepal Gen - Z protestors take to streets against social media ban,independent.co.uk,existing_raw_gdelt,"Nepal (censorship OR VPN OR ""platform ban"" OR ""registration rules"")",excluded,published_at_or_seen_at_is_at_or_after_2025-09-08T00:00:00
external_excluded_8cc0ace2c6667211,GDELT,gdelt_doc,myanmarnews.net,news_index,http://www.myanmarnews.net/news/278555794/rights-groups-warn-as-nepal-moves-to-tighten-online-controls,2025-09-08 15:30:00,English,Nepal,Rights groups warn as Nepal moves to tighten online controls,Rights groups warn as Nepal moves to tighten online controls,myanmarnews.net,existing_raw_gdelt,"Nepal (censorship OR VPN OR ""platform ban"" OR ""registration rules"")",excluded,published_at_or_seen_at_is_at_or_after_2025-09-08T00:00:00
external_excluded_b363c100b5b7e03d,GDELT,gdelt_doc,oklahomacitysun.com,news_index,http://www.oklahomacitysun.com/news/278555794/kathmandu-shuts-access-to-unregistered-social-media-platforms,2025-09-08 15:30:00,English,Nepal,Kathmandu shuts access to unregistered social media platforms,Kathmandu shuts access to unregistered social media platforms,oklahomacitysun.com,existing_raw_gdelt,"Nepal (censorship OR VPN OR ""platform ban"" OR ""registration rules"")",excluded,published_at_or_seen_at_is_at_or_after_2025-09-08T00:00:00
external_excluded_27d53acd77c6d774,GDELT,gdelt_doc,trinidadtimes.com,news_index,http://www.trinidadtimes.com/news/278555794/kathmandu-shuts-access-to-unregistered-social-media-platforms,2025-09-08 15:30:00,English,Nepal,Kathmandu shuts access to unregistered social media platforms,Kathmandu shuts access to unregistered social media platforms,trinidadtimes.com,existing_raw_gdelt,"Nepal (censorship OR VPN OR ""platform ban"" OR ""registration rules"")",excluded,published_at_or_seen_at_is_at_or_after_2025-09-08T00:00:00
external_excluded_324c52fdd995ce4c,GDELT,gdelt_doc,yle.fi,news_index,https://yle.fi/a/7-10083955,2025-09-08 15:30:00,Swedish,Nepal,Flera döda och närmare 100 skadade i Nepal efter att landet stänger ner sociala medier,Flera döda och närmare 100 skadade i Nepal efter att landet stänger ner sociala medier,yle.fi,existing_raw_gdelt,"Nepal (censorship OR VPN OR ""platform ban"" OR ""registration rules"")",excluded,published_at_or_seen_at_is_at_or_after_2025-09-08T00:00:00
external_excluded_d00a2ef02a5a1141,GDELT,gdelt_doc,siasat.com,news_index,https://www.siasat.com/14-killed-as-citizens-clash-with-police-over-social-media-ban-in-nepal-3269057/,2025-09-08 15:15:00,English,Nepal,14 killed as citizens clash with police over social media ban in Nepal,14 killed as citizens clash with police over social media ban in Nepal,siasat.com,existing_raw_gdelt,"Nepal (censorship OR VPN OR ""platform ban"" OR ""registration rules"")",excluded,published_at_or_seen_at_is_at_or_after_2025-09-08T00:00:00
external_excluded_5f54ce06a3adc795,GDELT,gdelt_doc,africanews.com,news_index,https://www.africanews.com/2025/09/08/nepal-police-kills-at-least-17-people-protesting-corruption-and-social-media-ban/,2025-09-08 15:15:00,English,Nepal,Nepal police kills at least 17 people protesting corruption and social media ban,Nepal police kills at least 17 people protesting corruption and social media ban,africanews.com,existing_raw_gdelt,"Nepal (censorship OR VPN OR ""platform ban"" OR ""registration rules"")",excluded,published_at_or_seen_at_is_at_or_after_2025-09-08T00:00:00
external_excluded_9678159715c415e7,GDELT,gdelt_doc,maitlandmercury.com.au,news_index,https://www.maitlandmercury.com.au/story/9061153/police-in-nepal-open-fire-on-protesters-killing-11/,2025-09-08 15:15:00,English,Nepal,"Police in Nepal open fire on protesters , killing 11","Police in Nepal open fire on protesters , killing 11",maitlandmercury.com.au,existing_raw_gdelt,"Nepal (censorship OR VPN OR ""platform ban"" OR ""registration rules"")",excluded,published_at_or_seen_at_is_at_or_after_2025-09-08T00:00:00
external_excluded_5199b028c0c447f6,GDELT,gdelt_doc,woonsocketcall.com,news_index,https://www.woonsocketcall.com/news/national_and_world_news/ap-news-summary-at-10-29-a-m-edt/article_7dad4f6b-ad54-55b2-8957-0cb90c0cde49.html,2025-09-08 15:00:00,English,Nepal,AP News Summary at 10 : 29 a . m . EDT,AP News Summary at 10 : 29 a . m . EDT,woonsocketcall.com,existing_raw_gdelt,"Nepal (censorship OR VPN OR ""platform ban"" OR ""registration rules"")",excluded,published_at_or_seen_at_is_at_or_after_2025-09-08T00:00:00
external_excluded_9cfe86fcf87d31c5,GDELT,gdelt_doc,naroomanewsonline.com.au,news_index,https://www.naroomanewsonline.com.au/story/9061153/police-in-nepal-open-fire-on-protesters-killing-11/,2025-09-08 15:00:00,English,Nepal,"Police in Nepal open fire on protesters , killing 11","Police in Nepal open fire on protesters , killing 11",naroomanewsonline.com.au,existing_raw_gdelt,"Nepal (censorship OR VPN OR ""platform ban"" OR ""registration rules"")",excluded,published_at_or_seen_at_is_at_or_after_2025-09-08T00:00:00
external_excluded_85f6158a2b69d60a,GDELT,gdelt_doc,freepressjournal.in,news_index,https://www.freepressjournal.in/world/nepal-gen-z-protest-lakhs-of-youths-hit-streets-against-entrenched-corruption-in-govt-know-charges-against-pm-oli,2025-09-08 15:00:00,English,Nepal,Nepal Gen - Z Protest : Lakhs Of Youths Hit Streets Against Entrenched Corruption In Govt ; Know Charges Against PM Oli,Nepal Gen - Z Protest : Lakhs Of Youths Hit Streets Against Entrenched Corruption In Govt ; Know Charges Against PM Oli,freepressjournal.in,existing_raw_gdelt,"Nepal (censorship OR VPN OR ""platform ban"" OR ""registration rules"")",excluded,published_at_or_seen_at_is_at_or_after_2025-09-08T00:00:00
external_excluded_65a6f510caa02017,GDELT,gdelt_doc,udn.com,news_index,https://udn.com/news/story/6809/8991919,2025-09-08 15:00:00,Chinese,Nepal,尼泊爾青年抗議社群媒體禁令 警方驅離釀19死 、 100多人傷 | 國際焦點 | 全球,尼泊爾青年抗議社群媒體禁令 警方驅離釀19死 、 100多人傷 | 國際焦點 | 全球,udn.com,existing_raw_gdelt,"Nepal (censorship OR VPN OR ""platform ban"" OR ""registration rules"")",excluded,published_at_or_seen_at_is_at_or_after_2025-09-08T00:00:00
external_excluded_b8260944d73290e1,GDELT,gdelt_doc,hampshirechronicle.co.uk,news_index,https://www.hampshirechronicle.co.uk/news/national/25448697.police-nepal-open-fire-anti-government-protesters-killing-17/,2025-09-08 14:45:00,English,Nepal,"Police in Nepal open fire on anti - government protesters , killing 17","Police in Nepal open fire on anti - government protesters , killing 17",hampshirechronicle.co.uk,existing_raw_gdelt,"Nepal (censorship OR VPN OR ""platform ban"" OR ""registration rules"")",excluded,published_at_or_seen_at_is_at_or_after_2025-09-08T00:00:00
external_excluded_b74535a5dd995b2b,GDELT,gdelt_doc,afghanistansun.com,news_index,http://www.afghanistansun.com/news/278555794/kathmandu-shuts-access-to-unregistered-social-media-platforms,2025-09-08 14:45:00,English,Nepal,Kathmandu shuts access to unregistered social media platforms,Kathmandu shuts access to unregistered social media platforms,afghanistansun.com,existing_raw_gdelt,"Nepal (censorship OR VPN OR ""platform ban"" OR ""registration rules"")",excluded,published_at_or_seen_at_is_at_or_after_2025-09-08T00:00:00
external_excluded_a8a92406e873d437,GDELT,gdelt_doc,castanetkamloops.net,news_index,https://www.castanetkamloops.net/news/World/571076/Nepal-police-shoot-and-kill-at-least-17-people-protesting-a-social-media-ban,2025-09-08 14:45:00,English,Nepal,Nepal police shoot and kill at least 17 people protesting a social media ban,Nepal police shoot and kill at least 17 people protesting a social media ban,castanetkamloops.net,existing_raw_gdelt,"Nepal (censorship OR VPN OR ""platform ban"" OR ""registration rules"")",excluded,published_at_or_seen_at_is_at_or_after_2025-09-08T00:00:00
external_excluded_eae9bf65a58980ce,GDELT,gdelt_doc,chardandilminsternews.co.uk,news_index,https://www.chardandilminsternews.co.uk/news/national/25448697.police-nepal-open-fire-anti-government-protesters-killing-17/,2025-09-08 14:45:00,English,Nepal,"Police in Nepal open fire on anti - government protesters , killing 17","Police in Nepal open fire on anti - government protesters , killing 17",chardandilminsternews.co.uk,existing_raw_gdelt,"Nepal (censorship OR VPN OR ""platform ban"" OR ""registration rules"")",excluded,published_at_or_seen_at_is_at_or_after_2025-09-08T00:00:00
external_excluded_dd812bdbf1472c0a,GDELT,gdelt_doc,redditchadvertiser.co.uk,news_index,https://www.redditchadvertiser.co.uk/news/national/25448697.police-nepal-open-fire-anti-government-protesters-killing-17/,2025-09-08 14:45:00,English,Nepal,"Police in Nepal open fire on anti - government protesters , killing 17","Police in Nepal open fire on anti - government protesters , killing 17",redditchadvertiser.co.uk,existing_raw_gdelt,"Nepal (censorship OR VPN OR ""platform ban"" OR ""registration rules"")",excluded,published_at_or_seen_at_is_at_or_after_2025-09-08T00:00:00
external_excluded_f075b71c2b8612d3,GDELT,gdelt_doc,eastlothiancourier.com,news_index,https://www.eastlothiancourier.com/news/national/25448697.police-nepal-open-fire-anti-government-protesters-killing-17/,2025-09-08 14:45:00,English,Nepal,"Police in Nepal open fire on anti - government protesters , killing 17","Police in Nepal open fire on anti - government protesters , killing 17",eastlothiancourier.com,existing_raw_gdelt,"Nepal (censorship OR VPN OR ""platform ban"" OR ""registration rules"")",excluded,published_at_or_seen_at_is_at_or_after_2025-09-08T00:00:00
external_excluded_36c0e74a4ea2c8cd,GDELT,gdelt_doc,leaderlive.co.uk,news_index,https://www.leaderlive.co.uk/news/national/25448697.police-nepal-open-fire-anti-government-protesters-killing-17/,2025-09-08 14:45:00,English,Nepal,"Police in Nepal open fire on anti - government protesters , killing 17","Police in Nepal open fire on anti - government protesters , killing 17",leaderlive.co.uk,existing_raw_gdelt,"Nepal (censorship OR VPN OR ""platform ban"" OR ""registration rules"")",excluded,published_at_or_seen_at_is_at_or_after_2025-09-08T00:00:00
external_excluded_2cf2305c70b3deff,GDELT,gdelt_doc,cotswoldjournal.co.uk,news_index,https://www.cotswoldjournal.co.uk/news/national/25448697.police-nepal-open-fire-anti-government-protesters-killing-17/,2025-09-08 14:45:00,English,Nepal,"Police in Nepal open fire on anti - government protesters , killing 17","Police in Nepal open fire on anti - government protesters , killing 17",cotswoldjournal.co.uk,existing_raw_gdelt,"Nepal (censorship OR VPN OR ""platform ban"" OR ""registration rules"")",excluded,published_at_or_seen_at_is_at_or_after_2025-09-08T00:00:00
external_excluded_8c9d545f2bdf3cd1,GDELT,gdelt_doc,countypress.co.uk,news_index,https://www.countypress.co.uk/news/national/25448697.police-nepal-open-fire-anti-government-protesters-killing-17/,2025-09-08 14:30:00,English,Nepal,"Police in Nepal open fire on anti - government protesters , killing 17","Police in Nepal open fire on anti - government protesters , killing 17",countypress.co.uk,existing_raw_gdelt,"Nepal (censorship OR VPN OR ""platform ban"" OR ""registration rules"")",excluded,published_at_or_seen_at_is_at_or_after_2025-09-08T00:00:00
external_excluded_646352b12ce99e63,GDELT,gdelt_doc,ealingtimes.co.uk,news_index,https://www.ealingtimes.co.uk/news/national/25448697.police-nepal-open-fire-anti-government-protesters-killing-17/,2025-09-08 14:15:00,English,Nepal,"Police in Nepal open fire on anti - government protesters , killing 17","Police in Nepal open fire on anti - government protesters , killing 17",ealingtimes.co.uk,existing_raw_gdelt,"Nepal (censorship OR VPN OR ""platform ban"" OR ""registration rules"")",excluded,published_at_or_seen_at_is_at_or_after_2025-09-08T00:00:00
external_excluded_26ba38b9ea314146,GDELT,gdelt_doc,sloughobserver.co.uk,news_index,https://www.sloughobserver.co.uk/news/national/25448697.police-nepal-open-fire-anti-government-protesters-killing-17/,2025-09-08 14:15:00,English,Nepal,"Police in Nepal open fire on anti - government protesters , killing 17","Police in Nepal open fire on anti - government protesters , killing 17",sloughobserver.co.uk,existing_raw_gdelt,"Nepal (censorship OR VPN OR ""platform ban"" OR ""registration rules"")",excluded,published_at_or_seen_at_is_at_or_after_2025-09-08T00:00:00
external_excluded_533c2b8737373ec8,GDELT,gdelt_doc,wzzm13.com,news_index,https://www.wzzm13.com/article/news/nation-world/police-in-nepal-kill-10-protesters/507-b1d37c44-748e-4d24-8c08-7406c073d13a,2025-09-08 14:15:00,English,Nepal,"Police in Kathmandu open fire on social media ban protesters , killing 10","Police in Kathmandu open fire on social media ban protesters , killing 10",wzzm13.com,existing_raw_gdelt,"Nepal (censorship OR VPN OR ""platform ban"" OR ""registration rules"")",excluded,published_at_or_seen_at_is_at_or_after_2025-09-08T00:00:00
external_excluded_cc092da43afcd9d7,GDELT,gdelt_doc,aajsamaaj.com,news_index,https://www.aajsamaaj.com/nepal-gen-z-protest-chaos-in-nepal-due-to-social-media-ban-youth-entered-parliament-one-died-in-police-firing/,2025-09-08 14:15:00,Hindi,Nepal,"Nepal Gen - Z Protest : नेपाल में सोशल मीडिया बैन से बवाल , संसद में घुसे युवा , पुलिस फायरिंग में एक की मौत","Nepal Gen - Z Protest : नेपाल में सोशल मीडिया बैन से बवाल , संसद में घुसे युवा , पुलिस फायरिंग में एक की मौत",aajsamaaj.com,existing_raw_gdelt,"Nepal (censorship OR VPN OR ""platform ban"" OR ""registration rules"")",excluded,published_at_or_seen_at_is_at_or_after_2025-09-08T00:00:00
external_excluded_576e8dfbb8603471,GDELT,gdelt_doc,witneygazette.co.uk,news_index,https://www.witneygazette.co.uk/news/national/25448697.police-nepal-open-fire-anti-government-protesters-killing-17/,2025-09-08 14:15:00,English,Nepal,"Police in Nepal open fire on anti - government protesters , killing 17","Police in Nepal open fire on anti - government protesters , killing 17",witneygazette.co.uk,existing_raw_gdelt,"Nepal (censorship OR VPN OR ""platform ban"" OR ""registration rules"")",excluded,published_at_or_seen_at_is_at_or_after_2025-09-08T00:00:00
external_excluded_854f6fd9cc2180d2,GDELT,gdelt_doc,sent-trib.com,news_index,https://www.sent-trib.com/2025/09/08/roundup-palestinian-gunmen-kill-6-jury-selection-in-trump-plot-frances-upheaval/,2025-09-08 14:15:00,English,Nepal,Roundup : Palestinian gunmen kill 6 ; jury selection in Trump plot ; France upheaval,Roundup : Palestinian gunmen kill 6 ; jury selection in Trump plot ; France upheaval,sent-trib.com,existing_raw_gdelt,"Nepal (censorship OR VPN OR ""platform ban"" OR ""registration rules"")",excluded,published_at_or_seen_at_is_at_or_after_2025-09-08T00:00:00
external_excluded_716ccf6b0b8fde71,GDELT,gdelt_doc,orissapost.com,news_index,https://www.orissapost.com/nepal-social-media-ban-sparks-clash-14-dead-army-deployed/,2025-09-08 14:15:00,English,Nepal,"Nepal social media ban sparks clash : 14 dead , army deployed","Nepal social media ban sparks clash : 14 dead , army deployed",orissapost.com,existing_raw_gdelt,"Nepal (censorship OR VPN OR ""platform ban"" OR ""registration rules"")",excluded,published_at_or_seen_at_is_at_or_after_2025-09-08T00:00:00
external_excluded_5a68f7f23e1628a6,GDELT,gdelt_doc,asiabulletin.com,news_index,http://www.asiabulletin.com/news/278555794/kathmandu-shuts-access-to-unregistered-social-media-platforms,2025-09-08 14:15:00,English,Nepal,Kathmandu shuts access to unregistered social media platforms,Kathmandu shuts access to unregistered social media platforms,asiabulletin.com,existing_raw_gdelt,"Nepal (censorship OR VPN OR ""platform ban"" OR ""registration rules"")",excluded,published_at_or_seen_at_is_at_or_after_2025-09-08T00:00:00
external_excluded_c540bf504fd9e405,GDELT,gdelt_doc,eadt.co.uk,news_index,https://www.eadt.co.uk/news/national/25448697.police-nepal-open-fire-anti-government-protesters-killing-17/,2025-09-08 14:15:00,English,Nepal,"Police in Nepal open fire on anti - government protesters , killing 17","Police in Nepal open fire on anti - government protesters , killing 17",eadt.co.uk,existing_raw_gdelt,"Nepal (censorship OR VPN OR ""platform ban"" OR ""registration rules"")",excluded,published_at_or_seen_at_is_at_or_after_2025-09-08T00:00:00
external_excluded_6c0e326f9708d757,GDELT,gdelt_doc,richmondandtwickenhamtimes.co.uk,news_index,https://www.richmondandtwickenhamtimes.co.uk/news/national/25448697.police-nepal-open-fire-anti-government-protesters-killing-17/,2025-09-08 14:15:00,English,Nepal,"Police in Nepal open fire on anti - government protesters , killing 17","Police in Nepal open fire on anti - government protesters , killing 17",richmondandtwickenhamtimes.co.uk,existing_raw_gdelt,"Nepal (censorship OR VPN OR ""platform ban"" OR ""registration rules"")",excluded,published_at_or_seen_at_is_at_or_after_2025-09-08T00:00:00
external_excluded_9d454e51afc375c2,GDELT,gdelt_doc,bridgwatermercury.co.uk,news_index,https://www.bridgwatermercury.co.uk/news/national/25448697.police-nepal-open-fire-anti-government-protesters-killing-17/,2025-09-08 14:15:00,English,Nepal,"Police in Nepal open fire on anti - government protesters , killing 17","Police in Nepal open fire on anti - government protesters , killing 17",bridgwatermercury.co.uk,existing_raw_gdelt,"Nepal (censorship OR VPN OR ""platform ban"" OR ""registration rules"")",excluded,published_at_or_seen_at_is_at_or_after_2025-09-08T00:00:00
external_excluded_815974ae41646660,GDELT,gdelt_doc,warringtonguardian.co.uk,news_index,https://www.warringtonguardian.co.uk/news/national/25448697.police-nepal-open-fire-anti-government-protesters-killing-17/,2025-09-08 14:15:00,English,Nepal,"Police in Nepal open fire on anti - government protesters , killing 17","Police in Nepal open fire on anti - government protesters , killing 17",warringtonguardian.co.uk,existing_raw_gdelt,"Nepal (censorship OR VPN OR ""platform ban"" OR ""registration rules"")",excluded,published_at_or_seen_at_is_at_or_after_2025-09-08T00:00:00
external_excluded_e439d8fd7ded16f9,GDELT,gdelt_doc,bracknellnews.co.uk,news_index,https://www.bracknellnews.co.uk/news/national/25448697.police-nepal-open-fire-anti-government-protesters-killing-17/,2025-09-08 14:15:00,English,Nepal,"Police in Nepal open fire on anti - government protesters , killing 17","Police in Nepal open fire on anti - government protesters , killing 17",bracknellnews.co.uk,existing_raw_gdelt,"Nepal (censorship OR VPN OR ""platform ban"" OR ""registration rules"")",excluded,published_at_or_seen_at_is_at_or_after_2025-09-08T00:00:00
external_excluded_116511a4ac528fc9,GDELT,gdelt_doc,bournemouthecho.co.uk,news_index,https://www.bournemouthecho.co.uk/news/national/25448697.police-nepal-open-fire-anti-government-protesters-killing-17/,2025-09-08 14:15:00,English,Nepal,"Police in Nepal open fire on anti - government protesters , killing 17","Police in Nepal open fire on anti - government protesters , killing 17",bournemouthecho.co.uk,existing_raw_gdelt,"Nepal (censorship OR VPN OR ""platform ban"" OR ""registration rules"")",excluded,published_at_or_seen_at_is_at_or_after_2025-09-08T00:00:00
external_excluded_6e40c84d254312c0,GDELT,gdelt_doc,britainnews.net,news_index,http://www.britainnews.net/news/278555794/rights-groups-warn-as-nepal-moves-to-tighten-online-controls,2025-09-08 14:15:00,English,Nepal,Rights groups warn as Nepal moves to tighten online controls,Rights groups warn as Nepal moves to tighten online controls,britainnews.net,existing_raw_gdelt,"Nepal (censorship OR VPN OR ""platform ban"" OR ""registration rules"")",excluded,published_at_or_seen_at_is_at_or_after_2025-09-08T00:00:00
external_excluded_3b613f56e148d1e6,GDELT,gdelt_doc,thewestonmercury.co.uk,news_index,https://www.thewestonmercury.co.uk/news/national/25448697.police-nepal-open-fire-anti-government-protesters-killing-17/,2025-09-08 14:15:00,English,Nepal,"Police in Nepal open fire on anti - government protesters , killing 17","Police in Nepal open fire on anti - government protesters , killing 17",thewestonmercury.co.uk,existing_raw_gdelt,"Nepal (censorship OR VPN OR ""platform ban"" OR ""registration rules"")",excluded,published_at_or_seen_at_is_at_or_after_2025-09-08T00:00:00
external_excluded_f5ee281108191727,GDELT,gdelt_doc,kiiitv.com,news_index,https://www.kiiitv.com/article/news/nation-world/police-in-nepal-kill-10-protesters/507-b1d37c44-748e-4d24-8c08-7406c073d13a,2025-09-08 14:15:00,English,Nepal,"Police in Kathmandu open fire on social media ban protesters , killing 10","Police in Kathmandu open fire on social media ban protesters , killing 10",kiiitv.com,existing_raw_gdelt,"Nepal (censorship OR VPN OR ""platform ban"" OR ""registration rules"")",excluded,published_at_or_seen_at_is_at_or_after_2025-09-08T00:00:00
external_excluded_728d8478c3edcbe5,GDELT,gdelt_doc,lactualite.com,news_index,https://lactualite.com/actualites/la-police-ouvre-le-feu-sur-des-manifestants-au-nepal-tuant-10-personnes/,2025-09-08 14:15:00,French,Nepal,"La police ouvre le feu sur des manifestants au Népal , tuant au moins 17 personnes","La police ouvre le feu sur des manifestants au Népal , tuant au moins 17 personnes",lactualite.com,existing_raw_gdelt,"Nepal (censorship OR VPN OR ""platform ban"" OR ""registration rules"")",excluded,published_at_or_seen_at_is_at_or_after_2025-09-08T00:00:00
external_excluded_4a952066a57fcf1a,GDELT,gdelt_doc,londonmercury.com,news_index,http://www.londonmercury.com/news/278555794/kathmandu-shuts-access-to-unregistered-social-media-platforms,2025-09-08 14:00:00,English,Nepal,Kathmandu shuts access to unregistered social media platforms,Kathmandu shuts access to unregistered social media platforms,londonmercury.com,existing_raw_gdelt,"Nepal (censorship OR VPN OR ""platform ban"" OR ""registration rules"")",excluded,published_at_or_seen_at_is_at_or_after_2025-09-08T00:00:00
external_excluded_697de0733694df43,GDELT,gdelt_doc,economictimes.indiatimes.com,news_index,https://economictimes.indiatimes.com/news/new-updates/nepal-bans-26-social-media-platforms-full-list-from-facebook-instagram-whatsapp-to-youtube/articleshow/123766916.cms,2025-09-08 14:00:00,English,Nepal,"Nepal bans 26 social media platforms : Full list from Facebook , Instagram , WhatsApp to YouTube","Nepal bans 26 social media platforms : Full list from Facebook , Instagram , WhatsApp to YouTube",economictimes.indiatimes.com,existing_raw_gdelt,"Nepal (censorship OR VPN OR ""platform ban"" OR ""registration rules"")",excluded,published_at_or_seen_at_is_at_or_after_2025-09-08T00:00:00
external_excluded_45139512b20d31f7,GDELT,gdelt_doc,whtimes.co.uk,news_index,https://www.whtimes.co.uk/news/national/25448697.police-nepal-open-fire-anti-government-protesters-killing-17/,2025-09-08 14:00:00,English,Nepal,"Police in Nepal open fire on anti - government protesters , killing 17","Police in Nepal open fire on anti - government protesters , killing 17",whtimes.co.uk,existing_raw_gdelt,"Nepal (censorship OR VPN OR ""platform ban"" OR ""registration rules"")",excluded,published_at_or_seen_at_is_at_or_after_2025-09-08T00:00:00
external_excluded_b75118ed35db79d8,GDELT,gdelt_doc,barryanddistrictnews.co.uk,news_index,https://www.barryanddistrictnews.co.uk/news/national/25448697.police-nepal-open-fire-anti-government-protesters-killing-17/,2025-09-08 14:00:00,English,Nepal,"Police in Nepal open fire on anti - government protesters , killing 17","Police in Nepal open fire on anti - government protesters , killing 17",barryanddistrictnews.co.uk,existing_raw_gdelt,"Nepal (censorship OR VPN OR ""platform ban"" OR ""registration rules"")",excluded,published_at_or_seen_at_is_at_or_after_2025-09-08T00:00:00
external_excluded_deec4c46ed705d63,GDELT,gdelt_doc,cna.com.tw,news_index,https://www.cna.com.tw:443/news/aopl/202509080325.aspx,2025-09-08 14:00:00,Chinese,Nepal,尼泊爾青年上街抗議社群媒體禁令 警方驅離釀16死 | 國際,尼泊爾青年上街抗議社群媒體禁令 警方驅離釀16死 | 國際,cna.com.tw,existing_raw_gdelt,"Nepal (censorship OR VPN OR ""platform ban"" OR ""registration rules"")",excluded,published_at_or_seen_at_is_at_or_after_2025-09-08T00:00:00
external_excluded_a6c5dc47ad2e3fbd,GDELT,gdelt_doc,halsteadgazette.co.uk,news_index,https://www.halsteadgazette.co.uk/news/national/25448697.police-nepal-open-fire-anti-government-protesters-killing-17/,2025-09-08 14:00:00,English,Nepal,"Police in Nepal open fire on anti - government protesters , killing 17","Police in Nepal open fire on anti - government protesters , killing 17",halsteadgazette.co.uk,existing_raw_gdelt,"Nepal (censorship OR VPN OR ""platform ban"" OR ""registration rules"")",excluded,published_at_or_seen_at_is_at_or_after_2025-09-08T00:00:00
external_excluded_72f6af52ea9d2f4a,GDELT,gdelt_doc,queanbeyanage.com.au,news_index,https://www.queanbeyanage.com.au/story/9061153/police-in-nepal-open-fire-on-protesters-killing-11/,2025-09-08 14:00:00,English,Nepal,"Police in Nepal open fire on protesters , killing 11","Police in Nepal open fire on protesters , killing 11",queanbeyanage.com.au,existing_raw_gdelt,"Nepal (censorship OR VPN OR ""platform ban"" OR ""registration rules"")",excluded,published_at_or_seen_at_is_at_or_after_2025-09-08T00:00:00
external_excluded_b019ec0012da3b73,GDELT,gdelt_doc,vietnamtribune.com,news_index,http://www.vietnamtribune.com/news/278555794/kathmandu-shuts-access-to-unregistered-social-media-platforms,2025-09-08 14:00:00,English,Nepal,Kathmandu shuts access to unregistered social media platforms,Kathmandu shuts access to unregistered social media platforms,vietnamtribune.com,existing_raw_gdelt,"Nepal (censorship OR VPN OR ""platform ban"" OR ""registration rules"")",excluded,published_at_or_seen_at_is_at_or_after_2025-09-08T00:00:00
external_excluded_2f5fc076d884ff04,GDELT,gdelt_doc,cnn.com,news_index,https://www.cnn.com/2025/09/08/asia/nepal-social-media-ban-protesters-killed-intl,2025-09-08 14:00:00,English,Nepal,"Nepal social media ban : Police open fire on protesters outside parliament , killing 17","Nepal social media ban : Police open fire on protesters outside parliament , killing 17",cnn.com,existing_raw_gdelt,"Nepal (censorship OR VPN OR ""platform ban"" OR ""registration rules"")",excluded,published_at_or_seen_at_is_at_or_after_2025-09-08T00:00:00
external_excluded_f1860ed379695cf3,GDELT,gdelt_doc,burnhamandhighbridgeweeklynews.co.uk,news_index,https://www.burnhamandhighbridgeweeklynews.co.uk/news/national/25448697.police-nepal-open-fire-anti-government-protesters-killing-17/,2025-09-08 14:00:00,English,Nepal,"Police in Nepal open fire on anti - government protesters , killing 17","Police in Nepal open fire on anti - government protesters , killing 17",burnhamandhighbridgeweeklynews.co.uk,existing_raw_gdelt,"Nepal (censorship OR VPN OR ""platform ban"" OR ""registration rules"")",excluded,published_at_or_seen_at_is_at_or_after_2025-09-08T00:00:00
external_excluded_7b54f412ed2490f8,GDELT,gdelt_doc,readingchronicle.co.uk,news_index,https://www.readingchronicle.co.uk/news/national/25448697.police-nepal-open-fire-anti-government-protesters-killing-17/,2025-09-08 14:00:00,English,Nepal,"Police in Nepal open fire on anti - government protesters , killing 17","Police in Nepal open fire on anti - government protesters , killing 17",readingchronicle.co.uk,existing_raw_gdelt,"Nepal (censorship OR VPN OR ""platform ban"" OR ""registration rules"")",excluded,published_at_or_seen_at_is_at_or_after_2025-09-08T00:00:00
external_excluded_7c5793189a625564,GDELT,gdelt_doc,argentinastar.com,news_index,http://www.argentinastar.com/news/278555794/kathmandu-shuts-access-to-unregistered-social-media-platforms,2025-09-08 14:00:00,English,Nepal,Kathmandu shuts access to unregistered social media platforms,Kathmandu shuts access to unregistered social media platforms,argentinastar.com,existing_raw_gdelt,"Nepal (censorship OR VPN OR ""platform ban"" OR ""registration rules"")",excluded,published_at_or_seen_at_is_at_or_after_2025-09-08T00:00:00
external_excluded_636b9dd9285b8a29,GDELT,gdelt_doc,goskagit.com,news_index,https://www.goskagit.com/news/world/nepal-police-shoot-and-kill-at-least-17-people-protesting-a-social-media-ban/article_cb8d5bba-cc52-5bb8-8c3a-55ccf430b549.html,2025-09-08 14:00:00,English,Nepal,Nepal police shoot and kill at least 17 people protesting a social media ban,Nepal police shoot and kill at least 17 people protesting a social media ban,goskagit.com,existing_raw_gdelt,"Nepal (censorship OR VPN OR ""platform ban"" OR ""registration rules"")",excluded,published_at_or_seen_at_is_at_or_after_2025-09-08T00:00:00
external_excluded_a7e2307e8df886f8,GDELT,gdelt_doc,burytimes.co.uk,news_index,https://www.burytimes.co.uk/news/national/25448697.police-nepal-open-fire-anti-government-protesters-killing-17/,2025-09-08 14:00:00,English,Nepal,"Police in Nepal open fire on anti - government protesters , killing 17","Police in Nepal open fire on anti - government protesters , killing 17",burytimes.co.uk,existing_raw_gdelt,"Nepal (censorship OR VPN OR ""platform ban"" OR ""registration rules"")",excluded,published_at_or_seen_at_is_at_or_after_2025-09-08T00:00:00
external_excluded_fc224be53a2a9f44,GDELT,gdelt_doc,bridportnews.co.uk,news_index,https://www.bridportnews.co.uk/news/national/25448697.police-nepal-open-fire-anti-government-protesters-killing-17/,2025-09-08 14:00:00,English,Nepal,"Police in Nepal open fire on anti - government protesters , killing 17","Police in Nepal open fire on anti - government protesters , killing 17",bridportnews.co.uk,existing_raw_gdelt,"Nepal (censorship OR VPN OR ""platform ban"" OR ""registration rules"")",excluded,published_at_or_seen_at_is_at_or_after_2025-09-08T00:00:00
external_excluded_ba1ba7be71a54422,GDELT,gdelt_doc,kagstv.com,news_index,https://www.kagstv.com/article/news/nation-world/police-in-nepal-kill-10-protesters/507-b1d37c44-748e-4d24-8c08-7406c073d13a,2025-09-08 14:00:00,English,Nepal,"Police in Kathmandu open fire on social media ban protesters , killing 10","Police in Kathmandu open fire on social media ban protesters , killing 10",kagstv.com,existing_raw_gdelt,"Nepal (censorship OR VPN OR ""platform ban"" OR ""registration rules"")",excluded,published_at_or_seen_at_is_at_or_after_2025-09-08T00:00:00
external_excluded_81f9a56fe6963b7b,GDELT,gdelt_doc,thv11.com,news_index,https://www.thv11.com/article/news/nation-world/police-in-nepal-kill-10-protesters/507-b1d37c44-748e-4d24-8c08-7406c073d13a,2025-09-08 14:00:00,English,Nepal,"Police in Kathmandu open fire on social media ban protesters , killing 10","Police in Kathmandu open fire on social media ban protesters , killing 10",thv11.com,existing_raw_gdelt,"Nepal (censorship OR VPN OR ""platform ban"" OR ""registration rules"")",excluded,published_at_or_seen_at_is_at_or_after_2025-09-08T00:00:00
external_excluded_368deddd4815199b,GDELT,gdelt_doc,eveshamjournal.co.uk,news_index,https://www.eveshamjournal.co.uk/news/national/25448697.police-nepal-open-fire-anti-government-protesters-killing-17/,2025-09-08 14:00:00,English,Nepal,"Police in Nepal open fire on anti - government protesters , killing 17","Police in Nepal open fire on anti - government protesters , killing 17",eveshamjournal.co.uk,existing_raw_gdelt,"Nepal (censorship OR VPN OR ""platform ban"" OR ""registration rules"")",excluded,published_at_or_seen_at_is_at_or_after_2025-09-08T00:00:00
external_excluded_7981ecb868169e06,GDELT,gdelt_doc,pakistantelegraph.com,news_index,http://www.pakistantelegraph.com/news/278555794/kathmandu-shuts-access-to-unregistered-social-media-platforms,2025-09-08 14:00:00,English,Nepal,Kathmandu shuts access to unregistered social media platforms,Kathmandu shuts access to unregistered social media platforms,pakistantelegraph.com,existing_raw_gdelt,"Nepal (censorship OR VPN OR ""platform ban"" OR ""registration rules"")",excluded,published_at_or_seen_at_is_at_or_after_2025-09-08T00:00:00
external_excluded_4f8c65064e9b9a06,GDELT,gdelt_doc,tivysideadvertiser.co.uk,news_index,https://www.tivysideadvertiser.co.uk/news/national/25448697.police-nepal-open-fire-anti-government-protesters-killing-17/,2025-09-08 14:00:00,English,Nepal,"Police in Nepal open fire on anti - government protesters , killing 17","Police in Nepal open fire on anti - government protesters , killing 17",tivysideadvertiser.co.uk,existing_raw_gdelt,"Nepal (censorship OR VPN OR ""platform ban"" OR ""registration rules"")",excluded,published_at_or_seen_at_is_at_or_after_2025-09-08T00:00:00
external_excluded_014dcfbd5cfb3e5a,GDELT,gdelt_doc,cbsnews.com,news_index,https://www.cbsnews.com/news/police-nepal-open-fire-protesters-outside-parliament-killing-least-14/,2025-09-08 13:45:00,English,Nepal,"Nepal police fire on people protesting against social media restrictions , reportedly killing at least 14","Nepal police fire on people protesting against social media restrictions , reportedly killing at least 14",cbsnews.com,existing_raw_gdelt,"Nepal (censorship OR VPN OR ""platform ban"" OR ""registration rules"")",excluded,published_at_or_seen_at_is_at_or_after_2025-09-08T00:00:00
external_excluded_6cf060336af1e26c,GDELT,gdelt_doc,12newsnow.com,news_index,https://www.12newsnow.com/article/news/nation-world/police-in-nepal-kill-10-protesters/507-b1d37c44-748e-4d24-8c08-7406c073d13a,2025-09-08 13:45:00,English,Nepal,"Police in Kathmandu open fire on social media ban protesters , killing 10","Police in Kathmandu open fire on social media ban protesters , killing 10",12newsnow.com,existing_raw_gdelt,"Nepal (censorship OR VPN OR ""platform ban"" OR ""registration rules"")",excluded,published_at_or_seen_at_is_at_or_after_2025-09-08T00:00:00
external_excluded_e599e9c79d7f8a6a,GDELT,gdelt_doc,nobat.com,news_index,https://www.nobat.com/news3467-nd-a0b1a0a4323133343036.html,2025-09-08 13:45:00,Gujarati,Nepal,નેપાળમાં સોશિયલ મીડિયા બંધ કરાતા મોટી સંખ્યામાં યુવાનો સંસદમાં ઘૂસી ગયા,નેપાળમાં સોશિયલ મીડિયા બંધ કરાતા મોટી સંખ્યામાં યુવાનો સંસદમાં ઘૂસી ગયા,nobat.com,existing_raw_gdelt,"Nepal (censorship OR VPN OR ""platform ban"" OR ""registration rules"")",excluded,published_at_or_seen_at_is_at_or_after_2025-09-08T00:00:00
external_excluded_ae5f7f2cefb1cb49,GDELT,gdelt_doc,indianexpress.com,news_index,https://indianexpress.com/article/world/nepal-gen-z-protest-what-triggered-the-deadly-protests-in-nepal-key-questions-answered-in-8-points-10237715/,2025-09-08 13:30:00,English,Nepal,What triggered the deadly protests in Nepal ? Key questions answered in 10 points,What triggered the deadly protests in Nepal ? Key questions answered in 10 points,indianexpress.com,existing_raw_gdelt,"Nepal (censorship OR VPN OR ""platform ban"" OR ""registration rules"")",excluded,published_at_or_seen_at_is_at_or_after_2025-09-08T00:00:00
external_excluded_c674f6d0e14efb6c,GDELT,gdelt_doc,yahoo.com,news_index,https://www.yahoo.com/news/articles/least-14-reportedly-killed-amid-121127556.html,2025-09-08 13:15:00,English,Nepal,At least 14 reportedly killed amid protest over Nepal social media ban,At least 14 reportedly killed amid protest over Nepal social media ban,yahoo.com,existing_raw_gdelt,"Nepal (censorship OR VPN OR ""platform ban"" OR ""registration rules"")",excluded,published_at_or_seen_at_is_at_or_after_2025-09-08T00:00:00
external_excluded_9cad1466f4404ead,GDELT,gdelt_doc,bignewsnetwork.com,news_index,http://www.bignewsnetwork.com/news/278555794/nepal-blocks-facebook-x-youtube-over-registration-rules,2025-09-08 13:15:00,English,Nepal,"Nepal blocks Facebook , X , YouTube over registration rules","Nepal blocks Facebook , X , YouTube over registration rules",bignewsnetwork.com,existing_raw_gdelt,"Nepal (censorship OR VPN OR ""platform ban"" OR ""registration rules"")",excluded,published_at_or_seen_at_is_at_or_after_2025-09-08T00:00:00
external_excluded_51726538471694d6,GDELT,gdelt_doc,12news.com,news_index,https://www.12news.com/article/news/nation-world/police-in-nepal-kill-10-protesters/507-b1d37c44-748e-4d24-8c08-7406c073d13a,2025-09-08 13:15:00,English,Nepal,"Police in Kathmandu open fire on social media ban protesters , killing 10","Police in Kathmandu open fire on social media ban protesters , killing 10",12news.com,existing_raw_gdelt,"Nepal (censorship OR VPN OR ""platform ban"" OR ""registration rules"")",excluded,published_at_or_seen_at_is_at_or_after_2025-09-08T00:00:00
external_excluded_e058cc520ba926ff,GDELT,gdelt_doc,prabhasakshi.com,news_index,https://www.prabhasakshi.com/international/security-around-the-residences-of-pm-oli-and-president,2025-09-08 13:15:00,Hindi,Nepal,security around the residences of pm oli and president - Prabhasakshi latest news in hindi,security around the residences of pm oli and president - Prabhasakshi latest news in hindi,prabhasakshi.com,existing_raw_gdelt,"Nepal (censorship OR VPN OR ""platform ban"" OR ""registration rules"")",excluded,published_at_or_seen_at_is_at_or_after_2025-09-08T00:00:00
external_excluded_b1e8411be1900bda,GDELT,gdelt_doc,sidneydailynews.com,news_index,https://www.sidneydailynews.com/2025/09/08/roundup-palestinian-gunmen-kill-6-jury-selection-in-trump-plot-frances-upheaval/,2025-09-08 13:00:00,English,Nepal,Roundup : Palestinian gunmen kill 6 ; jury selection in Trump plot ; France upheaval,Roundup : Palestinian gunmen kill 6 ; jury selection in Trump plot ; France upheaval,sidneydailynews.com,existing_raw_gdelt,"Nepal (censorship OR VPN OR ""platform ban"" OR ""registration rules"")",excluded,published_at_or_seen_at_is_at_or_after_2025-09-08T00:00:00
external_excluded_2a8f373abfdf423f,GDELT,gdelt_doc,kvue.com,news_index,https://www.kvue.com/article/news/nation-world/police-in-nepal-kill-10-protesters/507-b1d37c44-748e-4d24-8c08-7406c073d13a,2025-09-08 13:00:00,English,Nepal,"Police in Kathmandu open fire on social media ban protesters , killing 10","Police in Kathmandu open fire on social media ban protesters , killing 10",kvue.com,existing_raw_gdelt,"Nepal (censorship OR VPN OR ""platform ban"" OR ""registration rules"")",excluded,published_at_or_seen_at_is_at_or_after_2025-09-08T00:00:00
external_excluded_eb0fbd576ca6b49f,GDELT,gdelt_doc,13newsnow.com,news_index,https://www.13newsnow.com/article/news/nation-world/police-in-nepal-kill-10-protesters/507-b1d37c44-748e-4d24-8c08-7406c073d13a,2025-09-08 12:45:00,English,Nepal,"Police in Kathmandu open fire on social media ban protesters , killing 10","Police in Kathmandu open fire on social media ban protesters , killing 10",13newsnow.com,existing_raw_gdelt,"Nepal (censorship OR VPN OR ""platform ban"" OR ""registration rules"")",excluded,published_at_or_seen_at_is_at_or_after_2025-09-08T00:00:00
external_excluded_b6d088ee048e0155,GDELT,gdelt_doc,cp24.com,news_index,https://www.cp24.com/news/world/2025/09/08/police-in-nepal-open-fire-on-protesters-outside-parliament-killing-11/,2025-09-08 12:45:00,English,Nepal,Nepal police kill 11 people protesting social media ban,Nepal police kill 11 people protesting social media ban,cp24.com,existing_raw_gdelt,"Nepal (censorship OR VPN OR ""platform ban"" OR ""registration rules"")",excluded,published_at_or_seen_at_is_at_or_after_2025-09-08T00:00:00
external_excluded_7096335915f8b240,GDELT,gdelt_doc,goulburnpost.com.au,news_index,https://www.goulburnpost.com.au/story/9061153/police-in-nepal-open-fire-on-protesters-killing-eight/,2025-09-08 12:00:00,English,Nepal,"Police in Nepal open fire on protesters , killing eight","Police in Nepal open fire on protesters , killing eight",goulburnpost.com.au,existing_raw_gdelt,"Nepal (censorship OR VPN OR ""platform ban"" OR ""registration rules"")",excluded,published_at_or_seen_at_is_at_or_after_2025-09-08T00:00:00
external_excluded_b63e715002606fd1,GDELT,gdelt_doc,smdailyjournal.com,news_index,https://www.smdailyjournal.com/business/police-in-nepal-open-fire-on-protesters-outside-parliament-killing-10/article_0c3c0f8c-23bf-5ef2-b4ff-54f375125e8c.html,2025-09-08 12:00:00,English,Nepal,"Police in Nepal open fire on protesters outside parliament , killing 10","Police in Nepal open fire on protesters outside parliament , killing 10",smdailyjournal.com,existing_raw_gdelt,"Nepal (censorship OR VPN OR ""platform ban"" OR ""registration rules"")",excluded,published_at_or_seen_at_is_at_or_after_2025-09-08T00:00:00
external_excluded_76beb427c48a3fc8,GDELT,gdelt_doc,11alive.com,news_index,https://www.11alive.com/article/news/nation-world/police-in-nepal-kill-10-protesters/507-b1d37c44-748e-4d24-8c08-7406c073d13a,2025-09-08 12:00:00,English,Nepal,"Police in Kathmandu open fire on social media ban protesters , killing 10","Police in Kathmandu open fire on social media ban protesters , killing 10",11alive.com,existing_raw_gdelt,"Nepal (censorship OR VPN OR ""platform ban"" OR ""registration rules"")",excluded,published_at_or_seen_at_is_at_or_after_2025-09-08T00:00:00
external_excluded_9fa18bf8be383732,GDELT,gdelt_doc,belfasttelegraph.co.uk,news_index,https://www.belfasttelegraph.co.uk/news/world-news/police-in-nepal-open-fire-on-anti-government-protesters-killing-eight/a1658582440.html,2025-09-08 11:45:00,English,Nepal,"Police in Nepal open fire on anti - government protesters , killing eight","Police in Nepal open fire on anti - government protesters , killing eight",belfasttelegraph.co.uk,existing_raw_gdelt,"Nepal (censorship OR VPN OR ""platform ban"" OR ""registration rules"")",excluded,published_at_or_seen_at_is_at_or_after_2025-09-08T00:00:00
external_excluded_48fd4018ecbef7f7,GDELT,gdelt_doc,krem.com,news_index,https://www.krem.com/article/news/nation-world/police-in-nepal-kill-10-protesters/507-b1d37c44-748e-4d24-8c08-7406c073d13a,2025-09-08 11:45:00,English,Nepal,"Police in Kathmandu open fire on social media ban protesters , killing 10","Police in Kathmandu open fire on social media ban protesters , killing 10",krem.com,existing_raw_gdelt,"Nepal (censorship OR VPN OR ""platform ban"" OR ""registration rules"")",excluded,published_at_or_seen_at_is_at_or_after_2025-09-08T00:00:00
external_excluded_5b61338d1284f200,GDELT,gdelt_doc,samaylive.com,news_index,http://www.samaylive.com/international-news-in-hindi/532661/massive-protest-by-gen-z-against-social-media-ban-in-nepal-five-dead.html,2025-09-08 11:45:00,Hindi,Nepal,"Nepal Protest Update : Nepal में सोशल मीडिया बैन के खिलाफ Gen - Z का जबरदस्त विरोध प्रदर्शन , 9 की मौत , 80 से अधिक घायल","Nepal Protest Update : Nepal में सोशल मीडिया बैन के खिलाफ Gen - Z का जबरदस्त विरोध प्रदर्शन , 9 की मौत , 80 से अधिक घायल",samaylive.com,existing_raw_gdelt,"Nepal (censorship OR VPN OR ""platform ban"" OR ""registration rules"")",excluded,published_at_or_seen_at_is_at_or_after_2025-09-08T00:00:00
external_excluded_096b6f18dea5a96e,GDELT,gdelt_doc,greenocktelegraph.co.uk,news_index,https://www.greenocktelegraph.co.uk/news/national/25448697.police-nepal-open-fire-anti-government-protesters-killing-eight/,2025-09-08 11:30:00,English,Nepal,"Police in Nepal open fire on anti - government protesters , killing eight","Police in Nepal open fire on anti - government protesters , killing eight",greenocktelegraph.co.uk,existing_raw_gdelt,"Nepal (censorship OR VPN OR ""platform ban"" OR ""registration rules"")",excluded,published_at_or_seen_at_is_at_or_after_2025-09-08T00:00:00
external_excluded_bc0a19c7ce6511d9,GDELT,gdelt_doc,oxfordmail.co.uk,news_index,https://www.oxfordmail.co.uk/news/national/25448697.police-nepal-open-fire-anti-government-protesters-killing-eight/,2025-09-08 11:30:00,English,Nepal,"Police in Nepal open fire on anti - government protesters , killing eight","Police in Nepal open fire on anti - government protesters , killing eight",oxfordmail.co.uk,existing_raw_gdelt,"Nepal (censorship OR VPN OR ""platform ban"" OR ""registration rules"")",excluded,published_at_or_seen_at_is_at_or_after_2025-09-08T00:00:00
external_excluded_a85a902dd18c10aa,GDELT,gdelt_doc,surreycomet.co.uk,news_index,https://www.surreycomet.co.uk/news/national/25448697.police-nepal-open-fire-anti-government-protesters-killing-eight/,2025-09-08 11:30:00,English,Nepal,"Police in Nepal open fire on anti - government protesters , killing eight","Police in Nepal open fire on anti - government protesters , killing eight",surreycomet.co.uk,existing_raw_gdelt,"Nepal (censorship OR VPN OR ""platform ban"" OR ""registration rules"")",excluded,published_at_or_seen_at_is_at_or_after_2025-09-08T00:00:00
external_excluded_1102d07d3c15b746,GDELT,gdelt_doc,udayavani.com,news_index,https://udayavani.com/world-news/youth-take-to-the-streets-against-nepal-governments-ban-on-social-media-20250908T092145860Z,2025-09-08 11:30:00,English,Nepal,"Social Media ಬ್ಯಾನ್‌ ಮಾಡಿದ ನೇಪಾಳ ಸರ್ಕಾರದ ವಿರುದ್ಧ ರಸ್ತೆಗಿಳಿದ ಯುವ ಜನತೆ | Udayavani - Latest Kannada News , Udayavani Newspaper","Social Media ಬ್ಯಾನ್‌ ಮಾಡಿದ ನೇಪಾಳ ಸರ್ಕಾರದ ವಿರುದ್ಧ ರಸ್ತೆಗಿಳಿದ ಯುವ ಜನತೆ | Udayavani - Latest Kannada News , Udayavani Newspaper",udayavani.com,existing_raw_gdelt,"Nepal (censorship OR VPN OR ""platform ban"" OR ""registration rules"")",excluded,published_at_or_seen_at_is_at_or_after_2025-09-08T00:00:00
external_excluded_5426fe711d9a7caa,GDELT,gdelt_doc,india.com,news_index,https://www.india.com/hindi-news/world-hindi/nepal-instagram-facebook-social-media-ban-genz-protest-curfew-imposed-in-kathmandu-after-protesters-enter-parliament-8061186/,2025-09-08 11:30:00,Hindi,Nepal,"नेपाल में फेसबुक - X - यूट्यूब बैन पर Gen - Z का फूटा गुस्सा , संसद में घुसे सैकड़ों प्रदर्शनकारी , पुलिस ने की हवाई फायरिंग","नेपाल में फेसबुक - X - यूट्यूब बैन पर Gen - Z का फूटा गुस्सा , संसद में घुसे सैकड़ों प्रदर्शनकारी , पुलिस ने की हवाई फायरिंग",india.com,existing_raw_gdelt,"Nepal (censorship OR VPN OR ""platform ban"" OR ""registration rules"")",excluded,published_at_or_seen_at_is_at_or_after_2025-09-08T00:00:00
external_excluded_b372900d946a1162,GDELT,gdelt_doc,canberratimes.com.au,news_index,https://www.canberratimes.com.au/story/9061153/police-in-nepal-open-fire-on-protesters-killing-eight/,2025-09-08 11:30:00,English,Nepal,"Police in Nepal open fire on protesters , killing eight","Police in Nepal open fire on protesters , killing eight",canberratimes.com.au,existing_raw_gdelt,"Nepal (censorship OR VPN OR ""platform ban"" OR ""registration rules"")",excluded,published_at_or_seen_at_is_at_or_after_2025-09-08T00:00:00
external_excluded_96a482de2a32f365,GDELT,gdelt_doc,easternriverinachronicle.com.au,news_index,https://www.easternriverinachronicle.com.au/story/9061153/clashes-as-protesters-in-nepal-surround-parliament/,2025-09-08 11:30:00,English,Nepal,"Police in Nepal open fire on protesters , killing eight","Police in Nepal open fire on protesters , killing eight",easternriverinachronicle.com.au,existing_raw_gdelt,"Nepal (censorship OR VPN OR ""platform ban"" OR ""registration rules"")",excluded,published_at_or_seen_at_is_at_or_after_2025-09-08T00:00:00
external_excluded_ae56bb743c4416d8,GDELT,gdelt_doc,cravenherald.co.uk,news_index,https://www.cravenherald.co.uk/news/national/25448697.police-nepal-open-fire-anti-government-protesters-killing-eight/,2025-09-08 11:30:00,English,Nepal,"Police in Nepal open fire on anti - government protesters , killing eight","Police in Nepal open fire on anti - government protesters , killing eight",cravenherald.co.uk,existing_raw_gdelt,"Nepal (censorship OR VPN OR ""platform ban"" OR ""registration rules"")",excluded,published_at_or_seen_at_is_at_or_after_2025-09-08T00:00:00
external_excluded_28e6bc65aa904ce4,GDELT,gdelt_doc,tivysideadvertiser.co.uk,news_index,https://www.tivysideadvertiser.co.uk/news/national/25448697.police-nepal-open-fire-anti-government-protesters-killing-eight/,2025-09-08 11:30:00,English,Nepal,"Police in Nepal open fire on anti - government protesters , killing eight","Police in Nepal open fire on anti - government protesters , killing eight",tivysideadvertiser.co.uk,existing_raw_gdelt,"Nepal (censorship OR VPN OR ""platform ban"" OR ""registration rules"")",excluded,published_at_or_seen_at_is_at_or_after_2025-09-08T00:00:00
external_excluded_0cf8909a8bc09e11,GDELT,gdelt_doc,hillingdontimes.co.uk,news_index,https://www.hillingdontimes.co.uk/news/national/25448697.police-nepal-open-fire-anti-government-protesters-killing-eight/,2025-09-08 11:30:00,English,Nepal,"Police in Nepal open fire on anti - government protesters , killing eight","Police in Nepal open fire on anti - government protesters , killing eight",hillingdontimes.co.uk,existing_raw_gdelt,"Nepal (censorship OR VPN OR ""platform ban"" OR ""registration rules"")",excluded,published_at_or_seen_at_is_at_or_after_2025-09-08T00:00:00
external_excluded_5528dbb6757e9941,GDELT,gdelt_doc,morningsun.net,news_index,"http://www.morningsun.net/stories/protesters-in-nepal-surround-parliament-and-clash-with-police-as-government-blocks-social-media,243648",2025-09-08 11:15:00,English,Nepal,Protesters in Nepal surround parliament and clash with police as government blocks social media,Protesters in Nepal surround parliament and clash with police as government blocks social media,morningsun.net,existing_raw_gdelt,"Nepal (censorship OR VPN OR ""platform ban"" OR ""registration rules"")",excluded,published_at_or_seen_at_is_at_or_after_2025-09-08T00:00:00
external_excluded_bb3de627b376a227,GDELT,gdelt_doc,stourbridgenews.co.uk,news_index,https://www.stourbridgenews.co.uk/news/national/25448697.police-nepal-open-fire-anti-government-protesters-killing-eight/,2025-09-08 11:15:00,English,Nepal,"Police in Nepal open fire on anti - government protesters , killing eight","Police in Nepal open fire on anti - government protesters , killing eight",stourbridgenews.co.uk,existing_raw_gdelt,"Nepal (censorship OR VPN OR ""platform ban"" OR ""registration rules"")",excluded,published_at_or_seen_at_is_at_or_after_2025-09-08T00:00:00
external_excluded_e366825e83fb09c5,GDELT,gdelt_doc,springfieldnewssun.com,news_index,https://www.springfieldnewssun.com/news/nation-world/protesters-in-nepal-surround-parliament-and-clash-with-police-as-government-blocks-social-media/ADXO6XW35FPJRK2A62NMSERSQY/,2025-09-08 11:00:00,English,Nepal,Protesters in Nepal surround parliament and clash with police as government blocks social media,Protesters in Nepal surround parliament and clash with police as government blocks social media,springfieldnewssun.com,existing_raw_gdelt,"Nepal (censorship OR VPN OR ""platform ban"" OR ""registration rules"")",excluded,published_at_or_seen_at_is_at_or_after_2025-09-08T00:00:00
external_excluded_07f1e55269a2dfa5,GDELT,gdelt_doc,edenmagnet.com.au,news_index,https://www.edenmagnet.com.au/story/9061153/clashes-as-protesters-in-nepal-surround-parliament/,2025-09-08 11:00:00,English,Nepal,Clashes as protesters in Nepal surround parliament,Clashes as protesters in Nepal surround parliament,edenmagnet.com.au,existing_raw_gdelt,"Nepal (censorship OR VPN OR ""platform ban"" OR ""registration rules"")",excluded,published_at_or_seen_at_is_at_or_after_2025-09-08T00:00:00
external_excluded_31d1bbc591f1f968,GDELT,gdelt_doc,springfieldnewssun.com,news_index,https://www.springfieldnewssun.com/news/nation-world/police-in-nepal-open-fire-on-protesters-outside-parliament-killing-8/567SS2YRIJJ65GDEQ2KPFWBEXQ/,2025-09-08 11:00:00,English,Nepal,"Police in Nepal open fire on protesters outside parliament , killing 8","Police in Nepal open fire on protesters outside parliament , killing 8",springfieldnewssun.com,existing_raw_gdelt,"Nepal (censorship OR VPN OR ""platform ban"" OR ""registration rules"")",excluded,published_at_or_seen_at_is_at_or_after_2025-09-08T00:00:00
external_excluded_18f60447619b1886,GDELT,gdelt_doc,rozanaspokesman.com,news_index,https://www.rozanaspokesman.com/news/world/080925/nepal-gen-z-protest-against-ban-on-social-media-platforms-in-nepal-lat.html,2025-09-08 10:30:00,English,Nepal,"Nepal - Gen Z Marches to Streets Against Ban on 26 Social Media Platforms Incl FB , Instagram , WhatsApp","Nepal - Gen Z Marches to Streets Against Ban on 26 Social Media Platforms Incl FB , Instagram , WhatsApp",rozanaspokesman.com,existing_raw_gdelt,"Nepal (censorship OR VPN OR ""platform ban"" OR ""registration rules"")",excluded,published_at_or_seen_at_is_at_or_after_2025-09-08T00:00:00
external_excluded_a65ab4c140c09f47,GDELT,gdelt_doc,seattletimes.com,news_index,https://www.seattletimes.com/business/protesters-in-nepal-surround-parliament-and-clash-with-police-as-government-blocks-social-media/,2025-09-08 10:30:00,English,Nepal,Protesters in Nepal surround parliament and clash with police as government blocks social media,Protesters in Nepal surround parliament and clash with police as government blocks social media,seattletimes.com,existing_raw_gdelt,"Nepal (censorship OR VPN OR ""platform ban"" OR ""registration rules"")",excluded,published_at_or_seen_at_is_at_or_after_2025-09-08T00:00:00
external_excluded_b1d7f8fb1b1635c6,GDELT,gdelt_doc,stiripesurse.ro,news_index,https://www.stiripesurse.ro/nepal-proteste-masive-au-loc-in-urma-interzicerii-mai-multor-retele-de-socializare_3809387,2025-09-08 10:30:00,Romanian,Nepal,Nepal : Proteste masive în urma interzicerii mai multor rețele de socializare,Nepal : Proteste masive în urma interzicerii mai multor rețele de socializare,stiripesurse.ro,existing_raw_gdelt,"Nepal (censorship OR VPN OR ""platform ban"" OR ""registration rules"")",excluded,published_at_or_seen_at_is_at_or_after_2025-09-08T00:00:00
external_excluded_092e31990010cee1,GDELT,gdelt_doc,wdio.com,news_index,https://www.wdio.com/ap-top-news/protesters-in-nepal-surround-parliament-and-clash-with-police-as-government-blocks-social-media/,2025-09-08 10:30:00,English,Nepal,Protesters in Nepal surround parliament and clash with police as government blocks social media,Protesters in Nepal surround parliament and clash with police as government blocks social media,wdio.com,existing_raw_gdelt,"Nepal (censorship OR VPN OR ""platform ban"" OR ""registration rules"")",excluded,published_at_or_seen_at_is_at_or_after_2025-09-08T00:00:00
external_excluded_4a23d8e881528dbe,GDELT,gdelt_doc,dailyinqilab.com,news_index,https://dailyinqilab.com/international/news/805395,2025-09-08 10:15:00,Bengali,Nepal,"নেপালে জেনারেশন জি - এর বিক্ষোভে নিহত ১ , আহত অসংখ্য","নেপালে জেনারেশন জি - এর বিক্ষোভে নিহত ১ , আহত অসংখ্য",dailyinqilab.com,existing_raw_gdelt,"Nepal (censorship OR VPN OR ""platform ban"" OR ""registration rules"")",excluded,published_at_or_seen_at_is_at_or_after_2025-09-08T00:00:00
external_excluded_aee3c11fe2fe7e00,GDELT,gdelt_doc,thehindu.com,news_index,https://www.thehindu.com/news/international/nepals-gen-z-hits-the-streets-to-protest-social-media-ban-corruption/article70025292.ece,2025-09-08 10:00:00,English,Nepal,Nepal Gen Z protest : Thousands hit the streets in Kathmandu over corruption and government social media ban,Nepal Gen Z protest : Thousands hit the streets in Kathmandu over corruption and government social media ban,thehindu.com,existing_raw_gdelt,"Nepal (censorship OR VPN OR ""platform ban"" OR ""registration rules"")",excluded,published_at_or_seen_at_is_at_or_after_2025-09-08T00:00:00
external_excluded_3b75ce4387c14ab3,GDELT,gdelt_doc,2news.com,news_index,https://www.2news.com/news/national/protesters-in-nepal-surround-parliament-and-clash-with-police-as-government-blocks-social-media/article_6e2e4e01-001e-50a3-8d7f-a0279046f3e5.html,2025-09-08 10:00:00,English,Nepal,Protesters in Nepal surround parliament and clash with police as government blocks social media,Protesters in Nepal surround parliament and clash with police as government blocks social media,2news.com,existing_raw_gdelt,"Nepal (censorship OR VPN OR ""platform ban"" OR ""registration rules"")",excluded,published_at_or_seen_at_is_at_or_after_2025-09-08T00:00:00
external_excluded_dc0e1096708ac5c7,GDELT,gdelt_doc,moneycontrol.com,news_index,https://www.moneycontrol.com/world/nepal-s-gen-z-revolution-how-a-social-media-shutdown-sparked-a-nationwide-youth-protest-explained-article-13529240.html,2025-09-08 10:00:00,English,Nepal,Nepal Gen Z revolution : How a social media shutdown sparked a nationwide youth protest,Nepal Gen Z revolution : How a social media shutdown sparked a nationwide youth protest,moneycontrol.com,existing_raw_gdelt,"Nepal (censorship OR VPN OR ""platform ban"" OR ""registration rules"")",excluded,published_at_or_seen_at_is_at_or_after_2025-09-08T00:00:00
external_excluded_a024ce154e7fc7a3,GDELT,gdelt_doc,economictimes.indiatimes.com,news_index,https://economictimes.indiatimes.com/news/new-updates/nepal-protests-what-triggered-the-massive-chaos-in-indias-neighbourhood/articleshow/123762234.cms,2025-09-08 10:00:00,English,Nepal,Nepal news : Nepal protests : What triggered the massive chaos in India neighbourhood ?,Nepal news : Nepal protests : What triggered the massive chaos in India neighbourhood ?,economictimes.indiatimes.com,existing_raw_gdelt,"Nepal (censorship OR VPN OR ""platform ban"" OR ""registration rules"")",excluded,published_at_or_seen_at_is_at_or_after_2025-09-08T00:00:00
external_excluded_5e0d266083f3f143,GDELT,gdelt_doc,winnipegfreepress.com,news_index,https://www.winnipegfreepress.com/arts-and-life/life/sci-tech/2025/09/08/protesters-in-nepal-surround-parliament-and-clash-with-police-as-government-blocks-social-media,2025-09-08 09:45:00,English,Nepal,Protesters in Nepal surround parliament and clash with police as government blocks social media – Winnipeg Free Press,Protesters in Nepal surround parliament and clash with police as government blocks social media – Winnipeg Free Press,winnipegfreepress.com,existing_raw_gdelt,"Nepal (censorship OR VPN OR ""platform ban"" OR ""registration rules"")",excluded,published_at_or_seen_at_is_at_or_after_2025-09-08T00:00:00
external_excluded_129506cd3eddeb37,GDELT,gdelt_doc,mediafax.ro,news_index,https://www.mediafax.ro/externe/proteste-violente-in-nepal-dupa-interzicerea-mai-multor-retele-de-socializare-23607228,2025-09-08 09:45:00,Romanian,Nepal,Proteste violente în Nepal după interzicerea mai multor rețele de socializare,Proteste violente în Nepal după interzicerea mai multor rețele de socializare,mediafax.ro,existing_raw_gdelt,"Nepal (censorship OR VPN OR ""platform ban"" OR ""registration rules"")",excluded,published_at_or_seen_at_is_at_or_after_2025-09-08T00:00:00
external_excluded_64ecf85600f8fd77,GDELT,gdelt_doc,news18.com,news_index,https://www.news18.com/world/caught-on-camera-genz-floods-kathmandu-streets-after-nepal-bans-fb-instagram-x-9557188.html,2025-09-08 09:45:00,English,Nepal,"Caught On Camera : GenZ Floods Kathmandu Streets After Nepal Bans FB , Instagram , X","Caught On Camera : GenZ Floods Kathmandu Streets After Nepal Bans FB , Instagram , X",news18.com,existing_raw_gdelt,"Nepal (censorship OR VPN OR ""platform ban"" OR ""registration rules"")",excluded,published_at_or_seen_at_is_at_or_after_2025-09-08T00:00:00
external_excluded_28f05a04b015ee8b,GDELT,gdelt_doc,ivpressonline.com,news_index,https://www.ivpressonline.com/business/protesters-in-nepal-surround-parliament-and-clash-with-police-as-government-blocks-social-media/article_6f818bef-0274-5046-890c-943f3f2c6ee9.html,2025-09-08 09:30:00,English,Nepal,Protesters in Nepal surround parliament and clash with police as government blocks social media,Protesters in Nepal surround parliament and clash with police as government blocks social media,ivpressonline.com,existing_raw_gdelt,"Nepal (censorship OR VPN OR ""platform ban"" OR ""registration rules"")",excluded,published_at_or_seen_at_is_at_or_after_2025-09-08T00:00:00
external_excluded_1a5129414f356b6f,GDELT,gdelt_doc,clickorlando.com,news_index,https://www.clickorlando.com/tech/2025/09/08/protesters-in-nepal-surround-parliament-and-clash-with-police-as-government-blocks-social-media/,2025-09-08 09:30:00,English,Nepal,Protesters in Nepal surround parliament and clash with police as government blocks social media,Protesters in Nepal surround parliament and clash with police as government blocks social media,clickorlando.com,existing_raw_gdelt,"Nepal (censorship OR VPN OR ""platform ban"" OR ""registration rules"")",excluded,published_at_or_seen_at_is_at_or_after_2025-09-08T00:00:00
external_excluded_f823f724f186caa1,GDELT,gdelt_doc,prabhasakshi.com,news_index,https://www.prabhasakshi.com/mri/government-vs-genz-in-front-of-nepal-parliament-why-youth-create-ruckus-over-facebook-x-youtube,2025-09-08 09:30:00,Hindi,Nepal,government vs genz in front of nepal parliament why youth create ruckus over facebook x youtube,government vs genz in front of nepal parliament why youth create ruckus over facebook x youtube,prabhasakshi.com,existing_raw_gdelt,"Nepal (censorship OR VPN OR ""platform ban"" OR ""registration rules"")",excluded,published_at_or_seen_at_is_at_or_after_2025-09-08T00:00:00
external_excluded_ef4156c0813437a2,GDELT,gdelt_doc,indiatoday.in,news_index,https://www.indiatoday.in/world/story/gen-z-protests-nepal-kp-sharma-oli-corruption-social-media-restrictions-2783683-2025-09-08,2025-09-08 08:45:00,English,Nepal,Gen Z protests in Nepal against KP Sharma Oli government corruption and social media restrictions,Gen Z protests in Nepal against KP Sharma Oli government corruption and social media restrictions,indiatoday.in,existing_raw_gdelt,"Nepal (censorship OR VPN OR ""platform ban"" OR ""registration rules"")",excluded,published_at_or_seen_at_is_at_or_after_2025-09-08T00:00:00
external_excluded_88f221ff536ee1bf,GDELT,gdelt_doc,gujaratsamachar.com,news_index,https://www.gujaratsamachar.com/news/national/nepal-gen-z-protest-curfew-imposed-kathmandu-protesters-enter-parliament,2025-09-08 08:45:00,Gujarati,Nepal,"BIG NEWS | નેપાળમાં સોશિયલ મીડિયા બંધ કરાતાં યુવાનો સંસદમાં ઘૂસ્યા , કાઠમંડુમાં કરફ્યુ","BIG NEWS | નેપાળમાં સોશિયલ મીડિયા બંધ કરાતાં યુવાનો સંસદમાં ઘૂસ્યા , કાઠમંડુમાં કરફ્યુ",gujaratsamachar.com,existing_raw_gdelt,"Nepal (censorship OR VPN OR ""platform ban"" OR ""registration rules"")",excluded,published_at_or_seen_at_is_at_or_after_2025-09-08T00:00:00
external_excluded_d0a381bbaa578c20,GDELT,gdelt_doc,forbes.com,news_index,https://www.forbes.com/sites/forbesasiateam/2025/09/07/forbes-asia-20th-anniversary-retrospective/,2025-09-08 02:45:00,English,Nepal,Forbes Asia 20th Anniversary Retrospective,Forbes Asia 20th Anniversary Retrospective,forbes.com,existing_raw_gdelt,"Nepal (censorship OR VPN OR ""platform ban"" OR ""registration rules"")",excluded,published_at_or_seen_at_is_at_or_after_2025-09-08T00:00:00
external_excluded_499db5c598177aa4,GDELT,gdelt_doc,thearabianpost.com,news_index,https://thearabianpost.com/nepal-cuts-access-to-26-social-media-services-amid-registration-dispute/,2025-09-06 16:00:00,English,Nepal,"News , Politics , Business , Tech and the Arts on Arabian Post","News , Politics , Business , Tech and the Arts on Arabian Post",thearabianpost.com,existing_raw_gdelt,"Nepal (censorship OR VPN OR ""platform ban"" OR ""registration rules"")",excluded,not_relevant_after_nepal_anchor_and_trigger_filter
external_excluded_14cda3885dbc9037,GDELT,gdelt_doc,internetua.com,news_index,http://internetua.com/nepal-blokuye-facebook-instagram-youtube-ta-x,2025-09-06 10:45:00,Ukrainian,Nepal,"Непал блокує Facebook , Instagram , YouTube та X","Непал блокує Facebook , Instagram , YouTube та X",internetua.com,existing_raw_gdelt,"Nepal (censorship OR VPN OR ""platform ban"" OR ""registration rules"")",excluded,not_relevant_after_nepal_anchor_and_trigger_filter
gdelt_72826a95b8fb6a87,GDELT,gdelt_doc,chiangraitimes.com,news_index,https://www.chiangraitimes.com/tech/nepal-ban-social-media/,2025-09-06 04:30:00,English,Nepal,"Nepal Bans 26 Social Media Platforms , Including X , Facebook And YouTube","Nepal Bans 26 Social Media Platforms , Including X , Facebook And YouTube",chiangraitimes.com,existing_raw_gdelt,"Nepal (censorship OR VPN OR ""platform ban"" OR ""registration rules"")",included,
external_excluded_df8d1cc9982cc9df,GDELT,gdelt_doc,asiabulletin.com,news_index,http://www.asiabulletin.com/news/278555848/south-asian-country-blocks-major-social-media-platforms,2025-09-06 00:15:00,English,Nepal,South Asian country blocks major social media platforms,South Asian country blocks major social media platforms,asiabulletin.com,existing_raw_gdelt,"Nepal (censorship OR VPN OR ""platform ban"" OR ""registration rules"")",excluded,not_relevant_after_nepal_anchor_and_trigger_filter
external_excluded_deb85c6cfe3479e7,GDELT,gdelt_doc,today.az,news_index,http://today.az/news/regions/261759.html,2025-09-05 22:30:00,English,Nepal,"Today . Az - This country bans YouTube , X , and Facebook access","Today . Az - This country bans YouTube , X , and Facebook access",today.az,existing_raw_gdelt,"Nepal (censorship OR VPN OR ""platform ban"" OR ""registration rules"")",excluded,not_relevant_after_nepal_anchor_and_trigger_filter
external_excluded_4ba80462310a22cc,GDELT,gdelt_doc,argentinastar.com,news_index,http://www.argentinastar.com/news/278555848/south-asian-country-blocks-major-social-media-platforms,2025-09-05 22:15:00,English,Nepal,South Asian country blocks major social media platforms,South Asian country blocks major social media platforms,argentinastar.com,existing_raw_gdelt,"Nepal (censorship OR VPN OR ""platform ban"" OR ""registration rules"")",excluded,not_relevant_after_nepal_anchor_and_trigger_filter
external_excluded_921f6f7e44330f44,GDELT,gdelt_doc,haitisun.com,news_index,http://www.haitisun.com/news/278555848/south-asian-country-blocks-major-social-media-platforms,2025-09-05 22:00:00,English,Nepal,South Asian country blocks major social media platforms,South Asian country blocks major social media platforms,haitisun.com,existing_raw_gdelt,"Nepal (censorship OR VPN OR ""platform ban"" OR ""registration rules"")",excluded,not_relevant_after_nepal_anchor_and_trigger_filter
external_excluded_b8477ec6a4565580,GDELT,gdelt_doc,russiaherald.com,news_index,http://www.russiaherald.com/news/278555848/south-asian-country-blocks-major-social-media-platforms,2025-09-05 21:00:00,English,Nepal,South Asian country blocks major social media platforms,South Asian country blocks major social media platforms,russiaherald.com,existing_raw_gdelt,"Nepal (censorship OR VPN OR ""platform ban"" OR ""registration rules"")",excluded,not_relevant_after_nepal_anchor_and_trigger_filter
external_excluded_36e02d56f5f3aede,GDELT,gdelt_doc,sydneysun.com,news_index,http://www.sydneysun.com/news/278555848/south-asian-country-blocks-major-social-media-platforms,2025-09-05 21:00:00,English,Nepal,South Asian country blocks major social media platforms,South Asian country blocks major social media platforms,sydneysun.com,existing_raw_gdelt,"Nepal (censorship OR VPN OR ""platform ban"" OR ""registration rules"")",excluded,not_relevant_after_nepal_anchor_and_trigger_filter
external_excluded_f72054b1253b0054,GDELT,gdelt_doc,brazilsun.com,news_index,http://www.brazilsun.com/news/278555848/south-asian-country-blocks-major-social-media-platforms,2025-09-05 20:30:00,English,Nepal,South Asian country blocks major social media platforms,South Asian country blocks major social media platforms,brazilsun.com,existing_raw_gdelt,"Nepal (censorship OR VPN OR ""platform ban"" OR ""registration rules"")",excluded,not_relevant_after_nepal_anchor_and_trigger_filter
external_excluded_863625431b82f6d0,GDELT,gdelt_doc,bignewsnetwork.com,news_index,http://www.bignewsnetwork.com/news/278555848/south-asian-country-blocks-major-social-media-platforms,2025-09-05 20:30:00,English,Nepal,South Asian country blocks major social media platforms,South Asian country blocks major social media platforms,bignewsnetwork.com,existing_raw_gdelt,"Nepal (censorship OR VPN OR ""platform ban"" OR ""registration rules"")",excluded,not_relevant_after_nepal_anchor_and_trigger_filter
external_excluded_e4e47cf6f9b5ca6e,GDELT,gdelt_doc,australiannews.net,news_index,http://www.australiannews.net/news/278555848/south-asian-country-blocks-major-social-media-platforms,2025-09-05 20:30:00,English,Nepal,South Asian country blocks major social media platforms,South Asian country blocks major social media platforms,australiannews.net,existing_raw_gdelt,"Nepal (censorship OR VPN OR ""platform ban"" OR ""registration rules"")",excluded,not_relevant_after_nepal_anchor_and_trigger_filter
external_excluded_c5d8599d3ccbdd43,GDELT,gdelt_doc,azernews.az,news_index,https://www.azernews.az/region/247042.html,2025-09-05 20:00:00,English,Nepal,"This country bans YouTube , X , and Facebook access","This country bans YouTube , X , and Facebook access",azernews.az,existing_raw_gdelt,"Nepal (censorship OR VPN OR ""platform ban"" OR ""registration rules"")",excluded,not_relevant_after_nepal_anchor_and_trigger_filter
external_excluded_bcef813b86dbd875,GDELT,gdelt_doc,mignews.com,news_index,http://mignews.com/news/politic/nepal-obyavil-o-blokirovke-facebook-i-drugih-socsetej-za-otkaz-ot-registracii.html,2025-09-05 19:00:00,Russian,Nepal,Непал объявил о блокировке Facebook и других соцсетей за отказ от регистрации | MigNews - Новости Израиля и Мира на русском языке,Непал объявил о блокировке Facebook и других соцсетей за отказ от регистрации | MigNews - Новости Израиля и Мира на русском языке,mignews.com,existing_raw_gdelt,"Nepal (censorship OR VPN OR ""platform ban"" OR ""registration rules"")",excluded,not_relevant_after_nepal_anchor_and_trigger_filter
external_excluded_5e4a8291f0fc8912,GDELT,gdelt_doc,indexoncensorship.org,news_index,https://www.indexoncensorship.org/2025/09/week-free-expression-united-kingdom-nepal-canada-georgia/,2025-09-05 18:30:00,English,Nepal,The week in free expression : 29 August – 5 September 2025,The week in free expression : 29 August – 5 September 2025,indexoncensorship.org,existing_raw_gdelt,"Nepal (censorship OR VPN OR ""platform ban"" OR ""registration rules"")",excluded,not_relevant_after_nepal_anchor_and_trigger_filter
external_excluded_11656a017d6d6756,GDELT,gdelt_doc,dw.com,news_index,https://www.dw.com/hi/nepal-blocks-facebook-x-youtube-and-others-for-failing-to-register-with-the-government/a-73895185,2025-09-05 17:00:00,Hindi,Nepal,"फेसबुक और यूट्यूब पर बैन लगा रहा नेपाल , टिकटॉक कैसे बचा – DW – 05 . 09 . 2025","फेसबुक और यूट्यूब पर बैन लगा रहा नेपाल , टिकटॉक कैसे बचा – DW – 05 . 09 . 2025",dw.com,existing_raw_gdelt,"Nepal (censorship OR VPN OR ""platform ban"" OR ""registration rules"")",excluded,not_relevant_after_nepal_anchor_and_trigger_filter
external_excluded_90d6974b04bfad31,GDELT,gdelt_doc,prahaar.in,news_index,https://prahaar.in/2025/09/05/nepal-bans-26-social-media-platforms-including-facebook-and-youtube/,2025-09-05 16:45:00,Marathi,Nepal,नेपाळमध्ये फेसबुक आणि यूट्यूबसह २६ सोशल मीडिया प्लॅटफॉर्मवर बंदी,नेपाळमध्ये फेसबुक आणि यूट्यूबसह २६ सोशल मीडिया प्लॅटफॉर्मवर बंदी,prahaar.in,existing_raw_gdelt,"Nepal (censorship OR VPN OR ""platform ban"" OR ""registration rules"")",excluded,not_relevant_after_nepal_anchor_and_trigger_filter
external_excluded_c4b1a6c1b8ef72c4,GDELT,gdelt_doc,jagonews24.com,news_index,https://www.jagonews24.com/international/news/1049618,2025-09-05 15:45:00,Bengali,Nepal,নেপালে বন্ধ হচ্ছে ফেসবুক - হোয়াটসঅ্যাপসহ ২০টিরও বেশি সামাজিকমাধ্যম,নেপালে বন্ধ হচ্ছে ফেসবুক - হোয়াটসঅ্যাপসহ ২০টিরও বেশি সামাজিকমাধ্যম,jagonews24.com,existing_raw_gdelt,"Nepal (censorship OR VPN OR ""platform ban"" OR ""registration rules"")",excluded,not_relevant_after_nepal_anchor_and_trigger_filter
gdelt_db16f73989390b53,GDELT,gdelt_doc,engadget.com,news_index,https://www.engadget.com/social-media/nepal-blocks-most-social-media-sites-for-failing-to-register-with-the-government-131512017.html,2025-09-05 14:00:00,English,Nepal,Nepal blocks most social media sites for failing to register with the government,Nepal blocks most social media sites for failing to register with the government,engadget.com,existing_raw_gdelt,"Nepal (censorship OR VPN OR ""platform ban"" OR ""registration rules"")",included,
gdelt_61cb3bbd8174f43e,GDELT,gdelt_doc,socialsamosa.com,news_index,https://www.socialsamosa.com/news-2/nepal-ban-social-media-platforms-10006640,2025-09-05 14:00:00,English,Nepal,"Nepal bans Instagram , Facebook , X and 23 other social media platforms","Nepal bans Instagram , Facebook , X and 23 other social media platforms",socialsamosa.com,existing_raw_gdelt,"Nepal (censorship OR VPN OR ""platform ban"" OR ""registration rules"")",included,
external_excluded_33660b08b3ea9cf6,GDELT,gdelt_doc,tbsnews.net,news_index,https://www.tbsnews.net/world/nepal-blocks-facebook-x-youtube-over-failure-register-govt-1229496,2025-09-05 14:00:00,English,Nepal,"Nepal blocks Facebook , X , YouTube Over failure to register with govt","Nepal blocks Facebook , X , YouTube Over failure to register with govt",tbsnews.net,existing_raw_gdelt,"Nepal (censorship OR VPN OR ""platform ban"" OR ""registration rules"")",excluded,not_relevant_after_nepal_anchor_and_trigger_filter
gdelt_db40804495802abc,GDELT,gdelt_doc,agenzianova.com,news_index,https://www.agenzianova.com/news/mancata-registrazione-nel-paese-il-nepal-blocca-facebook-x-e-youtube/,2025-09-05 10:30:00,Italian,Nepal,"Mancata registrazione nel Paese : il Nepal blocca Facebook , X e YouTube","Mancata registrazione nel Paese : il Nepal blocca Facebook , X e YouTube",agenzianova.com,existing_raw_gdelt,"Nepal (censorship OR VPN OR ""platform ban"" OR ""registration rules"")",included,
external_excluded_c034b23c8a4522d7,GDELT,gdelt_doc,24tv.ua,news_index,https://24tv.ua/tech/ru/blokirovka-socsetej-nepale-pochemu-facebook-youtube-zakryli-dostup_n2908197,2025-09-05 09:15:00,Russian,Nepal,Блокировка соцсетей в Непале почему Facebook и YouTube закрыли доступ,Блокировка соцсетей в Непале почему Facebook и YouTube закрыли доступ,24tv.ua,existing_raw_gdelt,"Nepal (censorship OR VPN OR ""platform ban"" OR ""registration rules"")",excluded,not_relevant_after_nepal_anchor_and_trigger_filter
external_excluded_36296cb19fde5fe3,GDELT,gdelt_doc,24tv.ua,news_index,https://24tv.ua/tech/blokuvannya-sotsmerezh-nepali-chomu-facebook-youtube-zakrili_n2908178,2025-09-05 09:15:00,Ukrainian,Nepal,Блокування соцмереж у Непалі чому Facebook і YouTube закрили доступ - 24 Канал,Блокування соцмереж у Непалі чому Facebook і YouTube закрили доступ - 24 Канал,24tv.ua,existing_raw_gdelt,"Nepal (censorship OR VPN OR ""platform ban"" OR ""registration rules"")",excluded,not_relevant_after_nepal_anchor_and_trigger_filter
external_excluded_d5334aac0f5f7e2d,GDELT,gdelt_doc,newsday.com,news_index,https://www.newsday.com/news/nation/nepal-ban-social-media-platform-r89594,2025-09-05 07:45:00,English,Nepal,"Nepal blocks Facebook , X , YouTube and others for failing to register with the government","Nepal blocks Facebook , X , YouTube and others for failing to register with the government",newsday.com,existing_raw_gdelt,"Nepal (censorship OR VPN OR ""platform ban"" OR ""registration rules"")",excluded,not_relevant_after_nepal_anchor_and_trigger_filter
external_excluded_2b6599600704e1ee,GDELT,gdelt_doc,moneycontrol.com,news_index,https://www.moneycontrol.com/technology/nepal-orders-shutdown-of-facebook-instagram-youtube-and-x-here-s-why-article-13523788.html,2025-09-05 07:15:00,English,Nepal,"Nepal orders shutdown of Facebook , Instagram , YouTube and X , here why","Nepal orders shutdown of Facebook , Instagram , YouTube and X , here why",moneycontrol.com,existing_raw_gdelt,"Nepal (censorship OR VPN OR ""platform ban"" OR ""registration rules"")",excluded,not_relevant_after_nepal_anchor_and_trigger_filter
external_excluded_e3d694005b97b6aa,GDELT,gdelt_doc,epochtimes.com.ua,news_index,https://www.epochtimes.com.ua/novyny-svitu/nepal-zablokuye-deyaki-socialni-merezhi-zokrema-facebook-172093,2025-09-05 07:15:00,Ukrainian,Nepal,"Непал заблокує деякі соціальні мережі , зокрема Facebook","Непал заблокує деякі соціальні мережі , зокрема Facebook",epochtimes.com.ua,existing_raw_gdelt,"Nepal (censorship OR VPN OR ""platform ban"" OR ""registration rules"")",excluded,not_relevant_after_nepal_anchor_and_trigger_filter
gdelt_2884e1fd52b40778,GDELT,gdelt_doc,nepalitimes.com,news_index,https://nepalitimes.com/news/protest-grows-against-nepal-s-social-media-ban,2025-09-05 07:00:00,English,Nepal,Protest grows against Nepal social media ban,Protest grows against Nepal social media ban,nepalitimes.com,existing_raw_gdelt,"Nepal (censorship OR VPN OR ""platform ban"" OR ""registration rules"")",included,
gdelt_09495e8eb4b51264,GDELT,gdelt_doc,ekantipur.com,news_index,https://ekantipur.com/news/2025/09/05/what-did-the-international-media-write-after-the-decision-to-ban-social-media-in-nepal-21-26.html,2025-09-05 07:00:00,Nepali,Nepal,नेपालमा सामाजिक सञ्जाल प्रतिबन्धको निर्णयपछि अन्तर्राष्ट्रिय मिडियाले के लेखे ?,नेपालमा सामाजिक सञ्जाल प्रतिबन्धको निर्णयपछि अन्तर्राष्ट्रिय मिडियाले के लेखे ?,ekantipur.com,existing_raw_gdelt,"Nepal (censorship OR VPN OR ""platform ban"" OR ""registration rules"")",included,
external_excluded_ad12ad7ee4a6efc5,GDELT,gdelt_doc,english.kyodonews.net,news_index,https://english.kyodonews.net:443/articles/-/60454,2025-09-05 06:15:00,English,Nepal,"Nepal blocks Facebook , X , YouTube and others for failing to register with the government","Nepal blocks Facebook , X , YouTube and others for failing to register with the government",english.kyodonews.net,existing_raw_gdelt,"Nepal (censorship OR VPN OR ""platform ban"" OR ""registration rules"")",excluded,not_relevant_after_nepal_anchor_and_trigger_filter
gdelt_76ded6eda1ad17e3,GDELT,gdelt_doc,newsbytesapp.com,news_index,https://www.newsbytesapp.com/news/science/nepal-blocks-facebook-instagram-youtube-x-over-registration-rules/story,2025-09-05 05:30:00,English,Nepal,"Why Nepal just blocked Facebook , Instagram , YouTube , other social platforms","Why Nepal just blocked Facebook , Instagram , YouTube , other social platforms",newsbytesapp.com,existing_raw_gdelt,"Nepal (censorship OR VPN OR ""platform ban"" OR ""registration rules"")",included,
gdelt_9a4b5197a9623a14,GDELT,gdelt_doc,bestmediainfo.com,news_index,https://bestmediainfo.com/mediainfo/mediainfo-digital/nepal-bans-fb-whatsapp-instagram-youtube-22-other-platforms-tiktok-remains-accessible-9985986,2025-09-05 04:30:00,English,Nepal,"Nepal bans FB , WhatsApp , Instagram , YouTube , 22 other platforms ; TikTok remains accessible","Nepal bans FB , WhatsApp , Instagram , YouTube , 22 other platforms ; TikTok remains accessible",bestmediainfo.com,existing_raw_gdelt,"Nepal (censorship OR VPN OR ""platform ban"" OR ""registration rules"")",included,
external_excluded_45767935f1cef71e,GDELT,gdelt_doc,mediafax.ro,news_index,https://www.mediafax.ro/externe/guvernul-nepalului-restrictioneaza-retelele-de-socializare-neinregistrate-oficial-in-tara-23605926,2025-09-05 04:30:00,Romanian,Nepal,Guvernul Nepalului restricționează rețelele de socializare neînregistrate oficial în țară,Guvernul Nepalului restricționează rețelele de socializare neînregistrate oficial în țară,mediafax.ro,existing_raw_gdelt,"Nepal (censorship OR VPN OR ""platform ban"" OR ""registration rules"")",excluded,not_relevant_after_nepal_anchor_and_trigger_filter
gdelt_72e2d0b2c757aa7f,GDELT,gdelt_doc,timesofindia.indiatimes.com,news_index,https://timesofindia.indiatimes.com/technology/tech-news/nepal-bans-facebook-twitter-whatsapp-and-23-other-social-media-platforms-heres-why/articleshow/123711022.cms,2025-09-05 04:30:00,English,Nepal,"Nepal bans Facebook , Twitter , WhatsApp and 23 other social media platforms , here why","Nepal bans Facebook , Twitter , WhatsApp and 23 other social media platforms , here why",timesofindia.indiatimes.com,existing_raw_gdelt,"Nepal (censorship OR VPN OR ""platform ban"" OR ""registration rules"")",included,
gdelt_a1b151de7df11b9f,GDELT,gdelt_doc,hindustantimes.com,news_index,https://www.hindustantimes.com/technology/why-is-nepal-angry-and-suddenly-banned-youtube-instagram-reddit-and-23-other-major-platforms-101757039673282.html,2025-09-05 03:30:00,English,Nepal,"Why is Nepal angry and suddenly banned YouTube , Instagram , Reddit and 23 other major platforms","Why is Nepal angry and suddenly banned YouTube , Instagram , Reddit and 23 other major platforms",hindustantimes.com,existing_raw_gdelt,"Nepal (censorship OR VPN OR ""platform ban"" OR ""registration rules"")",included,
gdelt_2c86b69cefcf0be7,GDELT,gdelt_doc,cryptopolitan.com,news_index,https://www.cryptopolitan.com/meta-gets-eviction-notice-from-nepal/,2025-09-04 23:00:00,English,Nepal,"Meta gets eviction notice from Nepal , TikTok spared from social media crackdown","Meta gets eviction notice from Nepal , TikTok spared from social media crackdown",cryptopolitan.com,existing_raw_gdelt,"Nepal (censorship OR VPN OR ""platform ban"" OR ""registration rules"")",included,
external_excluded_91104bf4fb6b85ea,GDELT,gdelt_doc,marica.bg,news_index,https://www.marica.bg/svqt/nepal-zabranqva-dostapa-do-youtube-i-h,2025-09-04 22:15:00,Bulgarian,Nepal,Непал забранява достъпа до YouTube и Х,Непал забранява достъпа до YouTube и Х,marica.bg,existing_raw_gdelt,"Nepal (censorship OR VPN OR ""platform ban"" OR ""registration rules"")",excluded,not_relevant_after_nepal_anchor_and_trigger_filter
gdelt_1b665a793f0be82b,GDELT,gdelt_doc,finance.yahoo.com,news_index,https://finance.yahoo.com/news/nepal-blocks-facebook-instagram-youtube-190654729.html,2025-09-04 21:00:00,English,Nepal,"Nepal blocks Facebook , Instagram , YouTube , X over rule breach , amid censorship concerns","Nepal blocks Facebook , Instagram , YouTube , X over rule breach , amid censorship concerns",finance.yahoo.com,existing_raw_gdelt,"Nepal (censorship OR VPN OR ""platform ban"" OR ""registration rules"")",included,
gdelt_bfbae2c85f534155,GDELT,gdelt_doc,techcrunch.com,news_index,https://techcrunch.com/2025/09/04/nepal-blocks-facebook-instagram-youtube-x-over-rule-breach-amid-censorship-concerns/,2025-09-04 20:00:00,English,Nepal,"Nepal blocks Facebook , Instagram , YouTube , X over rule breach , amid censorship concerns","Nepal blocks Facebook , Instagram , YouTube , X over rule breach , amid censorship concerns",techcrunch.com,existing_raw_gdelt,"Nepal (censorship OR VPN OR ""platform ban"" OR ""registration rules"")",included,
gdelt_7b8173cb64acea36,GDELT,gdelt_doc,indiatimes.com,news_index,https://www.indiatimes.com/trending/nepal-bans-facebook-instagram-youtube-and-x-citing-non-compliance-spares-tiktok-social-media-fumes-669046.html,2025-09-04 19:00:00,English,Nepal,"Nepal bans Facebook , Instagram , YouTube , and X , citing non - compliance , spares TikTok ; social media fumes","Nepal bans Facebook , Instagram , YouTube , and X , citing non - compliance , spares TikTok ; social media fumes",indiatimes.com,existing_raw_gdelt,"Nepal (censorship OR VPN OR ""platform ban"" OR ""registration rules"")",included,
external_excluded_1c94cb780ce8068b,GDELT,gdelt_doc,seattletimes.com,news_index,https://www.seattletimes.com/nation-world/nepal-blocks-facebook-x-youtube-and-others-for-failing-to-register-with-the-government/,2025-09-04 17:30:00,English,Nepal,"Nepal blocks Facebook , X , YouTube and others for failing to register with the government","Nepal blocks Facebook , X , YouTube and others for failing to register with the government",seattletimes.com,existing_raw_gdelt,"Nepal (censorship OR VPN OR ""platform ban"" OR ""registration rules"")",excluded,not_relevant_after_nepal_anchor_and_trigger_filter
external_excluded_363b50bd88affc4e,GDELT,gdelt_doc,grenadachronicle.com,news_index,https://grenadachronicle.com/nepal-moves-to-block-facebook-x-youtube-and-others/,2025-09-04 16:00:00,English,Nepal,"Nepal moves to block Facebook , X , YouTube and others - Grenada Chronicle – Daily Grenada & Caribbean News , Culture & Business","Nepal moves to block Facebook , X , YouTube and others - Grenada Chronicle – Daily Grenada & Caribbean News , Culture & Business",grenadachronicle.com,existing_raw_gdelt,"Nepal (censorship OR VPN OR ""platform ban"" OR ""registration rules"")",excluded,not_relevant_after_nepal_anchor_and_trigger_filter
gdelt_f1ecba2d62eaa57f,GDELT,gdelt_doc,thesun.my,news_index,https://thesun.my/world-news/nepal-to-block-some-social-media-including-facebook-HO14831341,2025-09-04 15:45:00,English,Nepal,Nepal to block some social media including Facebook,Nepal to block some social media including Facebook,thesun.my,existing_raw_gdelt,"Nepal (censorship OR VPN OR ""platform ban"" OR ""registration rules"")",included,
external_excluded_09e5cccc00ac4577,GDELT,gdelt_doc,vesti.bg,news_index,https://www.vesti.bg/sviat/nepal-blokira-fejsbuk-iutiub-i-x-6237673,2025-09-04 15:15:00,Bulgarian,Nepal,"Непал блокира Фейсбук , Ютюб и X","Непал блокира Фейсбук , Ютюб и X",vesti.bg,existing_raw_gdelt,"Nepal (censorship OR VPN OR ""platform ban"" OR ""registration rules"")",excluded,not_relevant_after_nepal_anchor_and_trigger_filter
gdelt_904639f736fb365b,GDELT,gdelt_doc,aol.com,news_index,https://www.aol.com/news/nepal-block-social-media-including-124621176.html,2025-09-04 15:00:00,English,Nepal,Nepal to block some social media including Facebook,Nepal to block some social media including Facebook,aol.com,existing_raw_gdelt,"Nepal (censorship OR VPN OR ""platform ban"" OR ""registration rules"")",included,
external_excluded_9287918e54854289,GDELT,gdelt_doc,livemint.com,news_index,https://www.livemint.com/technology/tech-news/nepal-blocks-facebook-x-and-youtube-for-not-registering-with-government-all-you-need-to-know-11756990792086.html,2025-09-04 14:30:00,English,Nepal,"Nepal blocks Facebook , X and YouTube for not registering with government : All you need to know","Nepal blocks Facebook , X and YouTube for not registering with government : All you need to know",livemint.com,existing_raw_gdelt,"Nepal (censorship OR VPN OR ""platform ban"" OR ""registration rules"")",excluded,not_relevant_after_nepal_anchor_and_trigger_filter
external_excluded_b9bd558de37f4df9,GDELT,gdelt_doc,news.bg,news_index,https://news.bg/int-politics/nepal-blokira-nyakoi-sotsialni-medii-vklyuchitelno-facebook.html,2025-09-04 14:00:00,Bulgarian,Nepal,"Непал блокира някои социални медии , включително Facebook","Непал блокира някои социални медии , включително Facebook",news.bg,existing_raw_gdelt,"Nepal (censorship OR VPN OR ""platform ban"" OR ""registration rules"")",excluded,not_relevant_after_nepal_anchor_and_trigger_filter
external_excluded_c341aafda4b49899,GDELT,gdelt_doc,livehindustan.com,news_index,https://www.livehindustan.com/gadgets/nepal-ban-facebook-youtube-x-and-23-others-social-media-plaform-check-reason-201756992262876.html,2025-09-04 14:00:00,Hindi,Nepal,"फेसबुक , यूट्यूब और एक्स नेपाल में बैन , TikTok को राहत , सरकार का आदेश","फेसबुक , यूट्यूब और एक्स नेपाल में बैन , TikTok को राहत , सरकार का आदेश",livehindustan.com,existing_raw_gdelt,"Nepal (censorship OR VPN OR ""platform ban"" OR ""registration rules"")",excluded,not_relevant_after_nepal_anchor_and_trigger_filter
gdelt_fd5ccec3eef2963d,GDELT,gdelt_doc,thedailystar.net,news_index,https://www.thedailystar.net/news/world/news/nepal-block-some-social-media-including-facebook-3978556,2025-09-04 14:00:00,English,Nepal,Nepal to block some social media including Facebook,Nepal to block some social media including Facebook,thedailystar.net,existing_raw_gdelt,"Nepal (censorship OR VPN OR ""platform ban"" OR ""registration rules"")",included,
external_excluded_fa1e6e78f35b044c,GDELT,gdelt_doc,winnipegfreepress.com,news_index,https://www.winnipegfreepress.com/arts-and-life/life/sci-tech/2025/09/04/nepal-blocks-facebook-x-youtube-and-others-for-failing-to-register-with-the-government,2025-09-04 11:45:00,English,Nepal,"Nepal blocks Facebook , X , YouTube and others for failing to register with the government – Winnipeg Free Press","Nepal blocks Facebook , X , YouTube and others for failing to register with the government – Winnipeg Free Press",winnipegfreepress.com,existing_raw_gdelt,"Nepal (censorship OR VPN OR ""platform ban"" OR ""registration rules"")",excluded,not_relevant_after_nepal_anchor_and_trigger_filter
external_excluded_4eeb25a5d7febe89,GDELT,gdelt_doc,yahoo.com,news_index,https://www.yahoo.com/news/articles/nepal-blocks-facebook-x-youtube-111818271.html,2025-09-04 11:45:00,English,Nepal,"Nepal blocks Facebook , X , YouTube and others for failing to register with the government","Nepal blocks Facebook , X , YouTube and others for failing to register with the government",yahoo.com,existing_raw_gdelt,"Nepal (censorship OR VPN OR ""platform ban"" OR ""registration rules"")",excluded,not_relevant_after_nepal_anchor_and_trigger_filter
external_excluded_666175f0d31a1ce6,GDELT,gdelt_doc,yahoo.com,news_index,https://www.yahoo.com/news/articles/nepal-blocks-facebook-x-youtube-111818246.html,2025-09-04 11:45:00,English,Nepal,"Nepal blocks Facebook , X , YouTube and others for failing to register with the government","Nepal blocks Facebook , X , YouTube and others for failing to register with the government",yahoo.com,existing_raw_gdelt,"Nepal (censorship OR VPN OR ""platform ban"" OR ""registration rules"")",excluded,not_relevant_after_nepal_anchor_and_trigger_filter
external_excluded_b2948e76579ab962,GDELT,gdelt_doc,scroll.in,news_index,https://scroll.in/article/1084349/on-the-brink-of-belief-an-anthology-featuring-queer-writers-seeks-liberation-from-cultural-purity,2025-08-31 05:45:00,English,Nepal,On the Brink of Belief : An anthology featuring queer writers seeks liberation from cultural purity,On the Brink of Belief : An anthology featuring queer writers seeks liberation from cultural purity,scroll.in,existing_raw_gdelt,"Nepal (censorship OR VPN OR ""platform ban"" OR ""registration rules"")",excluded,not_relevant_after_nepal_anchor_and_trigger_filter
external_excluded_7542b34755c517c2,GDELT,gdelt_doc,kashmirreader.com,news_index,https://kashmirreader.com/2025/09/09/nepal-bans-social-media-protesters-breach-parliament-premises-9-killed-army-deployed/,2025-09-08 23:30:00,English,Nepal,"Nepal Bans Social Media : Protesters breach parliament premises , 9 killed ; Army deployed","Nepal Bans Social Media : Protesters breach parliament premises , 9 killed ; Army deployed",kashmirreader.com,existing_raw_gdelt,"Nepal (""Gen Z"" OR GenZ) (protest OR corruption OR youth OR students)",excluded,published_at_or_seen_at_is_at_or_after_2025-09-08T00:00:00
external_excluded_291d2d7a3c14209a,GDELT,gdelt_doc,stalbansreview.co.uk,news_index,https://www.stalbansreview.co.uk/news/national/25448697.police-nepal-open-fire-anti-government-protesters-killing-17/,2025-09-08 23:30:00,English,Nepal,"Police in Nepal open fire on anti - government protesters , killing 17","Police in Nepal open fire on anti - government protesters , killing 17",stalbansreview.co.uk,existing_raw_gdelt,"Nepal (""Gen Z"" OR GenZ) (protest OR corruption OR youth OR students)",excluded,published_at_or_seen_at_is_at_or_after_2025-09-08T00:00:00
external_excluded_5d9e7fa80501790f,GDELT,gdelt_doc,biztoc.com,news_index,https://biztoc.com/x/a4a1ab31cfeaa24b,2025-09-08 23:30:00,English,Nepal,Nepal Gen Z protests turn deadly,Nepal Gen Z protests turn deadly,biztoc.com,existing_raw_gdelt,"Nepal (""Gen Z"" OR GenZ) (protest OR corruption OR youth OR students)",excluded,published_at_or_seen_at_is_at_or_after_2025-09-08T00:00:00
external_excluded_967884f9e67626ca,GDELT,gdelt_doc,timesofindia.indiatimes.com,news_index,https://timesofindia.indiatimes.com/city/varanasi/nepals-decision-of-social-media-ban-cuts-off-families/articleshow/123772776.cms,2025-09-08 23:30:00,English,Nepal,Nepal decision of social media ban cuts off families | Varanasi News,Nepal decision of social media ban cuts off families | Varanasi News,timesofindia.indiatimes.com,existing_raw_gdelt,"Nepal (""Gen Z"" OR GenZ) (protest OR corruption OR youth OR students)",excluded,published_at_or_seen_at_is_at_or_after_2025-09-08T00:00:00
external_excluded_6d0714d128f36eea,GDELT,gdelt_doc,sun-sentinel.com,news_index,https://www.sun-sentinel.com/2025/09/08/nepal-social-media-protest/,2025-09-08 23:30:00,English,Nepal,"Police open fire on protests of Nepal social media policy , killing at least 17","Police open fire on protests of Nepal social media policy , killing at least 17",sun-sentinel.com,existing_raw_gdelt,"Nepal (""Gen Z"" OR GenZ) (protest OR corruption OR youth OR students)",excluded,published_at_or_seen_at_is_at_or_after_2025-09-08T00:00:00
external_excluded_fc71e7e1e853751e,GDELT,gdelt_doc,stroudnewsandjournal.co.uk,news_index,https://www.stroudnewsandjournal.co.uk/news/national/25448697.police-nepal-open-fire-anti-government-protesters-killing-17/,2025-09-08 23:15:00,English,Nepal,"Police in Nepal open fire on anti - government protesters , killing 17","Police in Nepal open fire on anti - government protesters , killing 17",stroudnewsandjournal.co.uk,existing_raw_gdelt,"Nepal (""Gen Z"" OR GenZ) (protest OR corruption OR youth OR students)",excluded,published_at_or_seen_at_is_at_or_after_2025-09-08T00:00:00
external_excluded_83182198d3554406,GDELT,gdelt_doc,heraldseries.co.uk,news_index,https://www.heraldseries.co.uk/news/national/25448697.police-nepal-open-fire-anti-government-protesters-killing-17/,2025-09-08 23:00:00,English,Nepal,"Police in Nepal open fire on anti - government protesters , killing 17","Police in Nepal open fire on anti - government protesters , killing 17",heraldseries.co.uk,existing_raw_gdelt,"Nepal (""Gen Z"" OR GenZ) (protest OR corruption OR youth OR students)",excluded,published_at_or_seen_at_is_at_or_after_2025-09-08T00:00:00
external_excluded_7d752123d002cf74,GDELT,gdelt_doc,irvinetimes.com,news_index,https://www.irvinetimes.com/news/national/25448697.police-nepal-open-fire-anti-government-protesters-killing-17/,2025-09-08 23:00:00,English,Nepal,"Police in Nepal open fire on anti - government protesters , killing 17","Police in Nepal open fire on anti - government protesters , killing 17",irvinetimes.com,existing_raw_gdelt,"Nepal (""Gen Z"" OR GenZ) (protest OR corruption OR youth OR students)",excluded,published_at_or_seen_at_is_at_or_after_2025-09-08T00:00:00
external_excluded_c58e7d79710d19b4,GDELT,gdelt_doc,darlingtonandstocktontimes.co.uk,news_index,https://www.darlingtonandstocktontimes.co.uk/news/national/25448697.police-nepal-open-fire-anti-government-protesters-killing-17/,2025-09-08 23:00:00,English,Nepal,"Police in Nepal open fire on anti - government protesters , killing 17","Police in Nepal open fire on anti - government protesters , killing 17",darlingtonandstocktontimes.co.uk,existing_raw_gdelt,"Nepal (""Gen Z"" OR GenZ) (protest OR corruption OR youth OR students)",excluded,published_at_or_seen_at_is_at_or_after_2025-09-08T00:00:00
external_excluded_e4afd9ca9939721c,GDELT,gdelt_doc,sthelensstar.co.uk,news_index,https://www.sthelensstar.co.uk/news/national/25448697.police-nepal-open-fire-anti-government-protesters-killing-17/,2025-09-08 23:00:00,English,Nepal,"Police in Nepal open fire on anti - government protesters , killing 17","Police in Nepal open fire on anti - government protesters , killing 17",sthelensstar.co.uk,existing_raw_gdelt,"Nepal (""Gen Z"" OR GenZ) (protest OR corruption OR youth OR students)",excluded,published_at_or_seen_at_is_at_or_after_2025-09-08T00:00:00
external_excluded_49f0b18cf35db6cf,GDELT,gdelt_doc,runcornandwidnesworld.co.uk,news_index,https://www.runcornandwidnesworld.co.uk/news/national/25448697.police-nepal-open-fire-anti-government-protesters-killing-17/,2025-09-08 23:00:00,English,Nepal,"Police in Nepal open fire on anti - government protesters , killing 17","Police in Nepal open fire on anti - government protesters , killing 17",runcornandwidnesworld.co.uk,existing_raw_gdelt,"Nepal (""Gen Z"" OR GenZ) (protest OR corruption OR youth OR students)",excluded,published_at_or_seen_at_is_at_or_after_2025-09-08T00:00:00
external_excluded_963205309441296d,GDELT,gdelt_doc,mendocinobeacon.com,news_index,https://www.mendocinobeacon.com/2025/09/08/nepal-social-media-protest/,2025-09-08 22:45:00,English,Nepal,"Police open fire on protests of Nepal social media policy , killing at least 17","Police open fire on protests of Nepal social media policy , killing at least 17",mendocinobeacon.com,existing_raw_gdelt,"Nepal (""Gen Z"" OR GenZ) (protest OR corruption OR youth OR students)",excluded,published_at_or_seen_at_is_at_or_after_2025-09-08T00:00:00
external_excluded_62a5de1fbbe87d97,GDELT,gdelt_doc,thurrockgazette.co.uk,news_index,https://www.thurrockgazette.co.uk/news/national/25448697.police-nepal-open-fire-anti-government-protesters-killing-17/,2025-09-08 22:45:00,English,Nepal,"Police in Nepal open fire on anti - government protesters , killing 17","Police in Nepal open fire on anti - government protesters , killing 17",thurrockgazette.co.uk,existing_raw_gdelt,"Nepal (""Gen Z"" OR GenZ) (protest OR corruption OR youth OR students)",excluded,published_at_or_seen_at_is_at_or_after_2025-09-08T00:00:00
external_excluded_973bfeb68a94ae06,GDELT,gdelt_doc,thenorthernecho.co.uk,news_index,https://www.thenorthernecho.co.uk/news/national/25448697.police-nepal-open-fire-anti-government-protesters-killing-17/,2025-09-08 22:45:00,English,Nepal,"Police in Nepal open fire on anti - government protesters , killing 17","Police in Nepal open fire on anti - government protesters , killing 17",thenorthernecho.co.uk,existing_raw_gdelt,"Nepal (""Gen Z"" OR GenZ) (protest OR corruption OR youth OR students)",excluded,published_at_or_seen_at_is_at_or_after_2025-09-08T00:00:00
external_excluded_256fc6e81fcebaf0,GDELT,gdelt_doc,borehamwoodtimes.co.uk,news_index,https://www.borehamwoodtimes.co.uk/news/national/25448697.police-nepal-open-fire-anti-government-protesters-killing-17/,2025-09-08 22:45:00,English,Nepal,"Police in Nepal open fire on anti - government protesters , killing 17","Police in Nepal open fire on anti - government protesters , killing 17",borehamwoodtimes.co.uk,existing_raw_gdelt,"Nepal (""Gen Z"" OR GenZ) (protest OR corruption OR youth OR students)",excluded,published_at_or_seen_at_is_at_or_after_2025-09-08T00:00:00
external_excluded_bed8abfb03a5cbda,GDELT,gdelt_doc,northwalespioneer.co.uk,news_index,https://www.northwalespioneer.co.uk/news/national/25448697.police-nepal-open-fire-anti-government-protesters-killing-17/,2025-09-08 22:45:00,English,Nepal,"Police in Nepal open fire on anti - government protesters , killing 17","Police in Nepal open fire on anti - government protesters , killing 17",northwalespioneer.co.uk,existing_raw_gdelt,"Nepal (""Gen Z"" OR GenZ) (protest OR corruption OR youth OR students)",excluded,published_at_or_seen_at_is_at_or_after_2025-09-08T00:00:00
external_excluded_65395d2464bce559,GDELT,gdelt_doc,braintreeandwithamtimes.co.uk,news_index,https://www.braintreeandwithamtimes.co.uk/news/national/25448697.police-nepal-open-fire-anti-government-protesters-killing-17/,2025-09-08 22:45:00,English,Nepal,"Police in Nepal open fire on anti - government protesters , killing 17","Police in Nepal open fire on anti - government protesters , killing 17",braintreeandwithamtimes.co.uk,existing_raw_gdelt,"Nepal (""Gen Z"" OR GenZ) (protest OR corruption OR youth OR students)",excluded,published_at_or_seen_at_is_at_or_after_2025-09-08T00:00:00
external_excluded_b0d6cca88fc44aa5,GDELT,gdelt_doc,theboltonnews.co.uk,news_index,https://www.theboltonnews.co.uk/news/national/25448697.police-nepal-open-fire-anti-government-protesters-killing-17/,2025-09-08 22:30:00,English,Nepal,"Police in Nepal open fire on anti - government protesters , killing 17","Police in Nepal open fire on anti - government protesters , killing 17",theboltonnews.co.uk,existing_raw_gdelt,"Nepal (""Gen Z"" OR GenZ) (protest OR corruption OR youth OR students)",excluded,published_at_or_seen_at_is_at_or_after_2025-09-08T00:00:00
external_excluded_5c6a3968f731f03d,GDELT,gdelt_doc,premiumtimesng.com,news_index,https://www.premiumtimesng.com/news/top-news/819730-19-killed-in-nepal-as-police-open-fire-on-protesters.html,2025-09-08 22:30:00,English,Nepal,19 killed in Nepal as police open fire on protesters,19 killed in Nepal as police open fire on protesters,premiumtimesng.com,existing_raw_gdelt,"Nepal (""Gen Z"" OR GenZ) (protest OR corruption OR youth OR students)",excluded,published_at_or_seen_at_is_at_or_after_2025-09-08T00:00:00
external_excluded_11726c9eb8a2f7a6,GDELT,gdelt_doc,wiltshiretimes.co.uk,news_index,https://www.wiltshiretimes.co.uk/news/national/25448697.police-nepal-open-fire-anti-government-protesters-killing-17/,2025-09-08 22:30:00,English,Nepal,"Police in Nepal open fire on anti - government protesters , killing 17","Police in Nepal open fire on anti - government protesters , killing 17",wiltshiretimes.co.uk,existing_raw_gdelt,"Nepal (""Gen Z"" OR GenZ) (protest OR corruption OR youth OR students)",excluded,published_at_or_seen_at_is_at_or_after_2025-09-08T00:00:00
external_excluded_a339c364d4def739,GDELT,gdelt_doc,thetimes-tribune.com,news_index,https://www.thetimes-tribune.com/2025/09/08/nepal-social-media-protest/,2025-09-08 22:30:00,English,Nepal,"Police open fire on protests of Nepal social media policy , killing at least 17","Police open fire on protests of Nepal social media policy , killing at least 17",thetimes-tribune.com,existing_raw_gdelt,"Nepal (""Gen Z"" OR GenZ) (protest OR corruption OR youth OR students)",excluded,published_at_or_seen_at_is_at_or_after_2025-09-08T00:00:00
external_excluded_ce3098f82c538e75,GDELT,gdelt_doc,gazetteherald.co.uk,news_index,https://www.gazetteherald.co.uk/news/national/25448697.police-nepal-open-fire-anti-government-protesters-killing-17/,2025-09-08 22:30:00,English,Nepal,"Police in Nepal open fire on anti - government protesters , killing 17","Police in Nepal open fire on anti - government protesters , killing 17",gazetteherald.co.uk,existing_raw_gdelt,"Nepal (""Gen Z"" OR GenZ) (protest OR corruption OR youth OR students)",excluded,published_at_or_seen_at_is_at_or_after_2025-09-08T00:00:00
external_excluded_91d8b9c4572c3bc3,GDELT,gdelt_doc,sandiegouniontribune.com,news_index,https://www.sandiegouniontribune.com/2025/09/08/nepal-social-media-protest/,2025-09-08 22:30:00,English,Nepal,"Police open fire on protests of Nepal social media policy , killing at least 17","Police open fire on protests of Nepal social media policy , killing at least 17",sandiegouniontribune.com,existing_raw_gdelt,"Nepal (""Gen Z"" OR GenZ) (protest OR corruption OR youth OR students)",excluded,published_at_or_seen_at_is_at_or_after_2025-09-08T00:00:00
external_excluded_0becf69b4c97ed9e,GDELT,gdelt_doc,baltimoresun.com,news_index,https://www.baltimoresun.com/2025/09/08/nepal-social-media-protest/,2025-09-08 22:15:00,English,Nepal,"Police open fire on protests of Nepal social media policy , killing at least 17","Police open fire on protests of Nepal social media policy , killing at least 17",baltimoresun.com,existing_raw_gdelt,"Nepal (""Gen Z"" OR GenZ) (protest OR corruption OR youth OR students)",excluded,published_at_or_seen_at_is_at_or_after_2025-09-08T00:00:00
external_excluded_15ff86fc74244dad,GDELT,gdelt_doc,surreycomet.co.uk,news_index,https://www.surreycomet.co.uk/news/national/25448697.police-nepal-open-fire-anti-government-protesters-killing-17/,2025-09-08 22:00:00,English,Nepal,"Police in Nepal open fire on anti - government protesters , killing 17","Police in Nepal open fire on anti - government protesters , killing 17",surreycomet.co.uk,existing_raw_gdelt,"Nepal (""Gen Z"" OR GenZ) (protest OR corruption OR youth OR students)",excluded,published_at_or_seen_at_is_at_or_after_2025-09-08T00:00:00
external_excluded_8b4acad984e99c30,GDELT,gdelt_doc,tehelka.com,news_index,https://tehelka.com/social-media-ban-nine-protesters-killed-in-nepal/,2025-09-08 22:00:00,English,Nepal,Social Media ban : Nine protesters killed in Nepal,Social Media ban : Nine protesters killed in Nepal,tehelka.com,existing_raw_gdelt,"Nepal (""Gen Z"" OR GenZ) (protest OR corruption OR youth OR students)",excluded,published_at_or_seen_at_is_at_or_after_2025-09-08T00:00:00
external_excluded_79629866fc175f7c,GDELT,gdelt_doc,wandsworthguardian.co.uk,news_index,https://www.wandsworthguardian.co.uk/news/national/25448697.police-nepal-open-fire-anti-government-protesters-killing-17/,2025-09-08 22:00:00,English,Nepal,"Police in Nepal open fire on anti - government protesters , killing 17","Police in Nepal open fire on anti - government protesters , killing 17",wandsworthguardian.co.uk,existing_raw_gdelt,"Nepal (""Gen Z"" OR GenZ) (protest OR corruption OR youth OR students)",excluded,published_at_or_seen_at_is_at_or_after_2025-09-08T00:00:00
external_excluded_297028ca136056d4,GDELT,gdelt_doc,ummid.com,news_index,https://www.ummid.com/news/2025/september/08-09-2025/nepal-gen-z-protest-leaves-14-dead-un-body-calls-for-probe.html,2025-09-08 21:30:00,English,Nepal,"Nepal Gen Z protest leaves 14 dead , UN body calls for probe","Nepal Gen Z protest leaves 14 dead , UN body calls for probe",ummid.com,existing_raw_gdelt,"Nepal (""Gen Z"" OR GenZ) (protest OR corruption OR youth OR students)",excluded,published_at_or_seen_at_is_at_or_after_2025-09-08T00:00:00
external_excluded_762031c3ea527e08,GDELT,gdelt_doc,sconeadvocate.com.au,news_index,https://www.sconeadvocate.com.au/story/9061193/nepalese-police-shoot-dead-19-social-media-protesters/,2025-09-08 21:00:00,English,Nepal,Nepalese police shoot dead 19 social media protesters,Nepalese police shoot dead 19 social media protesters,sconeadvocate.com.au,existing_raw_gdelt,"Nepal (""Gen Z"" OR GenZ) (protest OR corruption OR youth OR students)",excluded,published_at_or_seen_at_is_at_or_after_2025-09-08T00:00:00
external_excluded_91487216736905ec,GDELT,gdelt_doc,newcastleherald.com.au,news_index,https://www.newcastleherald.com.au/story/9061193/nepalese-police-shoot-dead-19-social-media-protesters/,2025-09-08 21:00:00,English,Nepal,Nepalese police shoot dead 19 social media protesters,Nepalese police shoot dead 19 social media protesters,newcastleherald.com.au,existing_raw_gdelt,"Nepal (""Gen Z"" OR GenZ) (protest OR corruption OR youth OR students)",excluded,published_at_or_seen_at_is_at_or_after_2025-09-08T00:00:00
external_excluded_0552e7bbc2c753f7,GDELT,gdelt_doc,timesofearth.com,news_index,https://www.timesofearth.com/2025/09/08/at-least-19-dead-in-nepal-after-gen-z-protests-at-corruption-and-social-media-ban/,2025-09-08 19:45:00,English,Nepal,At least 19 dead in Nepal after Gen Z protests at corruption and social media ban,At least 19 dead in Nepal after Gen Z protests at corruption and social media ban,timesofearth.com,existing_raw_gdelt,"Nepal (""Gen Z"" OR GenZ) (protest OR corruption OR youth OR students)",excluded,published_at_or_seen_at_is_at_or_after_2025-09-08T00:00:00
external_excluded_0074983fb201c58a,GDELT,gdelt_doc,livemint.com,news_index,https://www.livemint.com/news/world/nepal-home-minister-ramesh-lekhak-resigns-after-19-killed-in-gen-z-protests-over-corruption-social-media-ban-11757342835513.html,2025-09-08 19:45:00,English,Nepal,"Nepal Home Minister Ramesh Lekhak resigns after 19 killed in Gen Z protests over corruption , social media ban","Nepal Home Minister Ramesh Lekhak resigns after 19 killed in Gen Z protests over corruption , social media ban",livemint.com,existing_raw_gdelt,"Nepal (""Gen Z"" OR GenZ) (protest OR corruption OR youth OR students)",excluded,published_at_or_seen_at_is_at_or_after_2025-09-08T00:00:00
external_excluded_ade6ac84f836cb3c,GDELT,gdelt_doc,livemint.com,news_index,https://www.livemint.com/news/world/nepal-lifts-social-media-ban-after-deadly-youth-protests-facebook-x-and-whatsapp-restored-following-19-deaths-11757358567146.html,2025-09-08 19:45:00,English,Nepal,Nepal lifts social media ban after 19 killed and over 300 injured in youth protests,Nepal lifts social media ban after 19 killed and over 300 injured in youth protests,livemint.com,existing_raw_gdelt,"Nepal (""Gen Z"" OR GenZ) (protest OR corruption OR youth OR students)",excluded,published_at_or_seen_at_is_at_or_after_2025-09-08T00:00:00
external_excluded_427f2842e46e7e7c,GDELT,gdelt_doc,indianexpress.com,news_index,https://indianexpress.com/article/world/nepal-government-restores-social-media-access-after-protests-push-government-to-reverse-ban-10238331/,2025-09-08 19:45:00,English,Nepal,Nepal government restores social media access after protests push government to reverse ban,Nepal government restores social media access after protests push government to reverse ban,indianexpress.com,existing_raw_gdelt,"Nepal (""Gen Z"" OR GenZ) (protest OR corruption OR youth OR students)",excluded,published_at_or_seen_at_is_at_or_after_2025-09-08T00:00:00
external_excluded_f276f087116efb56,GDELT,gdelt_doc,economictimes.indiatimes.com,news_index,https://economictimes.indiatimes.com/news/international/world-news/nepal-govt-lifts-social-media-ban-after-violent-youth-protests-kill-19-leaving-several-injured/articleshow/123772574.cms,2025-09-08 19:30:00,English,Nepal,"Nepal govt lifts social media ban after violent youth protests kill 19 , leaving several injured","Nepal govt lifts social media ban after violent youth protests kill 19 , leaving several injured",economictimes.indiatimes.com,existing_raw_gdelt,"Nepal (""Gen Z"" OR GenZ) (protest OR corruption OR youth OR students)",excluded,published_at_or_seen_at_is_at_or_after_2025-09-08T00:00:00
external_excluded_534b266afc5d328e,GDELT,gdelt_doc,thehimalayantimes.com,news_index,https://thehimalayantimes.com/photo-gallery/in-pictures-gen-z-protest,2025-09-08 19:15:00,English,Nepal,In Pictures : Gen Z protest !,In Pictures : Gen Z protest !,thehimalayantimes.com,existing_raw_gdelt,"Nepal (""Gen Z"" OR GenZ) (protest OR corruption OR youth OR students)",excluded,published_at_or_seen_at_is_at_or_after_2025-09-08T00:00:00
external_excluded_3ade165f7f59c3e3,GDELT,gdelt_doc,thehimalayantimes.com,news_index,https://thehimalayantimes.com/nepal/home-minister-ramesh-lekhak-resigns-after-deadly-gen-z-protests,2025-09-08 19:15:00,English,Nepal,Home Minister Ramesh Lekhak resigns after deadly Gen Z protests,Home Minister Ramesh Lekhak resigns after deadly Gen Z protests,thehimalayantimes.com,existing_raw_gdelt,"Nepal (""Gen Z"" OR GenZ) (protest OR corruption OR youth OR students)",excluded,published_at_or_seen_at_is_at_or_after_2025-09-08T00:00:00
external_excluded_15edc20b95824407,GDELT,gdelt_doc,news18.com,news_index,https://www.news18.com/explainers/whats-behind-the-deadly-protests-in-nepal-its-more-than-just-a-social-media-ban-ws-l-9557218.html,2025-09-08 19:15:00,English,Nepal,What Behind The Deadly Protests In Nepal ? It More Than Just A Social Media Ban | Explainers News,What Behind The Deadly Protests In Nepal ? It More Than Just A Social Media Ban | Explainers News,news18.com,existing_raw_gdelt,"Nepal (""Gen Z"" OR GenZ) (protest OR corruption OR youth OR students)",excluded,published_at_or_seen_at_is_at_or_after_2025-09-08T00:00:00
external_excluded_cafe76d5b525f4c6,GDELT,gdelt_doc,asia.nikkei.com,news_index,https://asia.nikkei.com/politics/at-least-19-killed-in-nepal-amid-protests-over-social-media-ban-corruption,2025-09-08 19:00:00,English,Nepal,"At least 19 killed in Nepal amid protests over social media ban , corruption","At least 19 killed in Nepal amid protests over social media ban , corruption",asia.nikkei.com,existing_raw_gdelt,"Nepal (""Gen Z"" OR GenZ) (protest OR corruption OR youth OR students)",excluded,published_at_or_seen_at_is_at_or_after_2025-09-08T00:00:00
external_excluded_7a7f5568e4cac0bc,GDELT,gdelt_doc,tribuneonlineng.com,news_index,https://tribuneonlineng.com/nepal-protests-over-social-media-ban-leave-at-least-19-dead/,2025-09-08 19:00:00,English,Nepal,Nepal protests over social media ban leave at least 19 dead,Nepal protests over social media ban leave at least 19 dead,tribuneonlineng.com,existing_raw_gdelt,"Nepal (""Gen Z"" OR GenZ) (protest OR corruption OR youth OR students)",excluded,published_at_or_seen_at_is_at_or_after_2025-09-08T00:00:00
external_excluded_941629c1063e66f5,GDELT,gdelt_doc,dnaindia.com,news_index,https://www.dnaindia.com/world/report-breaking-pm-kp-oli-revokes-social-media-ban-in-nepal-after-19-killed-in-huge-protest-3179361,2025-09-08 19:00:00,English,Nepal,"Nepal Protests : PM KP Oli revokes social media ban in country as 19 killed , 347 injured","Nepal Protests : PM KP Oli revokes social media ban in country as 19 killed , 347 injured",dnaindia.com,existing_raw_gdelt,"Nepal (""Gen Z"" OR GenZ) (protest OR corruption OR youth OR students)",excluded,published_at_or_seen_at_is_at_or_after_2025-09-08T00:00:00
external_excluded_137da08161f96ec9,GDELT,gdelt_doc,listenupyall.com,news_index,https://listenupyall.com/2025/09/08/police-open-fire-on-protests-of-nepals-social-media-policy-killing-at-least-17/,2025-09-08 18:45:00,English,Nepal,"Police open fire on protests of Nepal social media policy , killing at least 17","Police open fire on protests of Nepal social media policy , killing at least 17",listenupyall.com,existing_raw_gdelt,"Nepal (""Gen Z"" OR GenZ) (protest OR corruption OR youth OR students)",excluded,published_at_or_seen_at_is_at_or_after_2025-09-08T00:00:00
external_excluded_e084b76cbbf4aba4,GDELT,gdelt_doc,economictimes.indiatimes.com,news_index,https://economictimes.indiatimes.com/news/international/world-news/violent-protests-in-nepal-19-killed/articleshow/123771659.cms,2025-09-08 18:45:00,English,Nepal,Violent protests in Nepal ; 19 killed,Violent protests in Nepal ; 19 killed,economictimes.indiatimes.com,existing_raw_gdelt,"Nepal (""Gen Z"" OR GenZ) (protest OR corruption OR youth OR students)",excluded,published_at_or_seen_at_is_at_or_after_2025-09-08T00:00:00
external_excluded_3fd256ca0882948d,GDELT,gdelt_doc,nepalitimes.com,news_index,https://nepalitimes.com/news/nepal-s-8-september-massacre,2025-09-08 18:45:00,English,Nepal,Nepal 8 September massacre | Nepali Times,Nepal 8 September massacre | Nepali Times,nepalitimes.com,existing_raw_gdelt,"Nepal (""Gen Z"" OR GenZ) (protest OR corruption OR youth OR students)",excluded,published_at_or_seen_at_is_at_or_after_2025-09-08T00:00:00
external_excluded_d33990a68338c75d,GDELT,gdelt_doc,news18.com,news_index,https://www.news18.com/world/parliament-dissolution-interim-govt-of-protesters-what-does-nepals-gen-z-demand-ws-l-9558216.html,2025-09-08 18:45:00,English,Nepal,"Parliament Dissolution , Interim Govt Of Protesters : What Does Nepal Gen Z Demand ?","Parliament Dissolution , Interim Govt Of Protesters : What Does Nepal Gen Z Demand ?",news18.com,existing_raw_gdelt,"Nepal (""Gen Z"" OR GenZ) (protest OR corruption OR youth OR students)",excluded,published_at_or_seen_at_is_at_or_after_2025-09-08T00:00:00
external_excluded_40d665d45f45cd7a,GDELT,gdelt_doc,tribune.net.ph,news_index,https://tribune.net.ph/2025/09/08/at-least-14-killed-in-gen-z-protest-in-nepal,2025-09-08 18:45:00,English,Nepal,At least 14 killed in Gen Z protest in Nepal,At least 14 killed in Gen Z protest in Nepal,tribune.net.ph,existing_raw_gdelt,"Nepal (""Gen Z"" OR GenZ) (protest OR corruption OR youth OR students)",excluded,published_at_or_seen_at_is_at_or_after_2025-09-08T00:00:00
external_excluded_2ba3f795a2f672a3,GDELT,gdelt_doc,nepalnational.com,news_index,http://www.nepalnational.com/news/278560820/14-dead-as-protests-turn-violent-in-nepal-over-social-media-ban,2025-09-08 18:15:00,English,Nepal,14 dead as protests turn violent in Nepal over social media ban,14 dead as protests turn violent in Nepal over social media ban,nepalnational.com,existing_raw_gdelt,"Nepal (""Gen Z"" OR GenZ) (protest OR corruption OR youth OR students)",excluded,published_at_or_seen_at_is_at_or_after_2025-09-08T00:00:00
external_excluded_7eb8757fae3c6d72,GDELT,gdelt_doc,thedailystar.net,news_index,https://www.thedailystar.net/news/asia/south-asia/news/nepal-home-minister-ramesh-lekhak-resigns-amid-protests-3981196,2025-09-08 17:45:00,English,Nepal,Resignation Of Nepal Home Minister | Nepal Home Minister Ramesh Lekhak resigns amid protests,Resignation Of Nepal Home Minister | Nepal Home Minister Ramesh Lekhak resigns amid protests,thedailystar.net,existing_raw_gdelt,"Nepal (""Gen Z"" OR GenZ) (protest OR corruption OR youth OR students)",excluded,published_at_or_seen_at_is_at_or_after_2025-09-08T00:00:00
external_excluded_b11c4c7b4dffa346,GDELT,gdelt_doc,whec.com,news_index,https://www.whec.com/ap-top-news/police-open-fire-on-protests-of-nepals-social-media-policy-killing-at-least-17/,2025-09-08 17:45:00,English,Nepal,"Police open fire on protests of Nepal social media policy , killing at least 17","Police open fire on protests of Nepal social media policy , killing at least 17",whec.com,existing_raw_gdelt,"Nepal (""Gen Z"" OR GenZ) (protest OR corruption OR youth OR students)",excluded,published_at_or_seen_at_is_at_or_after_2025-09-08T00:00:00
external_excluded_3e1284110ea54e4f,GDELT,gdelt_doc,breitbart.com,news_index,https://www.breitbart.com/politics/2025/09/08/nepal-protests-against-social-media-ban-leave-19-dead-150-injured/,2025-09-08 17:15:00,English,Nepal,"Nepal Protests Against Social Media Ban Leave 19 Dead , 150 Injured","Nepal Protests Against Social Media Ban Leave 19 Dead , 150 Injured",breitbart.com,existing_raw_gdelt,"Nepal (""Gen Z"" OR GenZ) (protest OR corruption OR youth OR students)",excluded,published_at_or_seen_at_is_at_or_after_2025-09-08T00:00:00
external_excluded_e2789e2b476c88d2,GDELT,gdelt_doc,pennlive.com,news_index,https://www.pennlive.com/nation-world/2025/09/police-in-nepal-open-fire-on-protesters-outside-parliament-killing-11.html,2025-09-08 17:00:00,English,Nepal,"Police in Nepal open fire on protesters outside parliament , killing 11","Police in Nepal open fire on protesters outside parliament , killing 11",pennlive.com,existing_raw_gdelt,"Nepal (""Gen Z"" OR GenZ) (protest OR corruption OR youth OR students)",excluded,published_at_or_seen_at_is_at_or_after_2025-09-08T00:00:00
external_excluded_fe74fafd014e0484,GDELT,gdelt_doc,firstpost.com,news_index,https://www.firstpost.com/explainers/nepal-protests-social-media-ban-death-13931962.html,2025-09-08 17:00:00,English,Nepal,Nepal protests : What we know about NGO Hami Nepal behind the stir ? – Firstpost,Nepal protests : What we know about NGO Hami Nepal behind the stir ? – Firstpost,firstpost.com,existing_raw_gdelt,"Nepal (""Gen Z"" OR GenZ) (protest OR corruption OR youth OR students)",excluded,published_at_or_seen_at_is_at_or_after_2025-09-08T00:00:00
external_excluded_cc0e42c9e6b58c9c,GDELT,gdelt_doc,economictimes.indiatimes.com,news_index,https://economictimes.indiatimes.com/news/international/us/nepal-protests-gen-z-whats-happening-in-nepal-as-19-are-killed-in-widespread-gen-z-protests-and-why-are-they-protesting/articleshow/123769837.cms,2025-09-08 16:45:00,English,Nepal,Nepal protests Gen Z : Nepal protests Gen Z : What happening in Nepal as 19 are killed in widespread Gen Z protests – and why are they protesting ?,Nepal protests Gen Z : Nepal protests Gen Z : What happening in Nepal as 19 are killed in widespread Gen Z protests – and why are they protesting ?,economictimes.indiatimes.com,existing_raw_gdelt,"Nepal (""Gen Z"" OR GenZ) (protest OR corruption OR youth OR students)",excluded,published_at_or_seen_at_is_at_or_after_2025-09-08T00:00:00
external_excluded_9e7c57fb87c09373,GDELT,gdelt_doc,edition.cnn.com,news_index,https://edition.cnn.com/2025/09/08/asia/nepal-social-media-ban-protesters-killed-intl,2025-09-08 16:30:00,English,Nepal,"Nepal social media ban : Police open fire on protesters outside parliament , killing 17","Nepal social media ban : Police open fire on protesters outside parliament , killing 17",edition.cnn.com,existing_raw_gdelt,"Nepal (""Gen Z"" OR GenZ) (protest OR corruption OR youth OR students)",excluded,published_at_or_seen_at_is_at_or_after_2025-09-08T00:00:00
external_excluded_50a94a60339915a1,GDELT,gdelt_doc,businesstoday.in,news_index,https://www.businesstoday.in/india/story/gen-z-protest-rocks-nepal-20-killed-home-minister-steps-down-amid-outrage-493109-2025-09-08,2025-09-08 16:30:00,English,Nepal,"Gen Z protest rocks Nepal : 20 killed , Home Minister steps down amid outrage","Gen Z protest rocks Nepal : 20 killed , Home Minister steps down amid outrage",businesstoday.in,existing_raw_gdelt,"Nepal (""Gen Z"" OR GenZ) (protest OR corruption OR youth OR students)",excluded,published_at_or_seen_at_is_at_or_after_2025-09-08T00:00:00
external_excluded_41e5c78d6e4044d4,GDELT,gdelt_doc,euronews.com,news_index,https://www.euronews.com/next/2025/09/08/nepal-police-shoot-and-kill-some-17-people-protesting-a-social-media-ban,2025-09-08 16:30:00,English,Nepal,Nepal police shoot and kill some 17 people protesting a social media ban,Nepal police shoot and kill some 17 people protesting a social media ban,euronews.com,existing_raw_gdelt,"Nepal (""Gen Z"" OR GenZ) (protest OR corruption OR youth OR students)",excluded,published_at_or_seen_at_is_at_or_after_2025-09-08T00:00:00
external_excluded_e34e51b5feefd94a,GDELT,gdelt_doc,naharnet.com,news_index,https://www.naharnet.com:443/stories/en/315149-nepal-police-shoot-and-kill-at-least-17-people-protesting-social-media-ban,2025-09-08 16:00:00,English,Nepal,Nepal police shoot and kill at least 17 people protesting social media ban,Nepal police shoot and kill at least 17 people protesting social media ban,naharnet.com,existing_raw_gdelt,"Nepal (""Gen Z"" OR GenZ) (protest OR corruption OR youth OR students)",excluded,published_at_or_seen_at_is_at_or_after_2025-09-08T00:00:00
external_excluded_a1ddfbbd2baf7863,GDELT,gdelt_doc,brecorder.com,news_index,https://www.brecorder.com/news/40381730/nineteen-killed-in-nepal-in-gen-z-protest-over-social-media-ban,2025-09-08 16:00:00,English,Nepal,Nineteen killed in Nepal in Gen Z protest over social media ban - World,Nineteen killed in Nepal in Gen Z protest over social media ban - World,brecorder.com,existing_raw_gdelt,"Nepal (""Gen Z"" OR GenZ) (protest OR corruption OR youth OR students)",excluded,published_at_or_seen_at_is_at_or_after_2025-09-08T00:00:00
external_excluded_5da8e57387a7dc83,GDELT,gdelt_doc,calcuttanews.net,news_index,http://www.calcuttanews.net/news/278560820/14-dead-as-protests-turn-violent-in-nepal-over-social-media-ban,2025-09-08 15:45:00,English,Nepal,14 dead as protests turn violent in Nepal over social media ban,14 dead as protests turn violent in Nepal over social media ban,calcuttanews.net,existing_raw_gdelt,"Nepal (""Gen Z"" OR GenZ) (protest OR corruption OR youth OR students)",excluded,published_at_or_seen_at_is_at_or_after_2025-09-08T00:00:00
external_excluded_c9b4603cbab5f895,GDELT,gdelt_doc,9news.com.au,news_index,https://www.9news.com.au/world/nepal-police-open-fire-on-protesters-outside-parliament/5f278008-4fa1-4bc0-b991-c8125962ec5b,2025-09-08 15:45:00,English,Nepal,"Nepal : Police open fire on protesters outside parliament , killing 10","Nepal : Police open fire on protesters outside parliament , killing 10",9news.com.au,existing_raw_gdelt,"Nepal (""Gen Z"" OR GenZ) (protest OR corruption OR youth OR students)",excluded,published_at_or_seen_at_is_at_or_after_2025-09-08T00:00:00
external_excluded_c8b2c083858b09c8,GDELT,gdelt_doc,pragativadi.com,news_index,https://pragativadi.com/nepal-protest-death-toll-climbs-to-16-parliament-gate-torched-army-called-in/,2025-09-08 15:45:00,English,Nepal,"Nepal Protest : Death Toll Climbs to 16 , Parliament Gate Torched , Army Called In","Nepal Protest : Death Toll Climbs to 16 , Parliament Gate Torched , Army Called In",pragativadi.com,existing_raw_gdelt,"Nepal (""Gen Z"" OR GenZ) (protest OR corruption OR youth OR students)",excluded,published_at_or_seen_at_is_at_or_after_2025-09-08T00:00:00
external_excluded_4ae8e6c91f47ad05,GDELT,gdelt_doc,english.aawsat.com,news_index,https://english.aawsat.com/world/5183997-police-nepal-open-fire-protesters-outside-parliament-killing-17,2025-09-08 15:45:00,English,Nepal,"Police in Nepal Open Fire on Protesters Outside Parliament , Killing 17","Police in Nepal Open Fire on Protesters Outside Parliament , Killing 17",english.aawsat.com,existing_raw_gdelt,"Nepal (""Gen Z"" OR GenZ) (protest OR corruption OR youth OR students)",excluded,published_at_or_seen_at_is_at_or_after_2025-09-08T00:00:00
external_excluded_3ce0bcb4aba99d8c,GDELT,gdelt_doc,economictimes.indiatimes.com,news_index,https://economictimes.indiatimes.com/news/new-updates/police-firing-indiscriminately-how-nepals-gen-z-revolt-against-social-media-ban-turned-into-a-deadly-chaos/articleshow/123768727.cms,2025-09-08 15:45:00,English,Nepal,Police firing indiscriminately : How Nepal Gen Z revolt against social media ban turned into a deadly chaos,Police firing indiscriminately : How Nepal Gen Z revolt against social media ban turned into a deadly chaos,economictimes.indiatimes.com,existing_raw_gdelt,"Nepal (""Gen Z"" OR GenZ) (protest OR corruption OR youth OR students)",excluded,published_at_or_seen_at_is_at_or_after_2025-09-08T00:00:00
external_excluded_572de2de1237f47b,GDELT,gdelt_doc,financialexpress.com,news_index,https://www.financialexpress.com/world-news/how-nepobaby-trend-gave-birth-to-nepal-protests-anger-is-beyond-social-media-crackdown/3970626/,2025-09-08 15:45:00,English,Nepal,How # Nepobaby trend gave birth to Nepal protests - anger is beyond social media crackdown - World News,How # Nepobaby trend gave birth to Nepal protests - anger is beyond social media crackdown - World News,financialexpress.com,existing_raw_gdelt,"Nepal (""Gen Z"" OR GenZ) (protest OR corruption OR youth OR students)",excluded,published_at_or_seen_at_is_at_or_after_2025-09-08T00:00:00
external_excluded_c68ab34c32b4cbbb,GDELT,gdelt_doc,edenmagnet.com.au,news_index,https://www.edenmagnet.com.au/story/9061153/police-in-nepal-open-fire-on-protesters-killing-11/,2025-09-08 15:30:00,English,Nepal,"Police in Nepal open fire on protesters , killing 11","Police in Nepal open fire on protesters , killing 11",edenmagnet.com.au,existing_raw_gdelt,"Nepal (""Gen Z"" OR GenZ) (protest OR corruption OR youth OR students)",excluded,published_at_or_seen_at_is_at_or_after_2025-09-08T00:00:00
external_excluded_a82f1c795fd3c37c,GDELT,gdelt_doc,metro.co.uk,news_index,https://metro.co.uk/2025/09/08/least-19-killed-police-open-fire-gen-z-protest-nepal-24108597/,2025-09-08 15:30:00,English,Nepal,At least 19 killed after police open fire on Gen Z protest in Nepal,At least 19 killed after police open fire on Gen Z protest in Nepal,metro.co.uk,existing_raw_gdelt,"Nepal (""Gen Z"" OR GenZ) (protest OR corruption OR youth OR students)",excluded,published_at_or_seen_at_is_at_or_after_2025-09-08T00:00:00
external_excluded_9535f64c644c3c22,GDELT,gdelt_doc,bbc.co.uk,news_index,https://www.bbc.co.uk/news/articles/c78nd2zy9jgo,2025-09-08 15:15:00,English,Nepal,Nepal : 19 dead in Gen Z protests at corruption and social media ban,Nepal : 19 dead in Gen Z protests at corruption and social media ban,bbc.co.uk,existing_raw_gdelt,"Nepal (""Gen Z"" OR GenZ) (protest OR corruption OR youth OR students)",excluded,published_at_or_seen_at_is_at_or_after_2025-09-08T00:00:00
external_excluded_d00a2ef02a5a1141,GDELT,gdelt_doc,siasat.com,news_index,https://www.siasat.com/14-killed-as-citizens-clash-with-police-over-social-media-ban-in-nepal-3269057/,2025-09-08 15:15:00,English,Nepal,14 killed as citizens clash with police over social media ban in Nepal,14 killed as citizens clash with police over social media ban in Nepal,siasat.com,existing_raw_gdelt,"Nepal (""Gen Z"" OR GenZ) (protest OR corruption OR youth OR students)",excluded,published_at_or_seen_at_is_at_or_after_2025-09-08T00:00:00
external_excluded_5f54ce06a3adc795,GDELT,gdelt_doc,africanews.com,news_index,https://www.africanews.com/2025/09/08/nepal-police-kills-at-least-17-people-protesting-corruption-and-social-media-ban/,2025-09-08 15:15:00,English,Nepal,Nepal police kills at least 17 people protesting corruption and social media ban,Nepal police kills at least 17 people protesting corruption and social media ban,africanews.com,existing_raw_gdelt,"Nepal (""Gen Z"" OR GenZ) (protest OR corruption OR youth OR students)",excluded,published_at_or_seen_at_is_at_or_after_2025-09-08T00:00:00
external_excluded_9678159715c415e7,GDELT,gdelt_doc,maitlandmercury.com.au,news_index,https://www.maitlandmercury.com.au/story/9061153/police-in-nepal-open-fire-on-protesters-killing-11/,2025-09-08 15:15:00,English,Nepal,"Police in Nepal open fire on protesters , killing 11","Police in Nepal open fire on protesters , killing 11",maitlandmercury.com.au,existing_raw_gdelt,"Nepal (""Gen Z"" OR GenZ) (protest OR corruption OR youth OR students)",excluded,published_at_or_seen_at_is_at_or_after_2025-09-08T00:00:00
external_excluded_c3342c7f65bb8299,GDELT,gdelt_doc,aljazeera.com,news_index,https://www.aljazeera.com/news/2025/9/8/six-killed-in-nepal-amid-gen-z-protests-after-social-media-ban-all-to-know,2025-09-08 15:00:00,English,Nepal,"Nepal Gen Z protests amid social media ban , clashes kill 19 : All to know","Nepal Gen Z protests amid social media ban , clashes kill 19 : All to know",aljazeera.com,existing_raw_gdelt,"Nepal (""Gen Z"" OR GenZ) (protest OR corruption OR youth OR students)",excluded,published_at_or_seen_at_is_at_or_after_2025-09-08T00:00:00
external_excluded_9cfe86fcf87d31c5,GDELT,gdelt_doc,naroomanewsonline.com.au,news_index,https://www.naroomanewsonline.com.au/story/9061153/police-in-nepal-open-fire-on-protesters-killing-11/,2025-09-08 15:00:00,English,Nepal,"Police in Nepal open fire on protesters , killing 11","Police in Nepal open fire on protesters , killing 11",naroomanewsonline.com.au,existing_raw_gdelt,"Nepal (""Gen Z"" OR GenZ) (protest OR corruption OR youth OR students)",excluded,published_at_or_seen_at_is_at_or_after_2025-09-08T00:00:00
external_excluded_cc4f74b854f6b0fe,GDELT,gdelt_doc,aljazeera.com,news_index,https://www.aljazeera.com/news/2025/9/8/at-least-14-killed-in-nepal-protests-over-social-media-ban-corruption,2025-09-08 15:00:00,English,Nepal,"At least 19 killed in Nepal protests over social media ban , corruption","At least 19 killed in Nepal protests over social media ban , corruption",aljazeera.com,existing_raw_gdelt,"Nepal (""Gen Z"" OR GenZ) (protest OR corruption OR youth OR students)",excluded,published_at_or_seen_at_is_at_or_after_2025-09-08T00:00:00
external_excluded_6c2999a440cc7c39,GDELT,gdelt_doc,thehimalayantimes.com,news_index,https://thehimalayantimes.com/nepal/gen-z-protest-death-toll-rises-to-18-over-200-injured-nationwide,2025-09-08 15:00:00,English,Nepal,"Gen Z protest death toll rises to 18 , over 200 injured nationwide","Gen Z protest death toll rises to 18 , over 200 injured nationwide",thehimalayantimes.com,existing_raw_gdelt,"Nepal (""Gen Z"" OR GenZ) (protest OR corruption OR youth OR students)",excluded,published_at_or_seen_at_is_at_or_after_2025-09-08T00:00:00
external_excluded_7a77831b12b3eccf,GDELT,gdelt_doc,timesofindia.indiatimes.com,news_index,https://timesofindia.indiatimes.com/india/on-close-watch-india-nepal-border-on-alert-as-protests-rage-in-kathmandu-ssb-tightens-vigilance/articleshow/123767686.cms,2025-09-08 15:00:00,English,Nepal,On close watch : India - Nepal border on alert as protests rage in Kathmandu ; SSB tightens vigilance | India News,On close watch : India - Nepal border on alert as protests rage in Kathmandu ; SSB tightens vigilance | India News,timesofindia.indiatimes.com,existing_raw_gdelt,"Nepal (""Gen Z"" OR GenZ) (protest OR corruption OR youth OR students)",excluded,published_at_or_seen_at_is_at_or_after_2025-09-08T00:00:00
external_excluded_85f6158a2b69d60a,GDELT,gdelt_doc,freepressjournal.in,news_index,https://www.freepressjournal.in/world/nepal-gen-z-protest-lakhs-of-youths-hit-streets-against-entrenched-corruption-in-govt-know-charges-against-pm-oli,2025-09-08 15:00:00,English,Nepal,Nepal Gen - Z Protest : Lakhs Of Youths Hit Streets Against Entrenched Corruption In Govt ; Know Charges Against PM Oli,Nepal Gen - Z Protest : Lakhs Of Youths Hit Streets Against Entrenched Corruption In Govt ; Know Charges Against PM Oli,freepressjournal.in,existing_raw_gdelt,"Nepal (""Gen Z"" OR GenZ) (protest OR corruption OR youth OR students)",excluded,published_at_or_seen_at_is_at_or_after_2025-09-08T00:00:00
external_excluded_56b006b65a5f96b8,GDELT,gdelt_doc,thestar.com.my,news_index,https://www.thestar.com.my/news/world/2025/09/08/nineteen-killed-in-nepal-in-039gen-z039-protest-over-social-media-ban,2025-09-08 14:45:00,English,Nepal,Nineteen killed in Nepal in Gen Z protest over social media ban,Nineteen killed in Nepal in Gen Z protest over social media ban,thestar.com.my,existing_raw_gdelt,"Nepal (""Gen Z"" OR GenZ) (protest OR corruption OR youth OR students)",excluded,published_at_or_seen_at_is_at_or_after_2025-09-08T00:00:00
external_excluded_b8260944d73290e1,GDELT,gdelt_doc,hampshirechronicle.co.uk,news_index,https://www.hampshirechronicle.co.uk/news/national/25448697.police-nepal-open-fire-anti-government-protesters-killing-17/,2025-09-08 14:45:00,English,Nepal,"Police in Nepal open fire on anti - government protesters , killing 17","Police in Nepal open fire on anti - government protesters , killing 17",hampshirechronicle.co.uk,existing_raw_gdelt,"Nepal (""Gen Z"" OR GenZ) (protest OR corruption OR youth OR students)",excluded,published_at_or_seen_at_is_at_or_after_2025-09-08T00:00:00
external_excluded_a8a92406e873d437,GDELT,gdelt_doc,castanetkamloops.net,news_index,https://www.castanetkamloops.net/news/World/571076/Nepal-police-shoot-and-kill-at-least-17-people-protesting-a-social-media-ban,2025-09-08 14:45:00,English,Nepal,Nepal police shoot and kill at least 17 people protesting a social media ban,Nepal police shoot and kill at least 17 people protesting a social media ban,castanetkamloops.net,existing_raw_gdelt,"Nepal (""Gen Z"" OR GenZ) (protest OR corruption OR youth OR students)",excluded,published_at_or_seen_at_is_at_or_after_2025-09-08T00:00:00
external_excluded_eae9bf65a58980ce,GDELT,gdelt_doc,chardandilminsternews.co.uk,news_index,https://www.chardandilminsternews.co.uk/news/national/25448697.police-nepal-open-fire-anti-government-protesters-killing-17/,2025-09-08 14:45:00,English,Nepal,"Police in Nepal open fire on anti - government protesters , killing 17","Police in Nepal open fire on anti - government protesters , killing 17",chardandilminsternews.co.uk,existing_raw_gdelt,"Nepal (""Gen Z"" OR GenZ) (protest OR corruption OR youth OR students)",excluded,published_at_or_seen_at_is_at_or_after_2025-09-08T00:00:00
external_excluded_dd812bdbf1472c0a,GDELT,gdelt_doc,redditchadvertiser.co.uk,news_index,https://www.redditchadvertiser.co.uk/news/national/25448697.police-nepal-open-fire-anti-government-protesters-killing-17/,2025-09-08 14:45:00,English,Nepal,"Police in Nepal open fire on anti - government protesters , killing 17","Police in Nepal open fire on anti - government protesters , killing 17",redditchadvertiser.co.uk,existing_raw_gdelt,"Nepal (""Gen Z"" OR GenZ) (protest OR corruption OR youth OR students)",excluded,published_at_or_seen_at_is_at_or_after_2025-09-08T00:00:00
external_excluded_f075b71c2b8612d3,GDELT,gdelt_doc,eastlothiancourier.com,news_index,https://www.eastlothiancourier.com/news/national/25448697.police-nepal-open-fire-anti-government-protesters-killing-17/,2025-09-08 14:45:00,English,Nepal,"Police in Nepal open fire on anti - government protesters , killing 17","Police in Nepal open fire on anti - government protesters , killing 17",eastlothiancourier.com,existing_raw_gdelt,"Nepal (""Gen Z"" OR GenZ) (protest OR corruption OR youth OR students)",excluded,published_at_or_seen_at_is_at_or_after_2025-09-08T00:00:00
external_excluded_36c0e74a4ea2c8cd,GDELT,gdelt_doc,leaderlive.co.uk,news_index,https://www.leaderlive.co.uk/news/national/25448697.police-nepal-open-fire-anti-government-protesters-killing-17/,2025-09-08 14:45:00,English,Nepal,"Police in Nepal open fire on anti - government protesters , killing 17","Police in Nepal open fire on anti - government protesters , killing 17",leaderlive.co.uk,existing_raw_gdelt,"Nepal (""Gen Z"" OR GenZ) (protest OR corruption OR youth OR students)",excluded,published_at_or_seen_at_is_at_or_after_2025-09-08T00:00:00
external_excluded_2cf2305c70b3deff,GDELT,gdelt_doc,cotswoldjournal.co.uk,news_index,https://www.cotswoldjournal.co.uk/news/national/25448697.police-nepal-open-fire-anti-government-protesters-killing-17/,2025-09-08 14:45:00,English,Nepal,"Police in Nepal open fire on anti - government protesters , killing 17","Police in Nepal open fire on anti - government protesters , killing 17",cotswoldjournal.co.uk,existing_raw_gdelt,"Nepal (""Gen Z"" OR GenZ) (protest OR corruption OR youth OR students)",excluded,published_at_or_seen_at_is_at_or_after_2025-09-08T00:00:00
external_excluded_8c9d545f2bdf3cd1,GDELT,gdelt_doc,countypress.co.uk,news_index,https://www.countypress.co.uk/news/national/25448697.police-nepal-open-fire-anti-government-protesters-killing-17/,2025-09-08 14:30:00,English,Nepal,"Police in Nepal open fire on anti - government protesters , killing 17","Police in Nepal open fire on anti - government protesters , killing 17",countypress.co.uk,existing_raw_gdelt,"Nepal (""Gen Z"" OR GenZ) (protest OR corruption OR youth OR students)",excluded,published_at_or_seen_at_is_at_or_after_2025-09-08T00:00:00
external_excluded_b5f712f0de8ff2ab,GDELT,gdelt_doc,nepalnational.com,news_index,http://www.nepalnational.com/news/278560493/police-are-firing-on-the-people-anti-corruption-protests-being-suppressed-says-kathmandu-protester,2025-09-08 14:30:00,English,Nepal,"Police are firing on the people , anti - corruption protests being suppressed , says Kathmandu protester","Police are firing on the people , anti - corruption protests being suppressed , says Kathmandu protester",nepalnational.com,existing_raw_gdelt,"Nepal (""Gen Z"" OR GenZ) (protest OR corruption OR youth OR students)",excluded,published_at_or_seen_at_is_at_or_after_2025-09-08T00:00:00
external_excluded_646352b12ce99e63,GDELT,gdelt_doc,ealingtimes.co.uk,news_index,https://www.ealingtimes.co.uk/news/national/25448697.police-nepal-open-fire-anti-government-protesters-killing-17/,2025-09-08 14:15:00,English,Nepal,"Police in Nepal open fire on anti - government protesters , killing 17","Police in Nepal open fire on anti - government protesters , killing 17",ealingtimes.co.uk,existing_raw_gdelt,"Nepal (""Gen Z"" OR GenZ) (protest OR corruption OR youth OR students)",excluded,published_at_or_seen_at_is_at_or_after_2025-09-08T00:00:00
external_excluded_dbdbd9fc8036612a,GDELT,gdelt_doc,marketscreener.com,news_index,https://www.marketscreener.com/news/why-is-nepal-s-gen-z-protesting-ce7d59dede8df22d,2025-09-08 14:15:00,English,Nepal,Why is Nepal Gen Z protesting ?,Why is Nepal Gen Z protesting ?,marketscreener.com,existing_raw_gdelt,"Nepal (""Gen Z"" OR GenZ) (protest OR corruption OR youth OR students)",excluded,published_at_or_seen_at_is_at_or_after_2025-09-08T00:00:00
external_excluded_95eaa7362842eb73,GDELT,gdelt_doc,news.webindia123.com,news_index,https://news.webindia123.com/news/Articles/World/20250908/4358931.html,2025-09-08 14:15:00,English,Nepal,14 dead as protests turn violent in Nepal over social media ban,14 dead as protests turn violent in Nepal over social media ban,news.webindia123.com,existing_raw_gdelt,"Nepal (""Gen Z"" OR GenZ) (protest OR corruption OR youth OR students)",excluded,published_at_or_seen_at_is_at_or_after_2025-09-08T00:00:00
external_excluded_26ba38b9ea314146,GDELT,gdelt_doc,sloughobserver.co.uk,news_index,https://www.sloughobserver.co.uk/news/national/25448697.police-nepal-open-fire-anti-government-protesters-killing-17/,2025-09-08 14:15:00,English,Nepal,"Police in Nepal open fire on anti - government protesters , killing 17","Police in Nepal open fire on anti - government protesters , killing 17",sloughobserver.co.uk,existing_raw_gdelt,"Nepal (""Gen Z"" OR GenZ) (protest OR corruption OR youth OR students)",excluded,published_at_or_seen_at_is_at_or_after_2025-09-08T00:00:00
external_excluded_533c2b8737373ec8,GDELT,gdelt_doc,wzzm13.com,news_index,https://www.wzzm13.com/article/news/nation-world/police-in-nepal-kill-10-protesters/507-b1d37c44-748e-4d24-8c08-7406c073d13a,2025-09-08 14:15:00,English,Nepal,"Police in Kathmandu open fire on social media ban protesters , killing 10","Police in Kathmandu open fire on social media ban protesters , killing 10",wzzm13.com,existing_raw_gdelt,"Nepal (""Gen Z"" OR GenZ) (protest OR corruption OR youth OR students)",excluded,published_at_or_seen_at_is_at_or_after_2025-09-08T00:00:00
external_excluded_576e8dfbb8603471,GDELT,gdelt_doc,witneygazette.co.uk,news_index,https://www.witneygazette.co.uk/news/national/25448697.police-nepal-open-fire-anti-government-protesters-killing-17/,2025-09-08 14:15:00,English,Nepal,"Police in Nepal open fire on anti - government protesters , killing 17","Police in Nepal open fire on anti - government protesters , killing 17",witneygazette.co.uk,existing_raw_gdelt,"Nepal (""Gen Z"" OR GenZ) (protest OR corruption OR youth OR students)",excluded,published_at_or_seen_at_is_at_or_after_2025-09-08T00:00:00
external_excluded_716ccf6b0b8fde71,GDELT,gdelt_doc,orissapost.com,news_index,https://www.orissapost.com/nepal-social-media-ban-sparks-clash-14-dead-army-deployed/,2025-09-08 14:15:00,English,Nepal,"Nepal social media ban sparks clash : 14 dead , army deployed","Nepal social media ban sparks clash : 14 dead , army deployed",orissapost.com,existing_raw_gdelt,"Nepal (""Gen Z"" OR GenZ) (protest OR corruption OR youth OR students)",excluded,published_at_or_seen_at_is_at_or_after_2025-09-08T00:00:00
external_excluded_c540bf504fd9e405,GDELT,gdelt_doc,eadt.co.uk,news_index,https://www.eadt.co.uk/news/national/25448697.police-nepal-open-fire-anti-government-protesters-killing-17/,2025-09-08 14:15:00,English,Nepal,"Police in Nepal open fire on anti - government protesters , killing 17","Police in Nepal open fire on anti - government protesters , killing 17",eadt.co.uk,existing_raw_gdelt,"Nepal (""Gen Z"" OR GenZ) (protest OR corruption OR youth OR students)",excluded,published_at_or_seen_at_is_at_or_after_2025-09-08T00:00:00
external_excluded_6c0e326f9708d757,GDELT,gdelt_doc,richmondandtwickenhamtimes.co.uk,news_index,https://www.richmondandtwickenhamtimes.co.uk/news/national/25448697.police-nepal-open-fire-anti-government-protesters-killing-17/,2025-09-08 14:15:00,English,Nepal,"Police in Nepal open fire on anti - government protesters , killing 17","Police in Nepal open fire on anti - government protesters , killing 17",richmondandtwickenhamtimes.co.uk,existing_raw_gdelt,"Nepal (""Gen Z"" OR GenZ) (protest OR corruption OR youth OR students)",excluded,published_at_or_seen_at_is_at_or_after_2025-09-08T00:00:00
external_excluded_9d454e51afc375c2,GDELT,gdelt_doc,bridgwatermercury.co.uk,news_index,https://www.bridgwatermercury.co.uk/news/national/25448697.police-nepal-open-fire-anti-government-protesters-killing-17/,2025-09-08 14:15:00,English,Nepal,"Police in Nepal open fire on anti - government protesters , killing 17","Police in Nepal open fire on anti - government protesters , killing 17",bridgwatermercury.co.uk,existing_raw_gdelt,"Nepal (""Gen Z"" OR GenZ) (protest OR corruption OR youth OR students)",excluded,published_at_or_seen_at_is_at_or_after_2025-09-08T00:00:00
external_excluded_815974ae41646660,GDELT,gdelt_doc,warringtonguardian.co.uk,news_index,https://www.warringtonguardian.co.uk/news/national/25448697.police-nepal-open-fire-anti-government-protesters-killing-17/,2025-09-08 14:15:00,English,Nepal,"Police in Nepal open fire on anti - government protesters , killing 17","Police in Nepal open fire on anti - government protesters , killing 17",warringtonguardian.co.uk,existing_raw_gdelt,"Nepal (""Gen Z"" OR GenZ) (protest OR corruption OR youth OR students)",excluded,published_at_or_seen_at_is_at_or_after_2025-09-08T00:00:00
external_excluded_fbe66ece8087e086,GDELT,gdelt_doc,indianexpress.com,news_index,https://indianexpress.com/article/india/express-catch-up-5-stories-you-must-read-today-september-8-10237758/,2025-09-08 14:15:00,English,Nepal,"5 stories you must read today , September 8 : From SC asking EC to consider Aadhaar for SIR to Jerusalem shooting and more","5 stories you must read today , September 8 : From SC asking EC to consider Aadhaar for SIR to Jerusalem shooting and more",indianexpress.com,existing_raw_gdelt,"Nepal (""Gen Z"" OR GenZ) (protest OR corruption OR youth OR students)",excluded,published_at_or_seen_at_is_at_or_after_2025-09-08T00:00:00
external_excluded_e439d8fd7ded16f9,GDELT,gdelt_doc,bracknellnews.co.uk,news_index,https://www.bracknellnews.co.uk/news/national/25448697.police-nepal-open-fire-anti-government-protesters-killing-17/,2025-09-08 14:15:00,English,Nepal,"Police in Nepal open fire on anti - government protesters , killing 17","Police in Nepal open fire on anti - government protesters , killing 17",bracknellnews.co.uk,existing_raw_gdelt,"Nepal (""Gen Z"" OR GenZ) (protest OR corruption OR youth OR students)",excluded,published_at_or_seen_at_is_at_or_after_2025-09-08T00:00:00
external_excluded_1bc6a0361dc0e7bd,GDELT,gdelt_doc,organiser.org,news_index,https://organiser.org/2025/09/08/314797/world/nepal-boils-in-violent-protest-gen-z-flood-to-streets-opposing-corruption-and-social-media-ban-16-protestors-dies/,2025-09-08 14:15:00,English,Nepal,Gen Z Protest in Nepal over Social Media Ban,Gen Z Protest in Nepal over Social Media Ban,organiser.org,existing_raw_gdelt,"Nepal (""Gen Z"" OR GenZ) (protest OR corruption OR youth OR students)",excluded,published_at_or_seen_at_is_at_or_after_2025-09-08T00:00:00
external_excluded_116511a4ac528fc9,GDELT,gdelt_doc,bournemouthecho.co.uk,news_index,https://www.bournemouthecho.co.uk/news/national/25448697.police-nepal-open-fire-anti-government-protesters-killing-17/,2025-09-08 14:15:00,English,Nepal,"Police in Nepal open fire on anti - government protesters , killing 17","Police in Nepal open fire on anti - government protesters , killing 17",bournemouthecho.co.uk,existing_raw_gdelt,"Nepal (""Gen Z"" OR GenZ) (protest OR corruption OR youth OR students)",excluded,published_at_or_seen_at_is_at_or_after_2025-09-08T00:00:00
external_excluded_3b613f56e148d1e6,GDELT,gdelt_doc,thewestonmercury.co.uk,news_index,https://www.thewestonmercury.co.uk/news/national/25448697.police-nepal-open-fire-anti-government-protesters-killing-17/,2025-09-08 14:15:00,English,Nepal,"Police in Nepal open fire on anti - government protesters , killing 17","Police in Nepal open fire on anti - government protesters , killing 17",thewestonmercury.co.uk,existing_raw_gdelt,"Nepal (""Gen Z"" OR GenZ) (protest OR corruption OR youth OR students)",excluded,published_at_or_seen_at_is_at_or_after_2025-09-08T00:00:00
external_excluded_f5ee281108191727,GDELT,gdelt_doc,kiiitv.com,news_index,https://www.kiiitv.com/article/news/nation-world/police-in-nepal-kill-10-protesters/507-b1d37c44-748e-4d24-8c08-7406c073d13a,2025-09-08 14:15:00,English,Nepal,"Police in Kathmandu open fire on social media ban protesters , killing 10","Police in Kathmandu open fire on social media ban protesters , killing 10",kiiitv.com,existing_raw_gdelt,"Nepal (""Gen Z"" OR GenZ) (protest OR corruption OR youth OR students)",excluded,published_at_or_seen_at_is_at_or_after_2025-09-08T00:00:00
external_excluded_697de0733694df43,GDELT,gdelt_doc,economictimes.indiatimes.com,news_index,https://economictimes.indiatimes.com/news/new-updates/nepal-bans-26-social-media-platforms-full-list-from-facebook-instagram-whatsapp-to-youtube/articleshow/123766916.cms,2025-09-08 14:00:00,English,Nepal,"Nepal bans 26 social media platforms : Full list from Facebook , Instagram , WhatsApp to YouTube","Nepal bans 26 social media platforms : Full list from Facebook , Instagram , WhatsApp to YouTube",economictimes.indiatimes.com,existing_raw_gdelt,"Nepal (""Gen Z"" OR GenZ) (protest OR corruption OR youth OR students)",excluded,published_at_or_seen_at_is_at_or_after_2025-09-08T00:00:00
external_excluded_fd51a7ca03fbeeca,GDELT,gdelt_doc,jagonews24.com,news_index,https://www.jagonews24.com/en/international/news/85434,2025-09-08 14:00:00,English,Nepal,19 killed in Gen Z protests across Nepal as police open fire,19 killed in Gen Z protests across Nepal as police open fire,jagonews24.com,existing_raw_gdelt,"Nepal (""Gen Z"" OR GenZ) (protest OR corruption OR youth OR students)",excluded,published_at_or_seen_at_is_at_or_after_2025-09-08T00:00:00
external_excluded_45139512b20d31f7,GDELT,gdelt_doc,whtimes.co.uk,news_index,https://www.whtimes.co.uk/news/national/25448697.police-nepal-open-fire-anti-government-protesters-killing-17/,2025-09-08 14:00:00,English,Nepal,"Police in Nepal open fire on anti - government protesters , killing 17","Police in Nepal open fire on anti - government protesters , killing 17",whtimes.co.uk,existing_raw_gdelt,"Nepal (""Gen Z"" OR GenZ) (protest OR corruption OR youth OR students)",excluded,published_at_or_seen_at_is_at_or_after_2025-09-08T00:00:00
external_excluded_b75118ed35db79d8,GDELT,gdelt_doc,barryanddistrictnews.co.uk,news_index,https://www.barryanddistrictnews.co.uk/news/national/25448697.police-nepal-open-fire-anti-government-protesters-killing-17/,2025-09-08 14:00:00,English,Nepal,"Police in Nepal open fire on anti - government protesters , killing 17","Police in Nepal open fire on anti - government protesters , killing 17",barryanddistrictnews.co.uk,existing_raw_gdelt,"Nepal (""Gen Z"" OR GenZ) (protest OR corruption OR youth OR students)",excluded,published_at_or_seen_at_is_at_or_after_2025-09-08T00:00:00
external_excluded_a6c5dc47ad2e3fbd,GDELT,gdelt_doc,halsteadgazette.co.uk,news_index,https://www.halsteadgazette.co.uk/news/national/25448697.police-nepal-open-fire-anti-government-protesters-killing-17/,2025-09-08 14:00:00,English,Nepal,"Police in Nepal open fire on anti - government protesters , killing 17","Police in Nepal open fire on anti - government protesters , killing 17",halsteadgazette.co.uk,existing_raw_gdelt,"Nepal (""Gen Z"" OR GenZ) (protest OR corruption OR youth OR students)",excluded,published_at_or_seen_at_is_at_or_after_2025-09-08T00:00:00
external_excluded_4989698e3ca0900d,GDELT,gdelt_doc,asia.nikkei.com,news_index,https://asia.nikkei.com/politics/14-killed-in-nepal-in-gen-z-protest-over-social-media-ban,2025-09-08 14:00:00,English,Nepal,14 killed in Nepal in Gen Z protest over social media ban,14 killed in Nepal in Gen Z protest over social media ban,asia.nikkei.com,existing_raw_gdelt,"Nepal (""Gen Z"" OR GenZ) (protest OR corruption OR youth OR students)",excluded,published_at_or_seen_at_is_at_or_after_2025-09-08T00:00:00
external_excluded_72f6af52ea9d2f4a,GDELT,gdelt_doc,queanbeyanage.com.au,news_index,https://www.queanbeyanage.com.au/story/9061153/police-in-nepal-open-fire-on-protesters-killing-11/,2025-09-08 14:00:00,English,Nepal,"Police in Nepal open fire on protesters , killing 11","Police in Nepal open fire on protesters , killing 11",queanbeyanage.com.au,existing_raw_gdelt,"Nepal (""Gen Z"" OR GenZ) (protest OR corruption OR youth OR students)",excluded,published_at_or_seen_at_is_at_or_after_2025-09-08T00:00:00
external_excluded_2f5fc076d884ff04,GDELT,gdelt_doc,cnn.com,news_index,https://www.cnn.com/2025/09/08/asia/nepal-social-media-ban-protesters-killed-intl,2025-09-08 14:00:00,English,Nepal,"Nepal social media ban : Police open fire on protesters outside parliament , killing 17","Nepal social media ban : Police open fire on protesters outside parliament , killing 17",cnn.com,existing_raw_gdelt,"Nepal (""Gen Z"" OR GenZ) (protest OR corruption OR youth OR students)",excluded,published_at_or_seen_at_is_at_or_after_2025-09-08T00:00:00
external_excluded_f1860ed379695cf3,GDELT,gdelt_doc,burnhamandhighbridgeweeklynews.co.uk,news_index,https://www.burnhamandhighbridgeweeklynews.co.uk/news/national/25448697.police-nepal-open-fire-anti-government-protesters-killing-17/,2025-09-08 14:00:00,English,Nepal,"Police in Nepal open fire on anti - government protesters , killing 17","Police in Nepal open fire on anti - government protesters , killing 17",burnhamandhighbridgeweeklynews.co.uk,existing_raw_gdelt,"Nepal (""Gen Z"" OR GenZ) (protest OR corruption OR youth OR students)",excluded,published_at_or_seen_at_is_at_or_after_2025-09-08T00:00:00
external_excluded_7b54f412ed2490f8,GDELT,gdelt_doc,readingchronicle.co.uk,news_index,https://www.readingchronicle.co.uk/news/national/25448697.police-nepal-open-fire-anti-government-protesters-killing-17/,2025-09-08 14:00:00,English,Nepal,"Police in Nepal open fire on anti - government protesters , killing 17","Police in Nepal open fire on anti - government protesters , killing 17",readingchronicle.co.uk,existing_raw_gdelt,"Nepal (""Gen Z"" OR GenZ) (protest OR corruption OR youth OR students)",excluded,published_at_or_seen_at_is_at_or_after_2025-09-08T00:00:00
external_excluded_636b9dd9285b8a29,GDELT,gdelt_doc,goskagit.com,news_index,https://www.goskagit.com/news/world/nepal-police-shoot-and-kill-at-least-17-people-protesting-a-social-media-ban/article_cb8d5bba-cc52-5bb8-8c3a-55ccf430b549.html,2025-09-08 14:00:00,English,Nepal,Nepal police shoot and kill at least 17 people protesting a social media ban,Nepal police shoot and kill at least 17 people protesting a social media ban,goskagit.com,existing_raw_gdelt,"Nepal (""Gen Z"" OR GenZ) (protest OR corruption OR youth OR students)",excluded,published_at_or_seen_at_is_at_or_after_2025-09-08T00:00:00
external_excluded_a7e2307e8df886f8,GDELT,gdelt_doc,burytimes.co.uk,news_index,https://www.burytimes.co.uk/news/national/25448697.police-nepal-open-fire-anti-government-protesters-killing-17/,2025-09-08 14:00:00,English,Nepal,"Police in Nepal open fire on anti - government protesters , killing 17","Police in Nepal open fire on anti - government protesters , killing 17",burytimes.co.uk,existing_raw_gdelt,"Nepal (""Gen Z"" OR GenZ) (protest OR corruption OR youth OR students)",excluded,published_at_or_seen_at_is_at_or_after_2025-09-08T00:00:00
external_excluded_fc224be53a2a9f44,GDELT,gdelt_doc,bridportnews.co.uk,news_index,https://www.bridportnews.co.uk/news/national/25448697.police-nepal-open-fire-anti-government-protesters-killing-17/,2025-09-08 14:00:00,English,Nepal,"Police in Nepal open fire on anti - government protesters , killing 17","Police in Nepal open fire on anti - government protesters , killing 17",bridportnews.co.uk,existing_raw_gdelt,"Nepal (""Gen Z"" OR GenZ) (protest OR corruption OR youth OR students)",excluded,published_at_or_seen_at_is_at_or_after_2025-09-08T00:00:00
external_excluded_ba1ba7be71a54422,GDELT,gdelt_doc,kagstv.com,news_index,https://www.kagstv.com/article/news/nation-world/police-in-nepal-kill-10-protesters/507-b1d37c44-748e-4d24-8c08-7406c073d13a,2025-09-08 14:00:00,English,Nepal,"Police in Kathmandu open fire on social media ban protesters , killing 10","Police in Kathmandu open fire on social media ban protesters , killing 10",kagstv.com,existing_raw_gdelt,"Nepal (""Gen Z"" OR GenZ) (protest OR corruption OR youth OR students)",excluded,published_at_or_seen_at_is_at_or_after_2025-09-08T00:00:00
external_excluded_81f9a56fe6963b7b,GDELT,gdelt_doc,thv11.com,news_index,https://www.thv11.com/article/news/nation-world/police-in-nepal-kill-10-protesters/507-b1d37c44-748e-4d24-8c08-7406c073d13a,2025-09-08 14:00:00,English,Nepal,"Police in Kathmandu open fire on social media ban protesters , killing 10","Police in Kathmandu open fire on social media ban protesters , killing 10",thv11.com,existing_raw_gdelt,"Nepal (""Gen Z"" OR GenZ) (protest OR corruption OR youth OR students)",excluded,published_at_or_seen_at_is_at_or_after_2025-09-08T00:00:00
external_excluded_368deddd4815199b,GDELT,gdelt_doc,eveshamjournal.co.uk,news_index,https://www.eveshamjournal.co.uk/news/national/25448697.police-nepal-open-fire-anti-government-protesters-killing-17/,2025-09-08 14:00:00,English,Nepal,"Police in Nepal open fire on anti - government protesters , killing 17","Police in Nepal open fire on anti - government protesters , killing 17",eveshamjournal.co.uk,existing_raw_gdelt,"Nepal (""Gen Z"" OR GenZ) (protest OR corruption OR youth OR students)",excluded,published_at_or_seen_at_is_at_or_after_2025-09-08T00:00:00
external_excluded_02e3e384950a24d5,GDELT,gdelt_doc,timesofindia.indiatimes.com,news_index,https://timesofindia.indiatimes.com/world/south-asia/nepal-clashes-demonstrators-were-planning-to-hold-peaceful-protest-police-shot-friend-in-the-head/articleshow/123767141.cms,2025-09-08 14:00:00,English,Nepal,Nepal clashes : Demonstrators were planning to hold peaceful protest ; police shot friend in the head,Nepal clashes : Demonstrators were planning to hold peaceful protest ; police shot friend in the head,timesofindia.indiatimes.com,existing_raw_gdelt,"Nepal (""Gen Z"" OR GenZ) (protest OR corruption OR youth OR students)",excluded,published_at_or_seen_at_is_at_or_after_2025-09-08T00:00:00
external_excluded_4f8c65064e9b9a06,GDELT,gdelt_doc,tivysideadvertiser.co.uk,news_index,https://www.tivysideadvertiser.co.uk/news/national/25448697.police-nepal-open-fire-anti-government-protesters-killing-17/,2025-09-08 14:00:00,English,Nepal,"Police in Nepal open fire on anti - government protesters , killing 17","Police in Nepal open fire on anti - government protesters , killing 17",tivysideadvertiser.co.uk,existing_raw_gdelt,"Nepal (""Gen Z"" OR GenZ) (protest OR corruption OR youth OR students)",excluded,published_at_or_seen_at_is_at_or_after_2025-09-08T00:00:00
external_excluded_014dcfbd5cfb3e5a,GDELT,gdelt_doc,cbsnews.com,news_index,https://www.cbsnews.com/news/police-nepal-open-fire-protesters-outside-parliament-killing-least-14/,2025-09-08 13:45:00,English,Nepal,"Nepal police fire on people protesting against social media restrictions , reportedly killing at least 14","Nepal police fire on people protesting against social media restrictions , reportedly killing at least 14",cbsnews.com,existing_raw_gdelt,"Nepal (""Gen Z"" OR GenZ) (protest OR corruption OR youth OR students)",excluded,published_at_or_seen_at_is_at_or_after_2025-09-08T00:00:00
external_excluded_6cf060336af1e26c,GDELT,gdelt_doc,12newsnow.com,news_index,https://www.12newsnow.com/article/news/nation-world/police-in-nepal-kill-10-protesters/507-b1d37c44-748e-4d24-8c08-7406c073d13a,2025-09-08 13:45:00,English,Nepal,"Police in Kathmandu open fire on social media ban protesters , killing 10","Police in Kathmandu open fire on social media ban protesters , killing 10",12newsnow.com,existing_raw_gdelt,"Nepal (""Gen Z"" OR GenZ) (protest OR corruption OR youth OR students)",excluded,published_at_or_seen_at_is_at_or_after_2025-09-08T00:00:00
external_excluded_efb4bf5cc37e7d93,GDELT,gdelt_doc,thetimes.com,news_index,https://www.thetimes.com/world/asia/article/nepal-protests-news-gen-z-social-media-tvn65rg6b,2025-09-08 13:30:00,English,Nepal,Nepal protests : 16 dead in Gen Z riots over social media ban,Nepal protests : 16 dead in Gen Z riots over social media ban,thetimes.com,existing_raw_gdelt,"Nepal (""Gen Z"" OR GenZ) (protest OR corruption OR youth OR students)",excluded,published_at_or_seen_at_is_at_or_after_2025-09-08T00:00:00
external_excluded_ae5f7f2cefb1cb49,GDELT,gdelt_doc,indianexpress.com,news_index,https://indianexpress.com/article/world/nepal-gen-z-protest-what-triggered-the-deadly-protests-in-nepal-key-questions-answered-in-8-points-10237715/,2025-09-08 13:30:00,English,Nepal,What triggered the deadly protests in Nepal ? Key questions answered in 10 points,What triggered the deadly protests in Nepal ? Key questions answered in 10 points,indianexpress.com,existing_raw_gdelt,"Nepal (""Gen Z"" OR GenZ) (protest OR corruption OR youth OR students)",excluded,published_at_or_seen_at_is_at_or_after_2025-09-08T00:00:00
external_excluded_28f54d0d53dbb479,GDELT,gdelt_doc,grenadachronicle.com,news_index,https://grenadachronicle.com/six-killed-in-nepal-amid-gen-z-protests-after-social-media-ban-all-to-know/,2025-09-08 13:30:00,English,Nepal,"Six killed in Nepal amid Gen Z protests after social media ban : All to know - Grenada Chronicle – Daily Grenada & Caribbean News , Culture & Business","Six killed in Nepal amid Gen Z protests after social media ban : All to know - Grenada Chronicle – Daily Grenada & Caribbean News , Culture & Business",grenadachronicle.com,existing_raw_gdelt,"Nepal (""Gen Z"" OR GenZ) (protest OR corruption OR youth OR students)",excluded,published_at_or_seen_at_is_at_or_after_2025-09-08T00:00:00
external_excluded_c674f6d0e14efb6c,GDELT,gdelt_doc,yahoo.com,news_index,https://www.yahoo.com/news/articles/least-14-reportedly-killed-amid-121127556.html,2025-09-08 13:15:00,English,Nepal,At least 14 reportedly killed amid protest over Nepal social media ban,At least 14 reportedly killed amid protest over Nepal social media ban,yahoo.com,existing_raw_gdelt,"Nepal (""Gen Z"" OR GenZ) (protest OR corruption OR youth OR students)",excluded,published_at_or_seen_at_is_at_or_after_2025-09-08T00:00:00
external_excluded_51726538471694d6,GDELT,gdelt_doc,12news.com,news_index,https://www.12news.com/article/news/nation-world/police-in-nepal-kill-10-protesters/507-b1d37c44-748e-4d24-8c08-7406c073d13a,2025-09-08 13:15:00,English,Nepal,"Police in Kathmandu open fire on social media ban protesters , killing 10","Police in Kathmandu open fire on social media ban protesters , killing 10",12news.com,existing_raw_gdelt,"Nepal (""Gen Z"" OR GenZ) (protest OR corruption OR youth OR students)",excluded,published_at_or_seen_at_is_at_or_after_2025-09-08T00:00:00
external_excluded_2a8f373abfdf423f,GDELT,gdelt_doc,kvue.com,news_index,https://www.kvue.com/article/news/nation-world/police-in-nepal-kill-10-protesters/507-b1d37c44-748e-4d24-8c08-7406c073d13a,2025-09-08 13:00:00,English,Nepal,"Police in Kathmandu open fire on social media ban protesters , killing 10","Police in Kathmandu open fire on social media ban protesters , killing 10",kvue.com,existing_raw_gdelt,"Nepal (""Gen Z"" OR GenZ) (protest OR corruption OR youth OR students)",excluded,published_at_or_seen_at_is_at_or_after_2025-09-08T00:00:00
external_excluded_a7ee1ec687cf1730,GDELT,gdelt_doc,sakshipost.com,news_index,https://www.sakshipost.com/news/international/nepal-gen-z-protests-why-government-banned-whatsapp-instagram-and-x-449810,2025-09-08 12:45:00,English,Nepal,"Nepal Gen Z Protests : Five Killed as Government Bans WhatsApp , Instagram , X","Nepal Gen Z Protests : Five Killed as Government Bans WhatsApp , Instagram , X",sakshipost.com,existing_raw_gdelt,"Nepal (""Gen Z"" OR GenZ) (protest OR corruption OR youth OR students)",excluded,published_at_or_seen_at_is_at_or_after_2025-09-08T00:00:00
external_excluded_b94b8607d06fc7bf,GDELT,gdelt_doc,thestatesman.com,news_index,https://www.thestatesman.com/world/massive-protests-in-nepal-over-social-media-ban-curfew-imposed-in-kathmandu-protestors-enter-parliament-premises-1503482975.html,2025-09-08 12:45:00,English,Nepal,14 dead in massive Nepal protests against social media ban ; PM Oli attends National Security Council meet in wake of demonstrations,14 dead in massive Nepal protests against social media ban ; PM Oli attends National Security Council meet in wake of demonstrations,thestatesman.com,existing_raw_gdelt,"Nepal (""Gen Z"" OR GenZ) (protest OR corruption OR youth OR students)",excluded,published_at_or_seen_at_is_at_or_after_2025-09-08T00:00:00
external_excluded_cf9b9ddf2b54a97e,GDELT,gdelt_doc,article.wn.com,news_index,https://article.wn.com/view/2025/09/08/Nepal_Protests_News_Live_14_People_Killed_During_Agitation_A/,2025-09-08 12:45:00,English,Nepal,Nepal Protests News Live : 14 People Killed During Agitation Against Social Media Ban,Nepal Protests News Live : 14 People Killed During Agitation Against Social Media Ban,article.wn.com,existing_raw_gdelt,"Nepal (""Gen Z"" OR GenZ) (protest OR corruption OR youth OR students)",excluded,published_at_or_seen_at_is_at_or_after_2025-09-08T00:00:00
external_excluded_eb0fbd576ca6b49f,GDELT,gdelt_doc,13newsnow.com,news_index,https://www.13newsnow.com/article/news/nation-world/police-in-nepal-kill-10-protesters/507-b1d37c44-748e-4d24-8c08-7406c073d13a,2025-09-08 12:45:00,English,Nepal,"Police in Kathmandu open fire on social media ban protesters , killing 10","Police in Kathmandu open fire on social media ban protesters , killing 10",13newsnow.com,existing_raw_gdelt,"Nepal (""Gen Z"" OR GenZ) (protest OR corruption OR youth OR students)",excluded,published_at_or_seen_at_is_at_or_after_2025-09-08T00:00:00
external_excluded_b6d088ee048e0155,GDELT,gdelt_doc,cp24.com,news_index,https://www.cp24.com/news/world/2025/09/08/police-in-nepal-open-fire-on-protesters-outside-parliament-killing-11/,2025-09-08 12:45:00,English,Nepal,Nepal police kill 11 people protesting social media ban,Nepal police kill 11 people protesting social media ban,cp24.com,existing_raw_gdelt,"Nepal (""Gen Z"" OR GenZ) (protest OR corruption OR youth OR students)",excluded,published_at_or_seen_at_is_at_or_after_2025-09-08T00:00:00
external_excluded_7096335915f8b240,GDELT,gdelt_doc,goulburnpost.com.au,news_index,https://www.goulburnpost.com.au/story/9061153/police-in-nepal-open-fire-on-protesters-killing-eight/,2025-09-08 12:00:00,English,Nepal,"Police in Nepal open fire on protesters , killing eight","Police in Nepal open fire on protesters , killing eight",goulburnpost.com.au,existing_raw_gdelt,"Nepal (""Gen Z"" OR GenZ) (protest OR corruption OR youth OR students)",excluded,published_at_or_seen_at_is_at_or_after_2025-09-08T00:00:00
external_excluded_68579e8aedd62285,GDELT,gdelt_doc,newsx.com,news_index,https://www.newsx.com/world/two-gen-z-protesters-killed-as-police-stop-demonstrators-breaking-into-nepal-parliament-amid-social-media-ban20250908151719-61920/,2025-09-08 12:00:00,English,Nepal,Two Gen Z protesters killed as police stop demonstrators from breaking into Nepal Parliament amid social media ban,Two Gen Z protesters killed as police stop demonstrators from breaking into Nepal Parliament amid social media ban,newsx.com,existing_raw_gdelt,"Nepal (""Gen Z"" OR GenZ) (protest OR corruption OR youth OR students)",excluded,published_at_or_seen_at_is_at_or_after_2025-09-08T00:00:00
external_excluded_b63e715002606fd1,GDELT,gdelt_doc,smdailyjournal.com,news_index,https://www.smdailyjournal.com/business/police-in-nepal-open-fire-on-protesters-outside-parliament-killing-10/article_0c3c0f8c-23bf-5ef2-b4ff-54f375125e8c.html,2025-09-08 12:00:00,English,Nepal,"Police in Nepal open fire on protesters outside parliament , killing 10","Police in Nepal open fire on protesters outside parliament , killing 10",smdailyjournal.com,existing_raw_gdelt,"Nepal (""Gen Z"" OR GenZ) (protest OR corruption OR youth OR students)",excluded,published_at_or_seen_at_is_at_or_after_2025-09-08T00:00:00
external_excluded_76beb427c48a3fc8,GDELT,gdelt_doc,11alive.com,news_index,https://www.11alive.com/article/news/nation-world/police-in-nepal-kill-10-protesters/507-b1d37c44-748e-4d24-8c08-7406c073d13a,2025-09-08 12:00:00,English,Nepal,"Police in Kathmandu open fire on social media ban protesters , killing 10","Police in Kathmandu open fire on social media ban protesters , killing 10",11alive.com,existing_raw_gdelt,"Nepal (""Gen Z"" OR GenZ) (protest OR corruption OR youth OR students)",excluded,published_at_or_seen_at_is_at_or_after_2025-09-08T00:00:00
external_excluded_9fa18bf8be383732,GDELT,gdelt_doc,belfasttelegraph.co.uk,news_index,https://www.belfasttelegraph.co.uk/news/world-news/police-in-nepal-open-fire-on-anti-government-protesters-killing-eight/a1658582440.html,2025-09-08 11:45:00,English,Nepal,"Police in Nepal open fire on anti - government protesters , killing eight","Police in Nepal open fire on anti - government protesters , killing eight",belfasttelegraph.co.uk,existing_raw_gdelt,"Nepal (""Gen Z"" OR GenZ) (protest OR corruption OR youth OR students)",excluded,published_at_or_seen_at_is_at_or_after_2025-09-08T00:00:00
external_excluded_48fd4018ecbef7f7,GDELT,gdelt_doc,krem.com,news_index,https://www.krem.com/article/news/nation-world/police-in-nepal-kill-10-protesters/507-b1d37c44-748e-4d24-8c08-7406c073d13a,2025-09-08 11:45:00,English,Nepal,"Police in Kathmandu open fire on social media ban protesters , killing 10","Police in Kathmandu open fire on social media ban protesters , killing 10",krem.com,existing_raw_gdelt,"Nepal (""Gen Z"" OR GenZ) (protest OR corruption OR youth OR students)",excluded,published_at_or_seen_at_is_at_or_after_2025-09-08T00:00:00
external_excluded_d6714e7d7cab9bf7,GDELT,gdelt_doc,yahoo.com,news_index,https://www.yahoo.com/news/articles/six-killed-nepal-amid-gen-111451354.html,2025-09-08 11:45:00,English,Nepal,Six killed in Nepal amid Gen Z protests after social media ban : All to know,Six killed in Nepal amid Gen Z protests after social media ban : All to know,yahoo.com,existing_raw_gdelt,"Nepal (""Gen Z"" OR GenZ) (protest OR corruption OR youth OR students)",excluded,published_at_or_seen_at_is_at_or_after_2025-09-08T00:00:00
external_excluded_346a18fd3bec16b9,GDELT,gdelt_doc,indiablooms.com,news_index,https://www.indiablooms.com/world/nepal-gen-zs-lead-protests-on-streets-against-social-media-ban-clash-with-police/details,2025-09-08 11:45:00,English,Nepal,"Nepal Gen - Zs lead protests on streets against social media ban , clash with police | Indiablooms - First Portal on Digital News Management","Nepal Gen - Zs lead protests on streets against social media ban , clash with police | Indiablooms - First Portal on Digital News Management",indiablooms.com,existing_raw_gdelt,"Nepal (""Gen Z"" OR GenZ) (protest OR corruption OR youth OR students)",excluded,published_at_or_seen_at_is_at_or_after_2025-09-08T00:00:00
external_excluded_096b6f18dea5a96e,GDELT,gdelt_doc,greenocktelegraph.co.uk,news_index,https://www.greenocktelegraph.co.uk/news/national/25448697.police-nepal-open-fire-anti-government-protesters-killing-eight/,2025-09-08 11:30:00,English,Nepal,"Police in Nepal open fire on anti - government protesters , killing eight","Police in Nepal open fire on anti - government protesters , killing eight",greenocktelegraph.co.uk,existing_raw_gdelt,"Nepal (""Gen Z"" OR GenZ) (protest OR corruption OR youth OR students)",excluded,published_at_or_seen_at_is_at_or_after_2025-09-08T00:00:00
external_excluded_bc0a19c7ce6511d9,GDELT,gdelt_doc,oxfordmail.co.uk,news_index,https://www.oxfordmail.co.uk/news/national/25448697.police-nepal-open-fire-anti-government-protesters-killing-eight/,2025-09-08 11:30:00,English,Nepal,"Police in Nepal open fire on anti - government protesters , killing eight","Police in Nepal open fire on anti - government protesters , killing eight",oxfordmail.co.uk,existing_raw_gdelt,"Nepal (""Gen Z"" OR GenZ) (protest OR corruption OR youth OR students)",excluded,published_at_or_seen_at_is_at_or_after_2025-09-08T00:00:00
external_excluded_a85a902dd18c10aa,GDELT,gdelt_doc,surreycomet.co.uk,news_index,https://www.surreycomet.co.uk/news/national/25448697.police-nepal-open-fire-anti-government-protesters-killing-eight/,2025-09-08 11:30:00,English,Nepal,"Police in Nepal open fire on anti - government protesters , killing eight","Police in Nepal open fire on anti - government protesters , killing eight",surreycomet.co.uk,existing_raw_gdelt,"Nepal (""Gen Z"" OR GenZ) (protest OR corruption OR youth OR students)",excluded,published_at_or_seen_at_is_at_or_after_2025-09-08T00:00:00
external_excluded_1102d07d3c15b746,GDELT,gdelt_doc,udayavani.com,news_index,https://udayavani.com/world-news/youth-take-to-the-streets-against-nepal-governments-ban-on-social-media-20250908T092145860Z,2025-09-08 11:30:00,English,Nepal,"Social Media ಬ್ಯಾನ್‌ ಮಾಡಿದ ನೇಪಾಳ ಸರ್ಕಾರದ ವಿರುದ್ಧ ರಸ್ತೆಗಿಳಿದ ಯುವ ಜನತೆ | Udayavani - Latest Kannada News , Udayavani Newspaper","Social Media ಬ್ಯಾನ್‌ ಮಾಡಿದ ನೇಪಾಳ ಸರ್ಕಾರದ ವಿರುದ್ಧ ರಸ್ತೆಗಿಳಿದ ಯುವ ಜನತೆ | Udayavani - Latest Kannada News , Udayavani Newspaper",udayavani.com,existing_raw_gdelt,"Nepal (""Gen Z"" OR GenZ) (protest OR corruption OR youth OR students)",excluded,published_at_or_seen_at_is_at_or_after_2025-09-08T00:00:00
external_excluded_b372900d946a1162,GDELT,gdelt_doc,canberratimes.com.au,news_index,https://www.canberratimes.com.au/story/9061153/police-in-nepal-open-fire-on-protesters-killing-eight/,2025-09-08 11:30:00,English,Nepal,"Police in Nepal open fire on protesters , killing eight","Police in Nepal open fire on protesters , killing eight",canberratimes.com.au,existing_raw_gdelt,"Nepal (""Gen Z"" OR GenZ) (protest OR corruption OR youth OR students)",excluded,published_at_or_seen_at_is_at_or_after_2025-09-08T00:00:00
external_excluded_7e0a001bc0936d3b,GDELT,gdelt_doc,bignewsnetwork.com,news_index,http://www.bignewsnetwork.com/news/278560390/nine-dead-curfew-imposed-in-parts-of-nepal-as-gen-z-protest-over-social-media-ban-turns-violent,2025-09-08 11:30:00,English,Nepal,"Nine dead , curfew imposed in parts of Nepal as Gen Z protest over social media ban turns violent","Nine dead , curfew imposed in parts of Nepal as Gen Z protest over social media ban turns violent",bignewsnetwork.com,existing_raw_gdelt,"Nepal (""Gen Z"" OR GenZ) (protest OR corruption OR youth OR students)",excluded,published_at_or_seen_at_is_at_or_after_2025-09-08T00:00:00
external_excluded_96a482de2a32f365,GDELT,gdelt_doc,easternriverinachronicle.com.au,news_index,https://www.easternriverinachronicle.com.au/story/9061153/clashes-as-protesters-in-nepal-surround-parliament/,2025-09-08 11:30:00,English,Nepal,"Police in Nepal open fire on protesters , killing eight","Police in Nepal open fire on protesters , killing eight",easternriverinachronicle.com.au,existing_raw_gdelt,"Nepal (""Gen Z"" OR GenZ) (protest OR corruption OR youth OR students)",excluded,published_at_or_seen_at_is_at_or_after_2025-09-08T00:00:00
external_excluded_ae56bb743c4416d8,GDELT,gdelt_doc,cravenherald.co.uk,news_index,https://www.cravenherald.co.uk/news/national/25448697.police-nepal-open-fire-anti-government-protesters-killing-eight/,2025-09-08 11:30:00,English,Nepal,"Police in Nepal open fire on anti - government protesters , killing eight","Police in Nepal open fire on anti - government protesters , killing eight",cravenherald.co.uk,existing_raw_gdelt,"Nepal (""Gen Z"" OR GenZ) (protest OR corruption OR youth OR students)",excluded,published_at_or_seen_at_is_at_or_after_2025-09-08T00:00:00
external_excluded_352c87085bf802d3,GDELT,gdelt_doc,news.webindia123.com,news_index,https://news.webindia123.com/news/Articles/World/20250908/4358802.html,2025-09-08 11:30:00,English,Nepal,Two Gen Z protesters killed as police stop demonstrators breaking into Nepal Parliament amid social media ban,Two Gen Z protesters killed as police stop demonstrators breaking into Nepal Parliament amid social media ban,news.webindia123.com,existing_raw_gdelt,"Nepal (""Gen Z"" OR GenZ) (protest OR corruption OR youth OR students)",excluded,published_at_or_seen_at_is_at_or_after_2025-09-08T00:00:00
external_excluded_28e6bc65aa904ce4,GDELT,gdelt_doc,tivysideadvertiser.co.uk,news_index,https://www.tivysideadvertiser.co.uk/news/national/25448697.police-nepal-open-fire-anti-government-protesters-killing-eight/,2025-09-08 11:30:00,English,Nepal,"Police in Nepal open fire on anti - government protesters , killing eight","Police in Nepal open fire on anti - government protesters , killing eight",tivysideadvertiser.co.uk,existing_raw_gdelt,"Nepal (""Gen Z"" OR GenZ) (protest OR corruption OR youth OR students)",excluded,published_at_or_seen_at_is_at_or_after_2025-09-08T00:00:00
external_excluded_0cf8909a8bc09e11,GDELT,gdelt_doc,hillingdontimes.co.uk,news_index,https://www.hillingdontimes.co.uk/news/national/25448697.police-nepal-open-fire-anti-government-protesters-killing-eight/,2025-09-08 11:30:00,English,Nepal,"Police in Nepal open fire on anti - government protesters , killing eight","Police in Nepal open fire on anti - government protesters , killing eight",hillingdontimes.co.uk,existing_raw_gdelt,"Nepal (""Gen Z"" OR GenZ) (protest OR corruption OR youth OR students)",excluded,published_at_or_seen_at_is_at_or_after_2025-09-08T00:00:00
external_excluded_5528dbb6757e9941,GDELT,gdelt_doc,morningsun.net,news_index,"http://www.morningsun.net/stories/protesters-in-nepal-surround-parliament-and-clash-with-police-as-government-blocks-social-media,243648",2025-09-08 11:15:00,English,Nepal,Protesters in Nepal surround parliament and clash with police as government blocks social media,Protesters in Nepal surround parliament and clash with police as government blocks social media,morningsun.net,existing_raw_gdelt,"Nepal (""Gen Z"" OR GenZ) (protest OR corruption OR youth OR students)",excluded,published_at_or_seen_at_is_at_or_after_2025-09-08T00:00:00
external_excluded_c9788f3217d71581,GDELT,gdelt_doc,calcuttanews.net,news_index,http://www.calcuttanews.net/news/278560337/two-gen-z-protesters-killed-as-police-stop-demonstrators-breaking-into-nepal-parliament-amidst-social-media-ban,2025-09-08 11:15:00,English,Nepal,Two Gen Z protesters killed as police stop demonstrators breaking into Nepal Parliament amidst social media ban,Two Gen Z protesters killed as police stop demonstrators breaking into Nepal Parliament amidst social media ban,calcuttanews.net,existing_raw_gdelt,"Nepal (""Gen Z"" OR GenZ) (protest OR corruption OR youth OR students)",excluded,published_at_or_seen_at_is_at_or_after_2025-09-08T00:00:00
external_excluded_bb3de627b376a227,GDELT,gdelt_doc,stourbridgenews.co.uk,news_index,https://www.stourbridgenews.co.uk/news/national/25448697.police-nepal-open-fire-anti-government-protesters-killing-eight/,2025-09-08 11:15:00,English,Nepal,"Police in Nepal open fire on anti - government protesters , killing eight","Police in Nepal open fire on anti - government protesters , killing eight",stourbridgenews.co.uk,existing_raw_gdelt,"Nepal (""Gen Z"" OR GenZ) (protest OR corruption OR youth OR students)",excluded,published_at_or_seen_at_is_at_or_after_2025-09-08T00:00:00
external_excluded_e366825e83fb09c5,GDELT,gdelt_doc,springfieldnewssun.com,news_index,https://www.springfieldnewssun.com/news/nation-world/protesters-in-nepal-surround-parliament-and-clash-with-police-as-government-blocks-social-media/ADXO6XW35FPJRK2A62NMSERSQY/,2025-09-08 11:00:00,English,Nepal,Protesters in Nepal surround parliament and clash with police as government blocks social media,Protesters in Nepal surround parliament and clash with police as government blocks social media,springfieldnewssun.com,existing_raw_gdelt,"Nepal (""Gen Z"" OR GenZ) (protest OR corruption OR youth OR students)",excluded,published_at_or_seen_at_is_at_or_after_2025-09-08T00:00:00
external_excluded_07f1e55269a2dfa5,GDELT,gdelt_doc,edenmagnet.com.au,news_index,https://www.edenmagnet.com.au/story/9061153/clashes-as-protesters-in-nepal-surround-parliament/,2025-09-08 11:00:00,English,Nepal,Clashes as protesters in Nepal surround parliament,Clashes as protesters in Nepal surround parliament,edenmagnet.com.au,existing_raw_gdelt,"Nepal (""Gen Z"" OR GenZ) (protest OR corruption OR youth OR students)",excluded,published_at_or_seen_at_is_at_or_after_2025-09-08T00:00:00
external_excluded_31d1bbc591f1f968,GDELT,gdelt_doc,springfieldnewssun.com,news_index,https://www.springfieldnewssun.com/news/nation-world/police-in-nepal-open-fire-on-protesters-outside-parliament-killing-8/567SS2YRIJJ65GDEQ2KPFWBEXQ/,2025-09-08 11:00:00,English,Nepal,"Police in Nepal open fire on protesters outside parliament , killing 8","Police in Nepal open fire on protesters outside parliament , killing 8",springfieldnewssun.com,existing_raw_gdelt,"Nepal (""Gen Z"" OR GenZ) (protest OR corruption OR youth OR students)",excluded,published_at_or_seen_at_is_at_or_after_2025-09-08T00:00:00
external_excluded_18f60447619b1886,GDELT,gdelt_doc,rozanaspokesman.com,news_index,https://www.rozanaspokesman.com/news/world/080925/nepal-gen-z-protest-against-ban-on-social-media-platforms-in-nepal-lat.html,2025-09-08 10:30:00,English,Nepal,"Nepal - Gen Z Marches to Streets Against Ban on 26 Social Media Platforms Incl FB , Instagram , WhatsApp","Nepal - Gen Z Marches to Streets Against Ban on 26 Social Media Platforms Incl FB , Instagram , WhatsApp",rozanaspokesman.com,existing_raw_gdelt,"Nepal (""Gen Z"" OR GenZ) (protest OR corruption OR youth OR students)",excluded,published_at_or_seen_at_is_at_or_after_2025-09-08T00:00:00
external_excluded_a65ab4c140c09f47,GDELT,gdelt_doc,seattletimes.com,news_index,https://www.seattletimes.com/business/protesters-in-nepal-surround-parliament-and-clash-with-police-as-government-blocks-social-media/,2025-09-08 10:30:00,English,Nepal,Protesters in Nepal surround parliament and clash with police as government blocks social media,Protesters in Nepal surround parliament and clash with police as government blocks social media,seattletimes.com,existing_raw_gdelt,"Nepal (""Gen Z"" OR GenZ) (protest OR corruption OR youth OR students)",excluded,published_at_or_seen_at_is_at_or_after_2025-09-08T00:00:00
external_excluded_5a1b959424a81227,GDELT,gdelt_doc,firstpost.com,news_index,https://www.firstpost.com/world/nepal-1-killed-several-injured-in-kathmandu-as-massive-youth-protest-erupts-over-social-media-ban-13931842.html,2025-09-08 10:30:00,English,Nepal,"Nepal : 9 killed , many injured in Kathmandu as Gen - Z protest turns bloody over social media ban","Nepal : 9 killed , many injured in Kathmandu as Gen - Z protest turns bloody over social media ban",firstpost.com,existing_raw_gdelt,"Nepal (""Gen Z"" OR GenZ) (protest OR corruption OR youth OR students)",excluded,published_at_or_seen_at_is_at_or_after_2025-09-08T00:00:00
external_excluded_84a42b17af983eb8,GDELT,gdelt_doc,financialexpress.com,news_index,https://www.financialexpress.com/world-news/nepal-live-gen-z-youth-protest-in-kathmandu-against-anti-corruption-social-media-ban-latest-news/3970478/,2025-09-08 10:30:00,English,Nepal,"Gen Z Protest in Kathmandu , Nepal LIVE : Nepal Youth Protest Against Anti Corruption , Social Media Ban Live | Nepal Gen Z Protest LIVE - World News","Gen Z Protest in Kathmandu , Nepal LIVE : Nepal Youth Protest Against Anti Corruption , Social Media Ban Live | Nepal Gen Z Protest LIVE - World News",financialexpress.com,existing_raw_gdelt,"Nepal (""Gen Z"" OR GenZ) (protest OR corruption OR youth OR students)",excluded,published_at_or_seen_at_is_at_or_after_2025-09-08T00:00:00
external_excluded_092e31990010cee1,GDELT,gdelt_doc,wdio.com,news_index,https://www.wdio.com/ap-top-news/protesters-in-nepal-surround-parliament-and-clash-with-police-as-government-blocks-social-media/,2025-09-08 10:30:00,English,Nepal,Protesters in Nepal surround parliament and clash with police as government blocks social media,Protesters in Nepal surround parliament and clash with police as government blocks social media,wdio.com,existing_raw_gdelt,"Nepal (""Gen Z"" OR GenZ) (protest OR corruption OR youth OR students)",excluded,published_at_or_seen_at_is_at_or_after_2025-09-08T00:00:00
external_excluded_aee3c11fe2fe7e00,GDELT,gdelt_doc,thehindu.com,news_index,https://www.thehindu.com/news/international/nepals-gen-z-hits-the-streets-to-protest-social-media-ban-corruption/article70025292.ece,2025-09-08 10:00:00,English,Nepal,Nepal Gen Z protest : Thousands hit the streets in Kathmandu over corruption and government social media ban,Nepal Gen Z protest : Thousands hit the streets in Kathmandu over corruption and government social media ban,thehindu.com,existing_raw_gdelt,"Nepal (""Gen Z"" OR GenZ) (protest OR corruption OR youth OR students)",excluded,published_at_or_seen_at_is_at_or_after_2025-09-08T00:00:00
external_excluded_3b75ce4387c14ab3,GDELT,gdelt_doc,2news.com,news_index,https://www.2news.com/news/national/protesters-in-nepal-surround-parliament-and-clash-with-police-as-government-blocks-social-media/article_6e2e4e01-001e-50a3-8d7f-a0279046f3e5.html,2025-09-08 10:00:00,English,Nepal,Protesters in Nepal surround parliament and clash with police as government blocks social media,Protesters in Nepal surround parliament and clash with police as government blocks social media,2news.com,existing_raw_gdelt,"Nepal (""Gen Z"" OR GenZ) (protest OR corruption OR youth OR students)",excluded,published_at_or_seen_at_is_at_or_after_2025-09-08T00:00:00
external_excluded_dc0e1096708ac5c7,GDELT,gdelt_doc,moneycontrol.com,news_index,https://www.moneycontrol.com/world/nepal-s-gen-z-revolution-how-a-social-media-shutdown-sparked-a-nationwide-youth-protest-explained-article-13529240.html,2025-09-08 10:00:00,English,Nepal,Nepal Gen Z revolution : How a social media shutdown sparked a nationwide youth protest,Nepal Gen Z revolution : How a social media shutdown sparked a nationwide youth protest,moneycontrol.com,existing_raw_gdelt,"Nepal (""Gen Z"" OR GenZ) (protest OR corruption OR youth OR students)",excluded,published_at_or_seen_at_is_at_or_after_2025-09-08T00:00:00
external_excluded_888560b8ec4a81c0,GDELT,gdelt_doc,thehimalayantimes.com,news_index,https://thehimalayantimes.com/kathmandu/second-gen-z-protester-dies-in-kathmandu-amid-escalating-clashes,2025-09-08 10:00:00,English,Nepal,Second Gen Z protester dies in Kathmandu amid escalating clashes,Second Gen Z protester dies in Kathmandu amid escalating clashes,thehimalayantimes.com,existing_raw_gdelt,"Nepal (""Gen Z"" OR GenZ) (protest OR corruption OR youth OR students)",excluded,published_at_or_seen_at_is_at_or_after_2025-09-08T00:00:00
external_excluded_10b64aed5a9d8f07,GDELT,gdelt_doc,news.webindia123.com,news_index,https://news.webindia123.com/news/Articles/World/20250908/4358778.html,2025-09-08 10:00:00,English,Nepal,"Nepal : One killed , dozens injured in Gen Z protest as police use teargas , rubber bullets to disperse demonstrators","Nepal : One killed , dozens injured in Gen Z protest as police use teargas , rubber bullets to disperse demonstrators",news.webindia123.com,existing_raw_gdelt,"Nepal (""Gen Z"" OR GenZ) (protest OR corruption OR youth OR students)",excluded,published_at_or_seen_at_is_at_or_after_2025-09-08T00:00:00
external_excluded_38aa4241e967f483,GDELT,gdelt_doc,livemint.com,news_index,https://www.livemint.com/news/world/nepal-protest-today-live-updates-gen-z-protest-against-pm-oli-after-ban-on-facebook-instagram-x-11757320723118.html,2025-09-08 10:00:00,English,Nepal,"Nepal protest today live updates : 9 dead , 42 injured as police fire rubber bullets at GenZ protesters","Nepal protest today live updates : 9 dead , 42 injured as police fire rubber bullets at GenZ protesters",livemint.com,existing_raw_gdelt,"Nepal (""Gen Z"" OR GenZ) (protest OR corruption OR youth OR students)",excluded,published_at_or_seen_at_is_at_or_after_2025-09-08T00:00:00
external_excluded_d2c89964cd422bdb,GDELT,gdelt_doc,news.webindia123.com,news_index,https://news.webindia123.com/news/Articles/World/20250908/4358788.html,2025-09-08 10:00:00,English,Nepal,"Nepal : Massive Protests break out in Kathmandu over corruption , social media ban ; curfew imposed","Nepal : Massive Protests break out in Kathmandu over corruption , social media ban ; curfew imposed",news.webindia123.com,existing_raw_gdelt,"Nepal (""Gen Z"" OR GenZ) (protest OR corruption OR youth OR students)",excluded,published_at_or_seen_at_is_at_or_after_2025-09-08T00:00:00
external_excluded_a024ce154e7fc7a3,GDELT,gdelt_doc,economictimes.indiatimes.com,news_index,https://economictimes.indiatimes.com/news/new-updates/nepal-protests-what-triggered-the-massive-chaos-in-indias-neighbourhood/articleshow/123762234.cms,2025-09-08 10:00:00,English,Nepal,Nepal news : Nepal protests : What triggered the massive chaos in India neighbourhood ?,Nepal news : Nepal protests : What triggered the massive chaos in India neighbourhood ?,economictimes.indiatimes.com,existing_raw_gdelt,"Nepal (""Gen Z"" OR GenZ) (protest OR corruption OR youth OR students)",excluded,published_at_or_seen_at_is_at_or_after_2025-09-08T00:00:00
external_excluded_6d8b106c9797bc98,GDELT,gdelt_doc,thehimalayantimes.com,news_index,https://thehimalayantimes.com/school-times/curfew-extended-across-key-areas-of-kathmandu-following-escalation-of-gen-z-protests,2025-09-08 10:00:00,English,Nepal,Curfew extended across key areas of Kathmandu following escalation of Gen Z protests,Curfew extended across key areas of Kathmandu following escalation of Gen Z protests,thehimalayantimes.com,existing_raw_gdelt,"Nepal (""Gen Z"" OR GenZ) (protest OR corruption OR youth OR students)",excluded,published_at_or_seen_at_is_at_or_after_2025-09-08T00:00:00
external_excluded_5e0d266083f3f143,GDELT,gdelt_doc,winnipegfreepress.com,news_index,https://www.winnipegfreepress.com/arts-and-life/life/sci-tech/2025/09/08/protesters-in-nepal-surround-parliament-and-clash-with-police-as-government-blocks-social-media,2025-09-08 09:45:00,English,Nepal,Protesters in Nepal surround parliament and clash with police as government blocks social media – Winnipeg Free Press,Protesters in Nepal surround parliament and clash with police as government blocks social media – Winnipeg Free Press,winnipegfreepress.com,existing_raw_gdelt,"Nepal (""Gen Z"" OR GenZ) (protest OR corruption OR youth OR students)",excluded,published_at_or_seen_at_is_at_or_after_2025-09-08T00:00:00
external_excluded_83557ed7e472678e,GDELT,gdelt_doc,aninews.in,news_index,https://aninews.in/news/world/asia/nepal-one-killed-dozens-injured-in-gen-z-protest-as-police-use-teargas-rubber-bullets-to-disperse-demonstrators20250908143512/,2025-09-08 09:45:00,English,Nepal,"Nepal : One killed , dozens injured in Gen Z protest as police use teargas , rubber bullets to disperse demonstrators","Nepal : One killed , dozens injured in Gen Z protest as police use teargas , rubber bullets to disperse demonstrators",aninews.in,existing_raw_gdelt,"Nepal (""Gen Z"" OR GenZ) (protest OR corruption OR youth OR students)",excluded,published_at_or_seen_at_is_at_or_after_2025-09-08T00:00:00
external_excluded_f7e824e6a9231fe0,GDELT,gdelt_doc,news18.com,news_index,https://www.news18.com/world/nepal-social-media-ban-gen-z-protests-demonstrations-kathmandu-9557000.html,2025-09-08 09:45:00,English,Nepal,"Violence Erupts At Massive Gen Z Protests Against Nepal Social Media Ban , 1 Killed","Violence Erupts At Massive Gen Z Protests Against Nepal Social Media Ban , 1 Killed",news18.com,existing_raw_gdelt,"Nepal (""Gen Z"" OR GenZ) (protest OR corruption OR youth OR students)",excluded,published_at_or_seen_at_is_at_or_after_2025-09-08T00:00:00
external_excluded_ab756fe003ec0f63,GDELT,gdelt_doc,freepressjournal.in,news_index,https://www.freepressjournal.in/world/nepal-on-boil-several-injured-as-youngsters-protest-against-social-media-ban,2025-09-08 09:45:00,English,Nepal,"Nepal On Boil : 1 Killed , Several Injured in Gen Z Protest Against Social Media Ban","Nepal On Boil : 1 Killed , Several Injured in Gen Z Protest Against Social Media Ban",freepressjournal.in,existing_raw_gdelt,"Nepal (""Gen Z"" OR GenZ) (protest OR corruption OR youth OR students)",excluded,published_at_or_seen_at_is_at_or_after_2025-09-08T00:00:00
external_excluded_64ecf85600f8fd77,GDELT,gdelt_doc,news18.com,news_index,https://www.news18.com/world/caught-on-camera-genz-floods-kathmandu-streets-after-nepal-bans-fb-instagram-x-9557188.html,2025-09-08 09:45:00,English,Nepal,"Caught On Camera : GenZ Floods Kathmandu Streets After Nepal Bans FB , Instagram , X","Caught On Camera : GenZ Floods Kathmandu Streets After Nepal Bans FB , Instagram , X",news18.com,existing_raw_gdelt,"Nepal (""Gen Z"" OR GenZ) (protest OR corruption OR youth OR students)",excluded,published_at_or_seen_at_is_at_or_after_2025-09-08T00:00:00
external_excluded_28f05a04b015ee8b,GDELT,gdelt_doc,ivpressonline.com,news_index,https://www.ivpressonline.com/business/protesters-in-nepal-surround-parliament-and-clash-with-police-as-government-blocks-social-media/article_6f818bef-0274-5046-890c-943f3f2c6ee9.html,2025-09-08 09:30:00,English,Nepal,Protesters in Nepal surround parliament and clash with police as government blocks social media,Protesters in Nepal surround parliament and clash with police as government blocks social media,ivpressonline.com,existing_raw_gdelt,"Nepal (""Gen Z"" OR GenZ) (protest OR corruption OR youth OR students)",excluded,published_at_or_seen_at_is_at_or_after_2025-09-08T00:00:00
external_excluded_1a5129414f356b6f,GDELT,gdelt_doc,clickorlando.com,news_index,https://www.clickorlando.com/tech/2025/09/08/protesters-in-nepal-surround-parliament-and-clash-with-police-as-government-blocks-social-media/,2025-09-08 09:30:00,English,Nepal,Protesters in Nepal surround parliament and clash with police as government blocks social media,Protesters in Nepal surround parliament and clash with police as government blocks social media,clickorlando.com,existing_raw_gdelt,"Nepal (""Gen Z"" OR GenZ) (protest OR corruption OR youth OR students)",excluded,published_at_or_seen_at_is_at_or_after_2025-09-08T00:00:00
external_excluded_6c9c73a991406981,GDELT,gdelt_doc,indianexpress.com,news_index,https://indianexpress.com/article/world/nepal-protests-live-updates-clash-youth-genz-army-social-media-ban-10237198/,2025-09-08 09:15:00,English,Nepal,"Nepal Protests Live Updates : Curfew imposed after youths clash with police during march against social media ban , corruption","Nepal Protests Live Updates : Curfew imposed after youths clash with police during march against social media ban , corruption",indianexpress.com,existing_raw_gdelt,"Nepal (""Gen Z"" OR GenZ) (protest OR corruption OR youth OR students)",excluded,published_at_or_seen_at_is_at_or_after_2025-09-08T00:00:00
external_excluded_ef4156c0813437a2,GDELT,gdelt_doc,indiatoday.in,news_index,https://www.indiatoday.in/world/story/gen-z-protests-nepal-kp-sharma-oli-corruption-social-media-restrictions-2783683-2025-09-08,2025-09-08 08:45:00,English,Nepal,Gen Z protests in Nepal against KP Sharma Oli government corruption and social media restrictions,Gen Z protests in Nepal against KP Sharma Oli government corruption and social media restrictions,indiatoday.in,existing_raw_gdelt,"Nepal (""Gen Z"" OR GenZ) (protest OR corruption OR youth OR students)",excluded,published_at_or_seen_at_is_at_or_after_2025-09-08T00:00:00
external_excluded_7e679e46e520b687,GDELT,gdelt_doc,thehimalayantimes.com,news_index,https://thehimalayantimes.com/nepal/one-killed-another-injured-as-gen-z-protests-escalate-in-kathmandu-jhapa,2025-09-08 08:45:00,English,Nepal,"One killed , dozens injured as Gen Z protests escalate in Kathmandu , Jhapa","One killed , dozens injured as Gen Z protests escalate in Kathmandu , Jhapa",thehimalayantimes.com,existing_raw_gdelt,"Nepal (""Gen Z"" OR GenZ) (protest OR corruption OR youth OR students)",excluded,published_at_or_seen_at_is_at_or_after_2025-09-08T00:00:00
external_excluded_c81bd3c450f8138b,GDELT,gdelt_doc,english.mathrubhumi.com,news_index,https://english.mathrubhumi.com/news/world/protests-erupt-in-nepal-kathmandu-thousands-gen-z-demonstrators-storm-restricted-areas-tdx4nk3j,2025-09-08 08:45:00,English,Nepal,"Thousands of Nepali youth protest social media ban , corruption in Kathmandu ; curfew imposed","Thousands of Nepali youth protest social media ban , corruption in Kathmandu ; curfew imposed",english.mathrubhumi.com,existing_raw_gdelt,"Nepal (""Gen Z"" OR GenZ) (protest OR corruption OR youth OR students)",excluded,published_at_or_seen_at_is_at_or_after_2025-09-08T00:00:00
external_excluded_0b9592ffdb530bd8,GDELT,gdelt_doc,moneycontrol.com,news_index,https://www.moneycontrol.com/world/nepal-social-media-stir-turns-violent-curfew-imposed-in-kathmandu-as-gen-z-protesters-storm-parliament-article-13529074.html,2025-09-08 08:45:00,English,Nepal,Nepal social media stir turns violent : Curfew imposed in Kathmandu as Gen - Z protesters storm Parliament,Nepal social media stir turns violent : Curfew imposed in Kathmandu as Gen - Z protesters storm Parliament,moneycontrol.com,existing_raw_gdelt,"Nepal (""Gen Z"" OR GenZ) (protest OR corruption OR youth OR students)",excluded,published_at_or_seen_at_is_at_or_after_2025-09-08T00:00:00
external_excluded_039b885e8cb2fca3,GDELT,gdelt_doc,reviewnepal.com,news_index,https://reviewnepal.com/articles/nepal-s-corruption-crisis-silencing-social-media-won-t-silence-the-people.html,2025-09-08 08:15:00,English,Nepal,Nepal Corruption Crisis : Silencing Social Media Wont Silence the People,Nepal Corruption Crisis : Silencing Social Media Wont Silence the People,reviewnepal.com,existing_raw_gdelt,"Nepal (""Gen Z"" OR GenZ) (protest OR corruption OR youth OR students)",excluded,published_at_or_seen_at_is_at_or_after_2025-09-08T00:00:00
external_excluded_f5231ea06f75614d,GDELT,gdelt_doc,reviewnepal.com,news_index,https://reviewnepal.com/national/gen-g-stages-protest-in-different-parts-of-the-country-including-in-kathmandu.html,2025-09-08 08:15:00,English,Nepal,Gen Z stages protest in different parts of the country including in Kathmandu - Review Nepal News,Gen Z stages protest in different parts of the country including in Kathmandu - Review Nepal News,reviewnepal.com,existing_raw_gdelt,"Nepal (""Gen Z"" OR GenZ) (protest OR corruption OR youth OR students)",excluded,published_at_or_seen_at_is_at_or_after_2025-09-08T00:00:00
external_excluded_1fccb0ff5c28ebb7,GDELT,gdelt_doc,dailyexcelsior.com,news_index,https://www.dailyexcelsior.com/nation-being-undermined-cannot-be-tolerated-says-oli-on-nepal-govts-ban-on-social-media/,2025-09-08 06:00:00,English,Nepal,"Nation being undermined cannot be tolerated , says Oli on Nepal govt ban on social media","Nation being undermined cannot be tolerated , says Oli on Nepal govt ban on social media",dailyexcelsior.com,existing_raw_gdelt,"Nepal (""Gen Z"" OR GenZ) (protest OR corruption OR youth OR students)",excluded,published_at_or_seen_at_is_at_or_after_2025-09-08T00:00:00
external_excluded_9ca643eee0398abd,GDELT,gdelt_doc,kathmandupost.com,news_index,https://kathmandupost.com/editorial/2025/09/07/shutting-apps-unleashing-anger,2025-09-08 04:30:00,English,Nepal,"Shutting apps , unleashing anger","Shutting apps , unleashing anger",kathmandupost.com,existing_raw_gdelt,"Nepal (""Gen Z"" OR GenZ) (protest OR corruption OR youth OR students)",excluded,published_at_or_seen_at_is_at_or_after_2025-09-08T00:00:00
external_excluded_d0a381bbaa578c20,GDELT,gdelt_doc,forbes.com,news_index,https://www.forbes.com/sites/forbesasiateam/2025/09/07/forbes-asia-20th-anniversary-retrospective/,2025-09-08 02:45:00,English,Nepal,Forbes Asia 20th Anniversary Retrospective,Forbes Asia 20th Anniversary Retrospective,forbes.com,existing_raw_gdelt,"Nepal (""Gen Z"" OR GenZ) (protest OR corruption OR youth OR students)",excluded,published_at_or_seen_at_is_at_or_after_2025-09-08T00:00:00
gdelt_f24df44a54ef6020,GDELT,gdelt_doc,freepressjournal.in,news_index,https://www.freepressjournal.in/world/nation-being-undermined-cannot-be-tolerated-says-nepal-pm-kp-sharma-oli-on-social-media-ban,2025-09-07 15:45:00,English,Nepal,"Nation Being Undermined Cannot Be Tolerated , Says Nepal PM KP Sharma Oli On Social Media Ban","Nation Being Undermined Cannot Be Tolerated , Says Nepal PM KP Sharma Oli On Social Media Ban",freepressjournal.in,existing_raw_gdelt,"Nepal (""Gen Z"" OR GenZ) (protest OR corruption OR youth OR students)",included,
gdelt_86d7f2d8a6859634,GDELT,gdelt_doc,timesofoman.com,news_index,https://timesofoman.com/article/162459-journalists-in-nepal-take-to-streets-against-social-media-ban-call-for-nationwide-protest,2025-09-07 14:30:00,English,Nepal,"Journalists in Nepal take to streets against social media ban , call for nationwide protest","Journalists in Nepal take to streets against social media ban , call for nationwide protest",timesofoman.com,existing_raw_gdelt,"Nepal (""Gen Z"" OR GenZ) (protest OR corruption OR youth OR students)",included,
gdelt_52d5a4a3e7c3c067,GDELT,gdelt_doc,newsx.com,news_index,https://www.newsx.com/world/journalists-in-nepal-take-to-streets-against-social-media-ban-call-for-nationwide-protest20250907174606-60816/,2025-09-07 14:30:00,English,Nepal,"Journalists in Nepal take to streets against social media ban , call for nationwide protest","Journalists in Nepal take to streets against social media ban , call for nationwide protest",newsx.com,existing_raw_gdelt,"Nepal (""Gen Z"" OR GenZ) (protest OR corruption OR youth OR students)",included,
gdelt_484f8791facc4e6a,GDELT,gdelt_doc,aninews.in,news_index,https://aninews.in/news/world/asia/journalists-in-nepal-take-to-streets-against-social-media-ban-call-for-nationwide-protest20250907174606/,2025-09-07 14:15:00,English,Nepal,"Journalists in Nepal take to streets against social media ban , call for nationwide protest","Journalists in Nepal take to streets against social media ban , call for nationwide protest",aninews.in,existing_raw_gdelt,"Nepal (""Gen Z"" OR GenZ) (protest OR corruption OR youth OR students)",included,
gdelt_5352b47658be1ab5,GDELT,gdelt_doc,newkerala.com,news_index,https://www.newkerala.com/news/o/journalists-nepal-take-streets-against-social-media-ban-call-836,2025-09-07 14:00:00,English,Nepal,Nepal Journalists Protest Social Media Ban Call Nationwide Strike,Nepal Journalists Protest Social Media Ban Call Nationwide Strike,newkerala.com,existing_raw_gdelt,"Nepal (""Gen Z"" OR GenZ) (protest OR corruption OR youth OR students)",included,
gdelt_b29817c087f034eb,GDELT,gdelt_doc,calcuttanews.net,news_index,http://www.calcuttanews.net/news/278558657/journalists-in-nepal-take-to-streets-against-social-media-ban-call-for-nationwide-protest,2025-09-07 13:45:00,English,Nepal,"Journalists in Nepal take to streets against social media ban , call for nationwide protest","Journalists in Nepal take to streets against social media ban , call for nationwide protest",calcuttanews.net,existing_raw_gdelt,"Nepal (""Gen Z"" OR GenZ) (protest OR corruption OR youth OR students)",included,
external_excluded_6054fcb989149f13,GDELT,gdelt_doc,timesofindia.indiatimes.com,news_index,https://timesofindia.indiatimes.com/education/news/trumps-second-term-is-reshaping-us-universities-heres-how-gen-z-students-are-responding/articleshow/123623451.cms,2025-09-01 02:15:00,English,Nepal,Trump second term is reshaping US universities : Here how Gen Z students are responding,Trump second term is reshaping US universities : Here how Gen Z students are responding,timesofindia.indiatimes.com,existing_raw_gdelt,"Nepal (""Gen Z"" OR GenZ) (protest OR corruption OR youth OR students)",excluded,not_relevant_after_nepal_anchor_and_trigger_filter
external_excluded_df494feb4e30e716,GDELT,gdelt_doc,thenationalnews.com,news_index,https://www.thenationalnews.com/lifestyle/2025/08/22/fake-indian-weddings-parties-uae-india/,2025-08-22 19:45:00,English,Nepal,Why Gen Z are flouting tradition with fake Indian weddings,Why Gen Z are flouting tradition with fake Indian weddings,thenationalnews.com,existing_raw_gdelt,"Nepal (""Gen Z"" OR GenZ) (protest OR corruption OR youth OR students)",excluded,not_relevant_after_nepal_anchor_and_trigger_filter
external_excluded_a4d8922e0f843cbe,GDELT,gdelt_doc,ejewishphilanthropy.com,news_index,https://ejewishphilanthropy.com/from-disaster-to-revival-israels-academic-kibbutz-and-the-rebirth-of-a-generation/,2025-08-12 10:00:00,English,Nepal,From disaster to revival : Israel Academic Kibbutz and the rebirth of a generation,From disaster to revival : Israel Academic Kibbutz and the rebirth of a generation,ejewishphilanthropy.com,existing_raw_gdelt,"Nepal (""Gen Z"" OR GenZ) (protest OR corruption OR youth OR students)",excluded,not_relevant_after_nepal_anchor_and_trigger_filter
external_excluded_0ad335078cdb088e,GDELT,gdelt_doc,wola.org,news_index,https://www.wola.org/2025/08/weekly-u-s-mexico-border-update-venezuelan-prisoners-ordeal-mass-deportation-courts-decisions-mexico/,2025-08-08 19:00:00,English,Nepal,"Weekly U . S .- Mexico Border Update : Venezuelan prisoner ordeal , mass deportation , court decisions , Mexico","Weekly U . S .- Mexico Border Update : Venezuelan prisoner ordeal , mass deportation , court decisions , Mexico",wola.org,existing_raw_gdelt,"Nepal (""Gen Z"" OR GenZ) (protest OR corruption OR youth OR students)",excluded,not_relevant_after_nepal_anchor_and_trigger_filter
external_excluded_ee98d2fc8ac3d17a,GDELT,gdelt_doc,dawn.com,news_index,https://www.dawn.com/news/1927409/what-will-it-take-for-pakistan-to-break-through-the-glass-ceiling,2025-08-06 08:00:00,English,Nepal,What will it take for Pakistan to break through the glass ceiling ? - Pakistan,What will it take for Pakistan to break through the glass ceiling ? - Pakistan,dawn.com,existing_raw_gdelt,"Nepal (""Gen Z"" OR GenZ) (protest OR corruption OR youth OR students)",excluded,not_relevant_after_nepal_anchor_and_trigger_filter
external_excluded_bb3dbb7613ee5eee,GDELT,gdelt_doc,thenationalnews.com,news_index,https://www.thenationalnews.com/arts-culture/film-tv/2025/07/28/how-ahaan-panday-and-aneet-paddas-saiyaara-became-one-of-biggest-bollywood-films-of-the-year/,2025-07-28 12:15:00,English,Nepal,How Ahaan Panday and Aneet Padda Saiyaara became one of biggest Bollywood films of the year,How Ahaan Panday and Aneet Padda Saiyaara became one of biggest Bollywood films of the year,thenationalnews.com,existing_raw_gdelt,"Nepal (""Gen Z"" OR GenZ) (protest OR corruption OR youth OR students)",excluded,not_relevant_after_nepal_anchor_and_trigger_filter
external_excluded_3050d32e89020abb,GDELT,gdelt_doc,voiceofvienna.org,news_index,https://voiceofvienna.org/2025/07/pakistans-youth-crisis-deepens-as-jobs-education-and-hope-run-dry/,2025-07-24 15:00:00,English,Nepal,"Pakistan Youth Crisis Deepens As Jobs , Education , And Hope Run Dry","Pakistan Youth Crisis Deepens As Jobs , Education , And Hope Run Dry",voiceofvienna.org,existing_raw_gdelt,"Nepal (""Gen Z"" OR GenZ) (protest OR corruption OR youth OR students)",excluded,not_relevant_after_nepal_anchor_and_trigger_filter
external_excluded_ad680597dc159e5f,GDELT,gdelt_doc,ettoday.net,news_index,https://www.ettoday.net/news/20250909/3030067.htm,2025-09-08 23:30:00,Chinese,Nepal,尼泊爾街頭抗議社群禁令 警方強制驅離釀19死逾百傷 | ETtoday國際新聞,尼泊爾街頭抗議社群禁令 警方強制驅離釀19死逾百傷 | ETtoday國際新聞,ettoday.net,existing_raw_gdelt,"Nepal (corruption OR nepotism OR ""nepo kids"" OR ""nepo baby"")",excluded,published_at_or_seen_at_is_at_or_after_2025-09-08T00:00:00
external_excluded_5c35e2e3adef0931,GDELT,gdelt_doc,chandrikadaily.com,news_index,https://www.chandrikadaily.com/shooting-in-jerusalem-six-people-were-killed-and-12-injured.html,2025-09-08 23:30:00,Malayalam,Nepal,"ജറൂസലേമില്‍ വെടിവെപ്പ് ; ആറ് പേര്‍ കൊല്ലപ്പെട്ടു , 12 പേര്‍ക്ക് പരിക്ക്","ജറൂസലേമില്‍ വെടിവെപ്പ് ; ആറ് പേര്‍ കൊല്ലപ്പെട്ടു , 12 പേര്‍ക്ക് പരിക്ക്",chandrikadaily.com,existing_raw_gdelt,"Nepal (corruption OR nepotism OR ""nepo kids"" OR ""nepo baby"")",excluded,published_at_or_seen_at_is_at_or_after_2025-09-08T00:00:00
external_excluded_7542b34755c517c2,GDELT,gdelt_doc,kashmirreader.com,news_index,https://kashmirreader.com/2025/09/09/nepal-bans-social-media-protesters-breach-parliament-premises-9-killed-army-deployed/,2025-09-08 23:30:00,English,Nepal,"Nepal Bans Social Media : Protesters breach parliament premises , 9 killed ; Army deployed","Nepal Bans Social Media : Protesters breach parliament premises , 9 killed ; Army deployed",kashmirreader.com,existing_raw_gdelt,"Nepal (corruption OR nepotism OR ""nepo kids"" OR ""nepo baby"")",excluded,published_at_or_seen_at_is_at_or_after_2025-09-08T00:00:00
external_excluded_a5e680963c283ad9,GDELT,gdelt_doc,chandrikadaily.com,news_index,https://www.chandrikadaily.com/1gen-z-protest-in-neppal16-deaths-injunction.html,2025-09-08 23:30:00,Malayalam,Nepal,നേപ്പാളിലെ ജെന്‍ സി കലാപം ; 16 മരണം ; നിരോധനാജ്ഞ,നേപ്പാളിലെ ജെന്‍ സി കലാപം ; 16 മരണം ; നിരോധനാജ്ഞ,chandrikadaily.com,existing_raw_gdelt,"Nepal (corruption OR nepotism OR ""nepo kids"" OR ""nepo baby"")",excluded,published_at_or_seen_at_is_at_or_after_2025-09-08T00:00:00
external_excluded_2a90f17a48ff558a,GDELT,gdelt_doc,telesurtv.net,news_index,https://www.telesurtv.net/nepal-casi-20-muertos-represion-protestas/,2025-09-08 23:30:00,Spanish,Nepal,Nepal : Casi 20 muertos tras represión a protestas desatadas por prohibición de redes sociales,Nepal : Casi 20 muertos tras represión a protestas desatadas por prohibición de redes sociales,telesurtv.net,existing_raw_gdelt,"Nepal (corruption OR nepotism OR ""nepo kids"" OR ""nepo baby"")",excluded,published_at_or_seen_at_is_at_or_after_2025-09-08T00:00:00
external_excluded_cd1ebde54bf8092a,GDELT,gdelt_doc,ilmanifesto.it,news_index,https://ilmanifesto.it/esplode-in-nepal-la-rabbia-della-gen-z,2025-09-08 23:30:00,Italian,Nepal,Esplode in Nepal la Rabbia della Gen Z,Esplode in Nepal la Rabbia della Gen Z,ilmanifesto.it,existing_raw_gdelt,"Nepal (corruption OR nepotism OR ""nepo kids"" OR ""nepo baby"")",excluded,published_at_or_seen_at_is_at_or_after_2025-09-08T00:00:00
external_excluded_291d2d7a3c14209a,GDELT,gdelt_doc,stalbansreview.co.uk,news_index,https://www.stalbansreview.co.uk/news/national/25448697.police-nepal-open-fire-anti-government-protesters-killing-17/,2025-09-08 23:30:00,English,Nepal,"Police in Nepal open fire on anti - government protesters , killing 17","Police in Nepal open fire on anti - government protesters , killing 17",stalbansreview.co.uk,existing_raw_gdelt,"Nepal (corruption OR nepotism OR ""nepo kids"" OR ""nepo baby"")",excluded,published_at_or_seen_at_is_at_or_after_2025-09-08T00:00:00
external_excluded_bd5751b4fe47de8f,GDELT,gdelt_doc,ledevoir.com,news_index,https://www.ledevoir.com/monde/asie/915243/police-ouvre-feu-manifestants-nepal-tuant-19-personnes,2025-09-08 23:30:00,French,Nepal,"La police ouvre le feu dans une manifestation contre le blocage des réseaux sociaux au Népal , tuant au moins 19 personnes","La police ouvre le feu dans une manifestation contre le blocage des réseaux sociaux au Népal , tuant au moins 19 personnes",ledevoir.com,existing_raw_gdelt,"Nepal (corruption OR nepotism OR ""nepo kids"" OR ""nepo baby"")",excluded,published_at_or_seen_at_is_at_or_after_2025-09-08T00:00:00
external_excluded_5d9e7fa80501790f,GDELT,gdelt_doc,biztoc.com,news_index,https://biztoc.com/x/a4a1ab31cfeaa24b,2025-09-08 23:30:00,English,Nepal,Nepal Gen Z protests turn deadly,Nepal Gen Z protests turn deadly,biztoc.com,existing_raw_gdelt,"Nepal (corruption OR nepotism OR ""nepo kids"" OR ""nepo baby"")",excluded,published_at_or_seen_at_is_at_or_after_2025-09-08T00:00:00
external_excluded_23d08e7ed5d8f35d,GDELT,gdelt_doc,ilmanifesto.it,news_index,https://ilmanifesto.it/edizioni/il-manifesto/il-manifesto-del-09-09-2025,2025-09-08 23:30:00,Italian,Nepal,Edizione il manifesto del 09 . 09 . 2025,Edizione il manifesto del 09 . 09 . 2025,ilmanifesto.it,existing_raw_gdelt,"Nepal (corruption OR nepotism OR ""nepo kids"" OR ""nepo baby"")",excluded,published_at_or_seen_at_is_at_or_after_2025-09-08T00:00:00
external_excluded_8273e93264f58ef4,GDELT,gdelt_doc,time.mk,news_index,https://time.mk/c/906852c92b/najmalku-19-zaginati-vo-golemi-neredi-vo-nepal-otkako-vladata-gi-zabrani-socijalnite-mrezi.html,2025-09-08 23:30:00,Macedonian,Nepal,"Протест на „ Генерацијата З во Непал , ситуацијата останува напната : Илјадници луѓе на улиците , полицијата пука врз демонстрантите / видео","Протест на „ Генерацијата З во Непал , ситуацијата останува напната : Илјадници луѓе на улиците , полицијата пука врз демонстрантите / видео",time.mk,existing_raw_gdelt,"Nepal (corruption OR nepotism OR ""nepo kids"" OR ""nepo baby"")",excluded,published_at_or_seen_at_is_at_or_after_2025-09-08T00:00:00
external_excluded_967884f9e67626ca,GDELT,gdelt_doc,timesofindia.indiatimes.com,news_index,https://timesofindia.indiatimes.com/city/varanasi/nepals-decision-of-social-media-ban-cuts-off-families/articleshow/123772776.cms,2025-09-08 23:30:00,English,Nepal,Nepal decision of social media ban cuts off families | Varanasi News,Nepal decision of social media ban cuts off families | Varanasi News,timesofindia.indiatimes.com,existing_raw_gdelt,"Nepal (corruption OR nepotism OR ""nepo kids"" OR ""nepo baby"")",excluded,published_at_or_seen_at_is_at_or_after_2025-09-08T00:00:00
external_excluded_6d0714d128f36eea,GDELT,gdelt_doc,sun-sentinel.com,news_index,https://www.sun-sentinel.com/2025/09/08/nepal-social-media-protest/,2025-09-08 23:30:00,English,Nepal,"Police open fire on protests of Nepal social media policy , killing at least 17","Police open fire on protests of Nepal social media policy , killing at least 17",sun-sentinel.com,existing_raw_gdelt,"Nepal (corruption OR nepotism OR ""nepo kids"" OR ""nepo baby"")",excluded,published_at_or_seen_at_is_at_or_after_2025-09-08T00:00:00
external_excluded_8ba47d66355b6790,GDELT,gdelt_doc,rg.ru,news_index,https://rg.ru/2025/09/09/v-hode-besporiadkov-v-nepale-pogibli-19-chelovek-i-sotni-poluchili-raneniia.html,2025-09-08 23:15:00,Russian,Nepal,"Непал в дыму и огне : 19 человек погибли , сотни ранены в ходе продолжающихся беспорядков","Непал в дыму и огне : 19 человек погибли , сотни ранены в ходе продолжающихся беспорядков",rg.ru,existing_raw_gdelt,"Nepal (corruption OR nepotism OR ""nepo kids"" OR ""nepo baby"")",excluded,published_at_or_seen_at_is_at_or_after_2025-09-08T00:00:00
external_excluded_6b8b4bb3c482929e,GDELT,gdelt_doc,excelsior.com.mx,news_index,https://www.excelsior.com.mx/global/protestas-nepal-redes-sociales/1738182,2025-09-08 23:15:00,Spanish,Nepal,Protestas en Nepal : 19 muertos tras bloqueo de redes sociales y represión,Protestas en Nepal : 19 muertos tras bloqueo de redes sociales y represión,excelsior.com.mx,existing_raw_gdelt,"Nepal (corruption OR nepotism OR ""nepo kids"" OR ""nepo baby"")",excluded,published_at_or_seen_at_is_at_or_after_2025-09-08T00:00:00
external_excluded_fc71e7e1e853751e,GDELT,gdelt_doc,stroudnewsandjournal.co.uk,news_index,https://www.stroudnewsandjournal.co.uk/news/national/25448697.police-nepal-open-fire-anti-government-protesters-killing-17/,2025-09-08 23:15:00,English,Nepal,"Police in Nepal open fire on anti - government protesters , killing 17","Police in Nepal open fire on anti - government protesters , killing 17",stroudnewsandjournal.co.uk,existing_raw_gdelt,"Nepal (corruption OR nepotism OR ""nepo kids"" OR ""nepo baby"")",excluded,published_at_or_seen_at_is_at_or_after_2025-09-08T00:00:00
external_excluded_83182198d3554406,GDELT,gdelt_doc,heraldseries.co.uk,news_index,https://www.heraldseries.co.uk/news/national/25448697.police-nepal-open-fire-anti-government-protesters-killing-17/,2025-09-08 23:00:00,English,Nepal,"Police in Nepal open fire on anti - government protesters , killing 17","Police in Nepal open fire on anti - government protesters , killing 17",heraldseries.co.uk,existing_raw_gdelt,"Nepal (corruption OR nepotism OR ""nepo kids"" OR ""nepo baby"")",excluded,published_at_or_seen_at_is_at_or_after_2025-09-08T00:00:00
external_excluded_7d752123d002cf74,GDELT,gdelt_doc,irvinetimes.com,news_index,https://www.irvinetimes.com/news/national/25448697.police-nepal-open-fire-anti-government-protesters-killing-17/,2025-09-08 23:00:00,English,Nepal,"Police in Nepal open fire on anti - government protesters , killing 17","Police in Nepal open fire on anti - government protesters , killing 17",irvinetimes.com,existing_raw_gdelt,"Nepal (corruption OR nepotism OR ""nepo kids"" OR ""nepo baby"")",excluded,published_at_or_seen_at_is_at_or_after_2025-09-08T00:00:00
external_excluded_c58e7d79710d19b4,GDELT,gdelt_doc,darlingtonandstocktontimes.co.uk,news_index,https://www.darlingtonandstocktontimes.co.uk/news/national/25448697.police-nepal-open-fire-anti-government-protesters-killing-17/,2025-09-08 23:00:00,English,Nepal,"Police in Nepal open fire on anti - government protesters , killing 17","Police in Nepal open fire on anti - government protesters , killing 17",darlingtonandstocktontimes.co.uk,existing_raw_gdelt,"Nepal (corruption OR nepotism OR ""nepo kids"" OR ""nepo baby"")",excluded,published_at_or_seen_at_is_at_or_after_2025-09-08T00:00:00
external_excluded_e4afd9ca9939721c,GDELT,gdelt_doc,sthelensstar.co.uk,news_index,https://www.sthelensstar.co.uk/news/national/25448697.police-nepal-open-fire-anti-government-protesters-killing-17/,2025-09-08 23:00:00,English,Nepal,"Police in Nepal open fire on anti - government protesters , killing 17","Police in Nepal open fire on anti - government protesters , killing 17",sthelensstar.co.uk,existing_raw_gdelt,"Nepal (corruption OR nepotism OR ""nepo kids"" OR ""nepo baby"")",excluded,published_at_or_seen_at_is_at_or_after_2025-09-08T00:00:00
external_excluded_49f0b18cf35db6cf,GDELT,gdelt_doc,runcornandwidnesworld.co.uk,news_index,https://www.runcornandwidnesworld.co.uk/news/national/25448697.police-nepal-open-fire-anti-government-protesters-killing-17/,2025-09-08 23:00:00,English,Nepal,"Police in Nepal open fire on anti - government protesters , killing 17","Police in Nepal open fire on anti - government protesters , killing 17",runcornandwidnesworld.co.uk,existing_raw_gdelt,"Nepal (corruption OR nepotism OR ""nepo kids"" OR ""nepo baby"")",excluded,published_at_or_seen_at_is_at_or_after_2025-09-08T00:00:00
external_excluded_3240789eee05aef7,GDELT,gdelt_doc,traunsteiner-tagblatt.de,news_index,"https://www.traunsteiner-tagblatt.de/nachrichten_artikel,-19-tote-bei-strassenprotesten-gegen-regierung-in-nepal-_arid,955922.html",2025-09-08 22:45:00,German,Nepal,19 Tote bei Straßenprotesten gegen Regierung in Nepal,19 Tote bei Straßenprotesten gegen Regierung in Nepal,traunsteiner-tagblatt.de,existing_raw_gdelt,"Nepal (corruption OR nepotism OR ""nepo kids"" OR ""nepo baby"")",excluded,published_at_or_seen_at_is_at_or_after_2025-09-08T00:00:00
external_excluded_33920c141957f883,GDELT,gdelt_doc,india.com,news_index,https://www.india.com/news/india/social-media-restored-in-nepal-after-violent-protest-8062549/,2025-09-08 22:45:00,English,Nepal,Social media restored in Nepal after violent protest,Social media restored in Nepal after violent protest,india.com,existing_raw_gdelt,"Nepal (corruption OR nepotism OR ""nepo kids"" OR ""nepo baby"")",excluded,published_at_or_seen_at_is_at_or_after_2025-09-08T00:00:00
external_excluded_963205309441296d,GDELT,gdelt_doc,mendocinobeacon.com,news_index,https://www.mendocinobeacon.com/2025/09/08/nepal-social-media-protest/,2025-09-08 22:45:00,English,Nepal,"Police open fire on protests of Nepal social media policy , killing at least 17","Police open fire on protests of Nepal social media policy , killing at least 17",mendocinobeacon.com,existing_raw_gdelt,"Nepal (corruption OR nepotism OR ""nepo kids"" OR ""nepo baby"")",excluded,published_at_or_seen_at_is_at_or_after_2025-09-08T00:00:00
external_excluded_d3360916b2612fbf,GDELT,gdelt_doc,antenne.de,news_index,https://www.antenne.de/nachrichten/welt/16-tote-bei-strassenprotesten-gegen-regierung-in-nepal,2025-09-08 22:45:00,German,Nepal,19 Tote bei Straßenprotesten gegen Regierung in Nepal,19 Tote bei Straßenprotesten gegen Regierung in Nepal,antenne.de,existing_raw_gdelt,"Nepal (corruption OR nepotism OR ""nepo kids"" OR ""nepo baby"")",excluded,published_at_or_seen_at_is_at_or_after_2025-09-08T00:00:00
external_excluded_62a5de1fbbe87d97,GDELT,gdelt_doc,thurrockgazette.co.uk,news_index,https://www.thurrockgazette.co.uk/news/national/25448697.police-nepal-open-fire-anti-government-protesters-killing-17/,2025-09-08 22:45:00,English,Nepal,"Police in Nepal open fire on anti - government protesters , killing 17","Police in Nepal open fire on anti - government protesters , killing 17",thurrockgazette.co.uk,existing_raw_gdelt,"Nepal (corruption OR nepotism OR ""nepo kids"" OR ""nepo baby"")",excluded,published_at_or_seen_at_is_at_or_after_2025-09-08T00:00:00
external_excluded_973bfeb68a94ae06,GDELT,gdelt_doc,thenorthernecho.co.uk,news_index,https://www.thenorthernecho.co.uk/news/national/25448697.police-nepal-open-fire-anti-government-protesters-killing-17/,2025-09-08 22:45:00,English,Nepal,"Police in Nepal open fire on anti - government protesters , killing 17","Police in Nepal open fire on anti - government protesters , killing 17",thenorthernecho.co.uk,existing_raw_gdelt,"Nepal (corruption OR nepotism OR ""nepo kids"" OR ""nepo baby"")",excluded,published_at_or_seen_at_is_at_or_after_2025-09-08T00:00:00
external_excluded_256fc6e81fcebaf0,GDELT,gdelt_doc,borehamwoodtimes.co.uk,news_index,https://www.borehamwoodtimes.co.uk/news/national/25448697.police-nepal-open-fire-anti-government-protesters-killing-17/,2025-09-08 22:45:00,English,Nepal,"Police in Nepal open fire on anti - government protesters , killing 17","Police in Nepal open fire on anti - government protesters , killing 17",borehamwoodtimes.co.uk,existing_raw_gdelt,"Nepal (corruption OR nepotism OR ""nepo kids"" OR ""nepo baby"")",excluded,published_at_or_seen_at_is_at_or_after_2025-09-08T00:00:00
external_excluded_bed8abfb03a5cbda,GDELT,gdelt_doc,northwalespioneer.co.uk,news_index,https://www.northwalespioneer.co.uk/news/national/25448697.police-nepal-open-fire-anti-government-protesters-killing-17/,2025-09-08 22:45:00,English,Nepal,"Police in Nepal open fire on anti - government protesters , killing 17","Police in Nepal open fire on anti - government protesters , killing 17",northwalespioneer.co.uk,existing_raw_gdelt,"Nepal (corruption OR nepotism OR ""nepo kids"" OR ""nepo baby"")",excluded,published_at_or_seen_at_is_at_or_after_2025-09-08T00:00:00
external_excluded_65395d2464bce559,GDELT,gdelt_doc,braintreeandwithamtimes.co.uk,news_index,https://www.braintreeandwithamtimes.co.uk/news/national/25448697.police-nepal-open-fire-anti-government-protesters-killing-17/,2025-09-08 22:45:00,English,Nepal,"Police in Nepal open fire on anti - government protesters , killing 17","Police in Nepal open fire on anti - government protesters , killing 17",braintreeandwithamtimes.co.uk,existing_raw_gdelt,"Nepal (corruption OR nepotism OR ""nepo kids"" OR ""nepo baby"")",excluded,published_at_or_seen_at_is_at_or_after_2025-09-08T00:00:00
external_excluded_b0d6cca88fc44aa5,GDELT,gdelt_doc,theboltonnews.co.uk,news_index,https://www.theboltonnews.co.uk/news/national/25448697.police-nepal-open-fire-anti-government-protesters-killing-17/,2025-09-08 22:30:00,English,Nepal,"Police in Nepal open fire on anti - government protesters , killing 17","Police in Nepal open fire on anti - government protesters , killing 17",theboltonnews.co.uk,existing_raw_gdelt,"Nepal (corruption OR nepotism OR ""nepo kids"" OR ""nepo baby"")",excluded,published_at_or_seen_at_is_at_or_after_2025-09-08T00:00:00
external_excluded_5c6a3968f731f03d,GDELT,gdelt_doc,premiumtimesng.com,news_index,https://www.premiumtimesng.com/news/top-news/819730-19-killed-in-nepal-as-police-open-fire-on-protesters.html,2025-09-08 22:30:00,English,Nepal,19 killed in Nepal as police open fire on protesters,19 killed in Nepal as police open fire on protesters,premiumtimesng.com,existing_raw_gdelt,"Nepal (corruption OR nepotism OR ""nepo kids"" OR ""nepo baby"")",excluded,published_at_or_seen_at_is_at_or_after_2025-09-08T00:00:00
external_excluded_0c7eb4ff97b5591f,GDELT,gdelt_doc,article.wn.com,news_index,https://article.wn.com/view/2025/09/08/At_least_17_killed_in_Nepal_protest_over_corruption_social_m/,2025-09-08 22:30:00,English,Nepal,"At least 17 killed in Nepal protest over corruption , social media ban","At least 17 killed in Nepal protest over corruption , social media ban",article.wn.com,existing_raw_gdelt,"Nepal (corruption OR nepotism OR ""nepo kids"" OR ""nepo baby"")",excluded,published_at_or_seen_at_is_at_or_after_2025-09-08T00:00:00
external_excluded_11726c9eb8a2f7a6,GDELT,gdelt_doc,wiltshiretimes.co.uk,news_index,https://www.wiltshiretimes.co.uk/news/national/25448697.police-nepal-open-fire-anti-government-protesters-killing-17/,2025-09-08 22:30:00,English,Nepal,"Police in Nepal open fire on anti - government protesters , killing 17","Police in Nepal open fire on anti - government protesters , killing 17",wiltshiretimes.co.uk,existing_raw_gdelt,"Nepal (corruption OR nepotism OR ""nepo kids"" OR ""nepo baby"")",excluded,published_at_or_seen_at_is_at_or_after_2025-09-08T00:00:00
external_excluded_12cbda82cd0100fc,GDELT,gdelt_doc,gujaratsamachar.com,news_index,https://www.gujaratsamachar.com/news/international/nepal-gen-z-protest-china-angle-social-media-ban-army-deployed,2025-09-08 22:30:00,Gujarati,Nepal,નેપાળમાં શાળા - કોલેજમાં ભણતા યુવાનોએ કેમ કર્યો બળવો ? શું માત્ર સોશિયલ મીડિયા જ જવાબદાર ?,નેપાળમાં શાળા - કોલેજમાં ભણતા યુવાનોએ કેમ કર્યો બળવો ? શું માત્ર સોશિયલ મીડિયા જ જવાબદાર ?,gujaratsamachar.com,existing_raw_gdelt,"Nepal (corruption OR nepotism OR ""nepo kids"" OR ""nepo baby"")",excluded,published_at_or_seen_at_is_at_or_after_2025-09-08T00:00:00
external_excluded_a339c364d4def739,GDELT,gdelt_doc,thetimes-tribune.com,news_index,https://www.thetimes-tribune.com/2025/09/08/nepal-social-media-protest/,2025-09-08 22:30:00,English,Nepal,"Police open fire on protests of Nepal social media policy , killing at least 17","Police open fire on protests of Nepal social media policy , killing at least 17",thetimes-tribune.com,existing_raw_gdelt,"Nepal (corruption OR nepotism OR ""nepo kids"" OR ""nepo baby"")",excluded,published_at_or_seen_at_is_at_or_after_2025-09-08T00:00:00
external_excluded_e2890aa0f55c7353,GDELT,gdelt_doc,sirajlive.com,news_index,https://www.sirajlive.com/nepal-protests-death-toll-rises-to-20-home-minister-resigns.html,2025-09-08 22:30:00,Malayalam,Nepal,നേപ്പാളിലെ ജെന്‍ സി പ്രക്ഷോഭം ; കൊല്ലപ്പെട്ടവരുടെ എണ്ണം 20 ആയി ; രാജി നല്‍കി ആഭ്യന്തര മന്ത്രി,നേപ്പാളിലെ ജെന്‍ സി പ്രക്ഷോഭം ; കൊല്ലപ്പെട്ടവരുടെ എണ്ണം 20 ആയി ; രാജി നല്‍കി ആഭ്യന്തര മന്ത്രി,sirajlive.com,existing_raw_gdelt,"Nepal (corruption OR nepotism OR ""nepo kids"" OR ""nepo baby"")",excluded,published_at_or_seen_at_is_at_or_after_2025-09-08T00:00:00
external_excluded_ce3098f82c538e75,GDELT,gdelt_doc,gazetteherald.co.uk,news_index,https://www.gazetteherald.co.uk/news/national/25448697.police-nepal-open-fire-anti-government-protesters-killing-17/,2025-09-08 22:30:00,English,Nepal,"Police in Nepal open fire on anti - government protesters , killing 17","Police in Nepal open fire on anti - government protesters , killing 17",gazetteherald.co.uk,existing_raw_gdelt,"Nepal (corruption OR nepotism OR ""nepo kids"" OR ""nepo baby"")",excluded,published_at_or_seen_at_is_at_or_after_2025-09-08T00:00:00
external_excluded_01c8fff9859b3dcf,GDELT,gdelt_doc,thedailystar.net,news_index,https://www.thedailystar.net/news/world/news/unrest-nepal-celebrities-back-gen-z-protesters-3981371,2025-09-08 22:30:00,English,Nepal,Unrest in Nepal : Celebrities back Gen Z protesters,Unrest in Nepal : Celebrities back Gen Z protesters,thedailystar.net,existing_raw_gdelt,"Nepal (corruption OR nepotism OR ""nepo kids"" OR ""nepo baby"")",excluded,published_at_or_seen_at_is_at_or_after_2025-09-08T00:00:00
external_excluded_a02a9eeba3c7e0e0,GDELT,gdelt_doc,lalibre.be,news_index,https://www.lalibre.be/dernieres-depeches/2025/09/08/nepal-au-moins-16-morts-lors-dune-manifestation-contre-le-blocage-des-reseaux-sociaux-YULGKI7HERB2VD3LDNLHFBCNLU/,2025-09-08 22:30:00,French,Nepal,Népal : la police ouvre le feu sur une manifestation contre le blocage des réseaux sociaux : 19 morts et 400 blessés,Népal : la police ouvre le feu sur une manifestation contre le blocage des réseaux sociaux : 19 morts et 400 blessés,lalibre.be,existing_raw_gdelt,"Nepal (corruption OR nepotism OR ""nepo kids"" OR ""nepo baby"")",excluded,published_at_or_seen_at_is_at_or_after_2025-09-08T00:00:00
external_excluded_91d8b9c4572c3bc3,GDELT,gdelt_doc,sandiegouniontribune.com,news_index,https://www.sandiegouniontribune.com/2025/09/08/nepal-social-media-protest/,2025-09-08 22:30:00,English,Nepal,"Police open fire on protests of Nepal social media policy , killing at least 17","Police open fire on protests of Nepal social media policy , killing at least 17",sandiegouniontribune.com,existing_raw_gdelt,"Nepal (corruption OR nepotism OR ""nepo kids"" OR ""nepo baby"")",excluded,published_at_or_seen_at_is_at_or_after_2025-09-08T00:00:00
external_excluded_0becf69b4c97ed9e,GDELT,gdelt_doc,baltimoresun.com,news_index,https://www.baltimoresun.com/2025/09/08/nepal-social-media-protest/,2025-09-08 22:15:00,English,Nepal,"Police open fire on protests of Nepal social media policy , killing at least 17","Police open fire on protests of Nepal social media policy , killing at least 17",baltimoresun.com,existing_raw_gdelt,"Nepal (corruption OR nepotism OR ""nepo kids"" OR ""nepo baby"")",excluded,published_at_or_seen_at_is_at_or_after_2025-09-08T00:00:00
external_excluded_8b9e2920894fbb6b,GDELT,gdelt_doc,nepalnational.com,news_index,http://www.nepalnational.com/news/278561134/nepal-home-minister-ramesh-lekhak-resigns-from-post-after-worst-violence-in-two-decades-which-claimed-19-lives,2025-09-08 22:15:00,English,Nepal,Nepal Home Minister Ramesh Lekhak resigns from post after worst violence in two decades which claimed 19 lives,Nepal Home Minister Ramesh Lekhak resigns from post after worst violence in two decades which claimed 19 lives,nepalnational.com,existing_raw_gdelt,"Nepal (corruption OR nepotism OR ""nepo kids"" OR ""nepo baby"")",excluded,published_at_or_seen_at_is_at_or_after_2025-09-08T00:00:00
external_excluded_15ff86fc74244dad,GDELT,gdelt_doc,surreycomet.co.uk,news_index,https://www.surreycomet.co.uk/news/national/25448697.police-nepal-open-fire-anti-government-protesters-killing-17/,2025-09-08 22:00:00,English,Nepal,"Police in Nepal open fire on anti - government protesters , killing 17","Police in Nepal open fire on anti - government protesters , killing 17",surreycomet.co.uk,existing_raw_gdelt,"Nepal (corruption OR nepotism OR ""nepo kids"" OR ""nepo baby"")",excluded,published_at_or_seen_at_is_at_or_after_2025-09-08T00:00:00
external_excluded_13981c47cf390147,GDELT,gdelt_doc,timesofmalta.com,news_index,https://timesofmalta.com/article/nepal-police-open-fire-killing-17-protesting-social-media-ban.1115890,2025-09-08 22:00:00,English,Nepal,"Nepal police open fire , killing 17 protesting corruption and social media ban","Nepal police open fire , killing 17 protesting corruption and social media ban",timesofmalta.com,existing_raw_gdelt,"Nepal (corruption OR nepotism OR ""nepo kids"" OR ""nepo baby"")",excluded,published_at_or_seen_at_is_at_or_after_2025-09-08T00:00:00
external_excluded_79629866fc175f7c,GDELT,gdelt_doc,wandsworthguardian.co.uk,news_index,https://www.wandsworthguardian.co.uk/news/national/25448697.police-nepal-open-fire-anti-government-protesters-killing-17/,2025-09-08 22:00:00,English,Nepal,"Police in Nepal open fire on anti - government protesters , killing 17","Police in Nepal open fire on anti - government protesters , killing 17",wandsworthguardian.co.uk,existing_raw_gdelt,"Nepal (corruption OR nepotism OR ""nepo kids"" OR ""nepo baby"")",excluded,published_at_or_seen_at_is_at_or_after_2025-09-08T00:00:00
external_excluded_a52612a9c276e1fe,GDELT,gdelt_doc,ashleycountyledger.com,news_index,https://www.ashleycountyledger.com/news/national/at-least-19-killed-in-nepal-protest-over-social-media-ban-corruption/article_86e82c42-a3a0-56b5-aaa5-29735e996ec3.html,2025-09-08 21:45:00,English,Nepal,"At least 19 killed in Nepal protest over social media ban , corruption","At least 19 killed in Nepal protest over social media ban , corruption",ashleycountyledger.com,existing_raw_gdelt,"Nepal (corruption OR nepotism OR ""nepo kids"" OR ""nepo baby"")",excluded,published_at_or_seen_at_is_at_or_after_2025-09-08T00:00:00
external_excluded_900d4bc35e596447,GDELT,gdelt_doc,stirileprotv.ro,news_index,https://stirileprotv.ro/stiri/international/cel-putin-19-morti-in-timpul-protestelor-zgen-z-din-nepal-izbucnite-dupa-blocarea-retelelor-sociale-peste-100-de-raniti.html,2025-09-08 21:30:00,Romanian,Nepal,"Cel puțin 19 morți în timpul protestelor „ Gen - Z din Nepal , izbucnite după blocarea rețelelor sociale . Peste 100 de răniți","Cel puțin 19 morți în timpul protestelor „ Gen - Z din Nepal , izbucnite după blocarea rețelelor sociale . Peste 100 de răniți",stirileprotv.ro,existing_raw_gdelt,"Nepal (corruption OR nepotism OR ""nepo kids"" OR ""nepo baby"")",excluded,published_at_or_seen_at_is_at_or_after_2025-09-08T00:00:00
external_excluded_7d9540949b9d9089,GDELT,gdelt_doc,hometownregister.com,news_index,https://www.hometownregister.com/news/national/at-least-19-killed-in-nepal-protest-over-social-media-ban-corruption/article_0cc59f27-fbc6-5931-b855-cc65aa6cff3e.html,2025-09-08 21:30:00,English,Nepal,"At least 19 killed in Nepal protest over social media ban , corruption","At least 19 killed in Nepal protest over social media ban , corruption",hometownregister.com,existing_raw_gdelt,"Nepal (corruption OR nepotism OR ""nepo kids"" OR ""nepo baby"")",excluded,published_at_or_seen_at_is_at_or_after_2025-09-08T00:00:00
external_excluded_5d0764ea77924902,GDELT,gdelt_doc,scoop.co.nz,news_index,https://www.scoop.co.nz/stories/WO2509/S00112/comment-by-un-human-rights-office-spokesperson-ravina-shamdasani-on-violence-during-protests-in-nepal.htm,2025-09-08 21:30:00,English,Nepal,Comment By UN Human Rights Office Spokesperson Ravina Shamdasani On Violence During Protests In Nepal,Comment By UN Human Rights Office Spokesperson Ravina Shamdasani On Violence During Protests In Nepal,scoop.co.nz,existing_raw_gdelt,"Nepal (corruption OR nepotism OR ""nepo kids"" OR ""nepo baby"")",excluded,published_at_or_seen_at_is_at_or_after_2025-09-08T00:00:00
external_excluded_58cfcd509ec5363f,GDELT,gdelt_doc,indiablooms.com,news_index,https://www.indiablooms.com/world/19-dead-as-nepal-erupts-in-violence-over-gen-z-protests-against-corruption-social-media-ban/details,2025-09-08 21:30:00,English,Nepal,"19 dead as Nepal erupts in violence over Gen - Z protest against corruption , social media ban | Indiablooms","19 dead as Nepal erupts in violence over Gen - Z protest against corruption , social media ban | Indiablooms",indiablooms.com,existing_raw_gdelt,"Nepal (corruption OR nepotism OR ""nepo kids"" OR ""nepo baby"")",excluded,published_at_or_seen_at_is_at_or_after_2025-09-08T00:00:00
external_excluded_297028ca136056d4,GDELT,gdelt_doc,ummid.com,news_index,https://www.ummid.com/news/2025/september/08-09-2025/nepal-gen-z-protest-leaves-14-dead-un-body-calls-for-probe.html,2025-09-08 21:30:00,English,Nepal,"Nepal Gen Z protest leaves 14 dead , UN body calls for probe","Nepal Gen Z protest leaves 14 dead , UN body calls for probe",ummid.com,existing_raw_gdelt,"Nepal (corruption OR nepotism OR ""nepo kids"" OR ""nepo baby"")",excluded,published_at_or_seen_at_is_at_or_after_2025-09-08T00:00:00
external_excluded_587c8e18bfc8b3ef,GDELT,gdelt_doc,jagran.com,news_index,https://www.jagran.com/news/national-manisha-koirala-condemns-violence-against-nepal-protesters-over-social-media-ban-24040521.html,2025-09-08 21:30:00,Hindi,Nepal,"नेपाल के लिए काला दिन , सोशल मीडिया बैन के बाद मचे बवाल पर मनीषा कोइराला ने तोड़ी चुप्पी - Manisha Koirala Condemns Violence Against Nepal Protesters Over Social Media Ban","नेपाल के लिए काला दिन , सोशल मीडिया बैन के बाद मचे बवाल पर मनीषा कोइराला ने तोड़ी चुप्पी - Manisha Koirala Condemns Violence Against Nepal Protesters Over Social Media Ban",jagran.com,existing_raw_gdelt,"Nepal (corruption OR nepotism OR ""nepo kids"" OR ""nepo baby"")",excluded,published_at_or_seen_at_is_at_or_after_2025-09-08T00:00:00
external_excluded_a1757eba5d1a8ced,GDELT,gdelt_doc,aninews.in,news_index,https://aninews.in/news/world/asia/nepal-committee-formed-to-investigate-mondays-violence-that-claimed-19-lives20250909001724/,2025-09-08 21:15:00,English,Nepal,Nepal : Committee formed to investigate Monday violence that claimed 19 lives,Nepal : Committee formed to investigate Monday violence that claimed 19 lives,aninews.in,existing_raw_gdelt,"Nepal (corruption OR nepotism OR ""nepo kids"" OR ""nepo baby"")",excluded,published_at_or_seen_at_is_at_or_after_2025-09-08T00:00:00
external_excluded_891044b33d51c7c5,GDELT,gdelt_doc,alphatv.gr,news_index,https://www.alphatv.gr/news/kosmos/article/203653/nepal-toulahiston-16-nekroi-kata-tin-katastoli-adikuvernitikon-diadiloseon/,2025-09-08 21:00:00,Greek,Nepal,Νεπάλ : Τουλάχιστον 16 νεκροί κατά την καταστολή αντικυβερνητικών διαδηλώσεων,Νεπάλ : Τουλάχιστον 16 νεκροί κατά την καταστολή αντικυβερνητικών διαδηλώσεων,alphatv.gr,existing_raw_gdelt,"Nepal (corruption OR nepotism OR ""nepo kids"" OR ""nepo baby"")",excluded,published_at_or_seen_at_is_at_or_after_2025-09-08T00:00:00
external_excluded_a5165627995afe49,GDELT,gdelt_doc,nzherald.co.nz,news_index,https://www.nzherald.co.nz/world/nepal-protests-17-killed-as-police-clash-with-crowds-over-social-media-ban/3WWL5E6JZ5BHHEWYDTOJF73FNE/,2025-09-08 21:00:00,English,Nepal,Nepal protests : 17 killed as police clash with crowds over social media ban,Nepal protests : 17 killed as police clash with crowds over social media ban,nzherald.co.nz,existing_raw_gdelt,"Nepal (corruption OR nepotism OR ""nepo kids"" OR ""nepo baby"")",excluded,published_at_or_seen_at_is_at_or_after_2025-09-08T00:00:00
external_excluded_762031c3ea527e08,GDELT,gdelt_doc,sconeadvocate.com.au,news_index,https://www.sconeadvocate.com.au/story/9061193/nepalese-police-shoot-dead-19-social-media-protesters/,2025-09-08 21:00:00,English,Nepal,Nepalese police shoot dead 19 social media protesters,Nepalese police shoot dead 19 social media protesters,sconeadvocate.com.au,existing_raw_gdelt,"Nepal (corruption OR nepotism OR ""nepo kids"" OR ""nepo baby"")",excluded,published_at_or_seen_at_is_at_or_after_2025-09-08T00:00:00
external_excluded_75dee59529976b04,GDELT,gdelt_doc,rtvslo.si,news_index,https://www.rtvslo.si/svet/v-nepalu-protesti-zaradi-blokade-druzbenih-omrezij-zahtevali-zrtve/756953,2025-09-08 21:00:00,Slovenian,Nepal,V Nepalu protesti zaradi blokade družbenih omrežij zahtevali žrtve,V Nepalu protesti zaradi blokade družbenih omrežij zahtevali žrtve,rtvslo.si,existing_raw_gdelt,"Nepal (corruption OR nepotism OR ""nepo kids"" OR ""nepo baby"")",excluded,published_at_or_seen_at_is_at_or_after_2025-09-08T00:00:00
external_excluded_dec7581454bb3297,GDELT,gdelt_doc,lz.de,news_index,https://www.lz.de/ueberregional/nachrichten/24170941_16-Tote-bei-Strassenprotesten-gegen-Regierung-in-Nepal.html,2025-09-08 21:00:00,German,Nepal,19 Tote bei Straßenprotesten gegen Regierung in Nepal | Nachrichten aus aller Welt,19 Tote bei Straßenprotesten gegen Regierung in Nepal | Nachrichten aus aller Welt,lz.de,existing_raw_gdelt,"Nepal (corruption OR nepotism OR ""nepo kids"" OR ""nepo baby"")",excluded,published_at_or_seen_at_is_at_or_after_2025-09-08T00:00:00
external_excluded_6ab89fd695312cb8,GDELT,gdelt_doc,singtaousa.com,news_index,https://www.singtaousa.com/2025-09-08/world-14-killed-as-police-open-fire-on-gen-z-protest-in-baneshwar/5324744,2025-09-08 21:00:00,Chinese,Nepal,加德滿都爆發衝突 ： 警方開火致14人死亡 ， 抗議持續升溫,加德滿都爆發衝突 ： 警方開火致14人死亡 ， 抗議持續升溫,singtaousa.com,existing_raw_gdelt,"Nepal (corruption OR nepotism OR ""nepo kids"" OR ""nepo baby"")",excluded,published_at_or_seen_at_is_at_or_after_2025-09-08T00:00:00
external_excluded_6ba271bc30a04ed8,GDELT,gdelt_doc,calcuttanews.net,news_index,http://www.calcuttanews.net/news/278561376/nepal-committee-formed-to-investigate-monday-violence-that-claimed-19-lives,2025-09-08 21:00:00,English,Nepal,Nepal : Committee formed to investigate Monday violence that claimed 19 lives,Nepal : Committee formed to investigate Monday violence that claimed 19 lives,calcuttanews.net,existing_raw_gdelt,"Nepal (corruption OR nepotism OR ""nepo kids"" OR ""nepo baby"")",excluded,published_at_or_seen_at_is_at_or_after_2025-09-08T00:00:00
external_excluded_0071f2cca1337a9c,GDELT,gdelt_doc,zeit.de,news_index,https://www.zeit.de/politik/ausland/2025-09/nepal-proteste-19-tote-social-media,2025-09-08 21:00:00,German,Nepal,Nepal : Mindestens 19 Menschen bei Straßenprotesten in Nepal getötet,Nepal : Mindestens 19 Menschen bei Straßenprotesten in Nepal getötet,zeit.de,existing_raw_gdelt,"Nepal (corruption OR nepotism OR ""nepo kids"" OR ""nepo baby"")",excluded,published_at_or_seen_at_is_at_or_after_2025-09-08T00:00:00
external_excluded_91487216736905ec,GDELT,gdelt_doc,newcastleherald.com.au,news_index,https://www.newcastleherald.com.au/story/9061193/nepalese-police-shoot-dead-19-social-media-protesters/,2025-09-08 21:00:00,English,Nepal,Nepalese police shoot dead 19 social media protesters,Nepalese police shoot dead 19 social media protesters,newcastleherald.com.au,existing_raw_gdelt,"Nepal (corruption OR nepotism OR ""nepo kids"" OR ""nepo baby"")",excluded,published_at_or_seen_at_is_at_or_after_2025-09-08T00:00:00
external_excluded_54ea0f2eec588906,GDELT,gdelt_doc,wataugademocrat.com,news_index,https://www.wataugademocrat.com/news/national/at-least-19-killed-in-nepal-protest-over-social-media-ban-corruption/article_6b6e841a-4af9-5e0f-91bd-1b180e45eb15.html,2025-09-08 21:00:00,English,Nepal,"At least 19 killed in Nepal protest over social media ban , corruption","At least 19 killed in Nepal protest over social media ban , corruption",wataugademocrat.com,existing_raw_gdelt,"Nepal (corruption OR nepotism OR ""nepo kids"" OR ""nepo baby"")",excluded,published_at_or_seen_at_is_at_or_after_2025-09-08T00:00:00
external_excluded_9985fd077d9183e6,GDELT,gdelt_doc,mykxlg.com,news_index,https://www.mykxlg.com/news/national/at-least-19-killed-in-nepal-protest-over-social-media-ban-corruption/article_f490d015-5759-5765-89b7-9692cc4c6aca.html,2025-09-08 20:45:00,English,Nepal,"At least 19 killed in Nepal protest over social media ban , corruption","At least 19 killed in Nepal protest over social media ban , corruption",mykxlg.com,existing_raw_gdelt,"Nepal (corruption OR nepotism OR ""nepo kids"" OR ""nepo baby"")",excluded,published_at_or_seen_at_is_at_or_after_2025-09-08T00:00:00
external_excluded_e7fdcca0a1b029d0,GDELT,gdelt_doc,lapresse.ca,news_index,https://www.lapresse.ca/international/asie-et-oceanie/2025-09-08/nepal/au-moins-19-morts-lors-d-une-manifestation-contre-le-blocage-des-reseaux-sociaux.php,2025-09-08 20:45:00,French,Nepal,Népal | Au moins 19 morts lors dune manifestation contre le blocage des réseaux sociaux,Népal | Au moins 19 morts lors dune manifestation contre le blocage des réseaux sociaux,lapresse.ca,existing_raw_gdelt,"Nepal (corruption OR nepotism OR ""nepo kids"" OR ""nepo baby"")",excluded,published_at_or_seen_at_is_at_or_after_2025-09-08T00:00:00
external_excluded_db58623cf720dc97,GDELT,gdelt_doc,the-messenger.com,news_index,https://www.the-messenger.com/news/national/article_35563409-0056-5b33-95a8-b94fd206a3f8.html,2025-09-08 20:45:00,English,Nepal,"At least 19 killed in Nepal protest over social media ban , corruption","At least 19 killed in Nepal protest over social media ban , corruption",the-messenger.com,existing_raw_gdelt,"Nepal (corruption OR nepotism OR ""nepo kids"" OR ""nepo baby"")",excluded,published_at_or_seen_at_is_at_or_after_2025-09-08T00:00:00
external_excluded_73d886483a7aa32c,GDELT,gdelt_doc,tagesschau.de,news_index,https://www.tagesschau.de/ausland/asien/nepal-demonstranten-tote-102.html,2025-09-08 20:45:00,German,Nepal,Genz Z protestiert in Nepal für einen politischen Neuanfang,Genz Z protestiert in Nepal für einen politischen Neuanfang,tagesschau.de,existing_raw_gdelt,"Nepal (corruption OR nepotism OR ""nepo kids"" OR ""nepo baby"")",excluded,published_at_or_seen_at_is_at_or_after_2025-09-08T00:00:00
external_excluded_eb34108fa51c29e0,GDELT,gdelt_doc,dailynayadiganta.com,news_index,https://dailynayadiganta.com/international/asia/pPWiVbzdsHaB,2025-09-08 20:30:00,Bengali,Nepal,পদত্যাগ করলেন নেপালের স্বরাষ্ট্রমন্ত্রী,পদত্যাগ করলেন নেপালের স্বরাষ্ট্রমন্ত্রী,dailynayadiganta.com,existing_raw_gdelt,"Nepal (corruption OR nepotism OR ""nepo kids"" OR ""nepo baby"")",excluded,published_at_or_seen_at_is_at_or_after_2025-09-08T00:00:00
external_excluded_58fdb8e83641a661,GDELT,gdelt_doc,jpost.com,news_index,https://www.jpost.com/international/article-866791,2025-09-08 20:00:00,English,Nepal,"17 killed , more than 300 wounded in Nepal Gen Z protests","17 killed , more than 300 wounded in Nepal Gen Z protests",jpost.com,existing_raw_gdelt,"Nepal (corruption OR nepotism OR ""nepo kids"" OR ""nepo baby"")",excluded,published_at_or_seen_at_is_at_or_after_2025-09-08T00:00:00
external_excluded_b2ab5bf003ab9da5,GDELT,gdelt_doc,sigmalive.com,news_index,https://www.sigmalive.com/news/international/1287352/nepal-stoys-19-oi-nekri-kata-ti-viaii-katastoli-antikivernitikwn-diadilwseon,2025-09-08 19:45:00,Greek,Nepal,Νεπάλ : Στους 19 οι νεκροί κατά τη βίαιη καταστολή αντικυβερνητικών διαδηλώσεων,Νεπάλ : Στους 19 οι νεκροί κατά τη βίαιη καταστολή αντικυβερνητικών διαδηλώσεων,sigmalive.com,existing_raw_gdelt,"Nepal (corruption OR nepotism OR ""nepo kids"" OR ""nepo baby"")",excluded,published_at_or_seen_at_is_at_or_after_2025-09-08T00:00:00
external_excluded_0552e7bbc2c753f7,GDELT,gdelt_doc,timesofearth.com,news_index,https://www.timesofearth.com/2025/09/08/at-least-19-dead-in-nepal-after-gen-z-protests-at-corruption-and-social-media-ban/,2025-09-08 19:45:00,English,Nepal,At least 19 dead in Nepal after Gen Z protests at corruption and social media ban,At least 19 dead in Nepal after Gen Z protests at corruption and social media ban,timesofearth.com,existing_raw_gdelt,"Nepal (corruption OR nepotism OR ""nepo kids"" OR ""nepo baby"")",excluded,published_at_or_seen_at_is_at_or_after_2025-09-08T00:00:00
external_excluded_0074983fb201c58a,GDELT,gdelt_doc,livemint.com,news_index,https://www.livemint.com/news/world/nepal-home-minister-ramesh-lekhak-resigns-after-19-killed-in-gen-z-protests-over-corruption-social-media-ban-11757342835513.html,2025-09-08 19:45:00,English,Nepal,"Nepal Home Minister Ramesh Lekhak resigns after 19 killed in Gen Z protests over corruption , social media ban","Nepal Home Minister Ramesh Lekhak resigns after 19 killed in Gen Z protests over corruption , social media ban",livemint.com,existing_raw_gdelt,"Nepal (corruption OR nepotism OR ""nepo kids"" OR ""nepo baby"")",excluded,published_at_or_seen_at_is_at_or_after_2025-09-08T00:00:00
external_excluded_ade6ac84f836cb3c,GDELT,gdelt_doc,livemint.com,news_index,https://www.livemint.com/news/world/nepal-lifts-social-media-ban-after-deadly-youth-protests-facebook-x-and-whatsapp-restored-following-19-deaths-11757358567146.html,2025-09-08 19:45:00,English,Nepal,Nepal lifts social media ban after 19 killed and over 300 injured in youth protests,Nepal lifts social media ban after 19 killed and over 300 injured in youth protests,livemint.com,existing_raw_gdelt,"Nepal (corruption OR nepotism OR ""nepo kids"" OR ""nepo baby"")",excluded,published_at_or_seen_at_is_at_or_after_2025-09-08T00:00:00
external_excluded_c637218ada94c0e5,GDELT,gdelt_doc,manilatimes.net,news_index,https://www.manilatimes.net/2025/09/09/world/asia-oceania/thousands-protest-in-nepal-over-social-media-ban-corruption/2180810,2025-09-08 19:45:00,English,Nepal,"Thousands protest in Nepal over social media ban , corruption","Thousands protest in Nepal over social media ban , corruption",manilatimes.net,existing_raw_gdelt,"Nepal (corruption OR nepotism OR ""nepo kids"" OR ""nepo baby"")",excluded,published_at_or_seen_at_is_at_or_after_2025-09-08T00:00:00
external_excluded_d0a1dca28ba38507,GDELT,gdelt_doc,rsi.ch,news_index,https://www.rsi.ch/info/mondo/La-protesta-per-i-social-vietati-in-Nepal-finisce-nel-sangue--3098486.html,2025-09-08 19:45:00,Italian,Nepal,La protesta per i social vietati in Nepal finisce nel sangue,La protesta per i social vietati in Nepal finisce nel sangue,rsi.ch,existing_raw_gdelt,"Nepal (corruption OR nepotism OR ""nepo kids"" OR ""nepo baby"")",excluded,published_at_or_seen_at_is_at_or_after_2025-09-08T00:00:00
external_excluded_8da0c76f436a49ae,GDELT,gdelt_doc,laregione.ch,news_index,https://www.laregione.ch/estero/estero/1866412/social-governo-polizia-media-manifestanti,2025-09-08 19:45:00,Italian,Nepal,Proteste in Nepal contro il divieto social : 17 morti,Proteste in Nepal contro il divieto social : 17 morti,laregione.ch,existing_raw_gdelt,"Nepal (corruption OR nepotism OR ""nepo kids"" OR ""nepo baby"")",excluded,published_at_or_seen_at_is_at_or_after_2025-09-08T00:00:00
external_excluded_9dd318ab4e9262cb,GDELT,gdelt_doc,news.bg,news_index,https://news.bg/int-politics/19-zaginali-i-stotitsi-raneni-pri-protestite-v-nepal.html,2025-09-08 19:45:00,Bulgarian,Nepal,19 загинали и стотици ранени при протестите в Непал,19 загинали и стотици ранени при протестите в Непал,news.bg,existing_raw_gdelt,"Nepal (corruption OR nepotism OR ""nepo kids"" OR ""nepo baby"")",excluded,published_at_or_seen_at_is_at_or_after_2025-09-08T00:00:00
external_excluded_315a3c82913bed7e,GDELT,gdelt_doc,skaikritis.gr,news_index,https://www.skaikritis.gr/oie-amesi-erevna-gia-tous-17-thanatous-diadiloton-se-viaii-dialysi-sto-nepal/,2025-09-08 19:45:00,Greek,Nepal,ΟΗΕ : Άμεση έρευνα για τους 17 θανάτους διαδηλωτών σε βίαιη διάλυση στο Νεπάλ,ΟΗΕ : Άμεση έρευνα για τους 17 θανάτους διαδηλωτών σε βίαιη διάλυση στο Νεπάλ,skaikritis.gr,existing_raw_gdelt,"Nepal (corruption OR nepotism OR ""nepo kids"" OR ""nepo baby"")",excluded,published_at_or_seen_at_is_at_or_after_2025-09-08T00:00:00
external_excluded_fa690e4fe9950630,GDELT,gdelt_doc,manoramanews.com,news_index,https://www.manoramanews.com/gulf-and-global/world/2025/09/08/nepal-protests-spread-home-minister-resigns.html,2025-09-08 19:30:00,Malayalam,Nepal,Nepal Home Minister Resigns Amidst Social Media Ban Protests| ജെന്‍ സി കലാപം ; മരണം 19 ആയി ; നേപ്പാള്‍ ആഭ്യന്തരമന്ത്രി രാജിവെച്ചു,Nepal Home Minister Resigns Amidst Social Media Ban Protests| ജെന്‍ സി കലാപം ; മരണം 19 ആയി ; നേപ്പാള്‍ ആഭ്യന്തരമന്ത്രി രാജിവെച്ചു,manoramanews.com,existing_raw_gdelt,"Nepal (corruption OR nepotism OR ""nepo kids"" OR ""nepo baby"")",excluded,published_at_or_seen_at_is_at_or_after_2025-09-08T00:00:00
external_excluded_6f8d603ec6e951ef,GDELT,gdelt_doc,channelstv.com,news_index,https://www.channelstv.com/2025/09/08/at-least-16-killed-in-nepal-protest-over-social-media-ban/,2025-09-08 19:30:00,English,Nepal,At Least 16 Killed In Nepal Protest Over Social Media Ban,At Least 16 Killed In Nepal Protest Over Social Media Ban,channelstv.com,existing_raw_gdelt,"Nepal (corruption OR nepotism OR ""nepo kids"" OR ""nepo baby"")",excluded,published_at_or_seen_at_is_at_or_after_2025-09-08T00:00:00
external_excluded_824ea3ba0142561a,GDELT,gdelt_doc,aninews.in,news_index,https://aninews.in/news/world/asia/nepal-sees-deadliest-protests-in-20-years-19-killed-amid-social-media-ban-unrest20250908231728/,2025-09-08 19:30:00,English,Nepal,Nepal sees deadliest protests in nearly 20 years ; 19 killed amid social media ban unrest,Nepal sees deadliest protests in nearly 20 years ; 19 killed amid social media ban unrest,aninews.in,existing_raw_gdelt,"Nepal (corruption OR nepotism OR ""nepo kids"" OR ""nepo baby"")",excluded,published_at_or_seen_at_is_at_or_after_2025-09-08T00:00:00
external_excluded_b08ecbe845e195a4,GDELT,gdelt_doc,pelop.gr,news_index,https://pelop.gr/tragodia-19-nekroi-sto-nepal-se-antikyvernitikes-diadiloseis-foto-vinteo/,2025-09-08 19:30:00,Greek,Nepal,"Τραγωδία . 19 νεκροί στο Νεπάλ σε αντικυβερνητικές διαδηλώσεις ΦΩΤΟ , ΒΙΝΤΕΟ","Τραγωδία . 19 νεκροί στο Νεπάλ σε αντικυβερνητικές διαδηλώσεις ΦΩΤΟ , ΒΙΝΤΕΟ",pelop.gr,existing_raw_gdelt,"Nepal (corruption OR nepotism OR ""nepo kids"" OR ""nepo baby"")",excluded,published_at_or_seen_at_is_at_or_after_2025-09-08T00:00:00
external_excluded_7804a76b31f2d60f,GDELT,gdelt_doc,news.webindia123.com,news_index,https://news.webindia123.com/news/Articles/World/20250908/4359014.html,2025-09-08 19:30:00,English,Nepal,Nepal sees deadliest protests in 20 years ; 19 killed amid social media ban unrest,Nepal sees deadliest protests in 20 years ; 19 killed amid social media ban unrest,news.webindia123.com,existing_raw_gdelt,"Nepal (corruption OR nepotism OR ""nepo kids"" OR ""nepo baby"")",excluded,published_at_or_seen_at_is_at_or_after_2025-09-08T00:00:00
external_excluded_7bf7e5aa00ba8b17,GDELT,gdelt_doc,article.wn.com,news_index,https://article.wn.com/view/2025/09/08/At_least_17_killed_in_Nepal_protest_over_social_media_ban_co_f/,2025-09-08 19:30:00,English,Nepal,"At least 17 killed in Nepal protest over social media ban , corruption","At least 17 killed in Nepal protest over social media ban , corruption",article.wn.com,existing_raw_gdelt,"Nepal (corruption OR nepotism OR ""nepo kids"" OR ""nepo baby"")",excluded,published_at_or_seen_at_is_at_or_after_2025-09-08T00:00:00
external_excluded_f80e03fef97548a3,GDELT,gdelt_doc,bd-pratidin.com,news_index,https://www.bd-pratidin.com/first-page/2025/09/09/1155629,2025-09-08 19:30:00,Bengali,Nepal,জেন - জির বিক্ষোভে উত্তাল নেপাল | | বাংলাদেশ প্রতিদিন,জেন - জির বিক্ষোভে উত্তাল নেপাল | | বাংলাদেশ প্রতিদিন,bd-pratidin.com,existing_raw_gdelt,"Nepal (corruption OR nepotism OR ""nepo kids"" OR ""nepo baby"")",excluded,published_at_or_seen_at_is_at_or_after_2025-09-08T00:00:00
external_excluded_b5f8a518b71542bb,GDELT,gdelt_doc,hindi.webdunia.com,news_index,https://hindi.webdunia.com/international-hindi-news/nepal-protests-updates-violence-erupts-gen-z-social-media-facebook-instagram-ban-violence-prime-minister-kp-sharma-125090800083_1.html,2025-09-08 19:30:00,Hindi,Nepal,"Nepal में हालात बेकाबू , तोड़फोड़ करने वालों को देखते ही गोली मारने के आदेश , गृह मंत्री ने दिया इस्तीफा","Nepal में हालात बेकाबू , तोड़फोड़ करने वालों को देखते ही गोली मारने के आदेश , गृह मंत्री ने दिया इस्तीफा",hindi.webdunia.com,existing_raw_gdelt,"Nepal (corruption OR nepotism OR ""nepo kids"" OR ""nepo baby"")",excluded,published_at_or_seen_at_is_at_or_after_2025-09-08T00:00:00
external_excluded_a1868bd955a76811,GDELT,gdelt_doc,hoy.com.do,news_index,https://hoy.com.do/estallan-protestas-juveniles-en-nepal-19-muertos-y-mas-de-300-heridos-por-bloqueo-de-redes-sociales/,2025-09-08 19:30:00,Spanish,Nepal,Estallan protestas juveniles en Nepal : 19 muertos y más de 300 heridos por bloqueo de redes sociales,Estallan protestas juveniles en Nepal : 19 muertos y más de 300 heridos por bloqueo de redes sociales,hoy.com.do,existing_raw_gdelt,"Nepal (corruption OR nepotism OR ""nepo kids"" OR ""nepo baby"")",excluded,published_at_or_seen_at_is_at_or_after_2025-09-08T00:00:00
external_excluded_25dfbaaa92879bde,GDELT,gdelt_doc,volksstimme.de,news_index,https://www.volksstimme.de/deutschland-und-welt/politik/19-tote-bei-strassenprotesten-gegen-regierung-in-nepal-4111795,2025-09-08 19:30:00,German,Nepal,Unruhen : 19 Tote bei Straßenprotesten gegen Regierung in Nepal,Unruhen : 19 Tote bei Straßenprotesten gegen Regierung in Nepal,volksstimme.de,existing_raw_gdelt,"Nepal (corruption OR nepotism OR ""nepo kids"" OR ""nepo baby"")",excluded,published_at_or_seen_at_is_at_or_after_2025-09-08T00:00:00
external_excluded_0af6e61fcdc3432e,GDELT,gdelt_doc,worthynews.com,news_index,https://www.worthynews.com/108533-nepals-social-media-ban-unrest-kills-14,2025-09-08 19:15:00,English,Nepal,Nepal Social Media Ban Unrest Kills 14 - Worthy Christian News,Nepal Social Media Ban Unrest Kills 14 - Worthy Christian News,worthynews.com,existing_raw_gdelt,"Nepal (corruption OR nepotism OR ""nepo kids"" OR ""nepo baby"")",excluded,published_at_or_seen_at_is_at_or_after_2025-09-08T00:00:00
external_excluded_53c665847a26d81e,GDELT,gdelt_doc,nordbayern.de,news_index,https://www.nordbayern.de/politik/19-tote-bei-strassenprotesten-gegen-regierung-in-nepal-1.14825766,2025-09-08 19:15:00,German,Nepal,19 Tote bei Straßenprotesten gegen Regierung in Nepal,19 Tote bei Straßenprotesten gegen Regierung in Nepal,nordbayern.de,existing_raw_gdelt,"Nepal (corruption OR nepotism OR ""nepo kids"" OR ""nepo baby"")",excluded,published_at_or_seen_at_is_at_or_after_2025-09-08T00:00:00
external_excluded_534b266afc5d328e,GDELT,gdelt_doc,thehimalayantimes.com,news_index,https://thehimalayantimes.com/photo-gallery/in-pictures-gen-z-protest,2025-09-08 19:15:00,English,Nepal,In Pictures : Gen Z protest !,In Pictures : Gen Z protest !,thehimalayantimes.com,existing_raw_gdelt,"Nepal (corruption OR nepotism OR ""nepo kids"" OR ""nepo baby"")",excluded,published_at_or_seen_at_is_at_or_after_2025-09-08T00:00:00
external_excluded_deec68afcb31e1b7,GDELT,gdelt_doc,berchtesgadener-anzeiger.de,news_index,"https://www.berchtesgadener-anzeiger.de/startseite_artikel,-19-tote-bei-strassenprotesten-gegen-regierung-in-nepal-_arid,955922.html",2025-09-08 19:15:00,German,Nepal,19 Tote bei Straßenprotesten gegen Regierung in Nepal,19 Tote bei Straßenprotesten gegen Regierung in Nepal,berchtesgadener-anzeiger.de,existing_raw_gdelt,"Nepal (corruption OR nepotism OR ""nepo kids"" OR ""nepo baby"")",excluded,published_at_or_seen_at_is_at_or_after_2025-09-08T00:00:00
external_excluded_3ade165f7f59c3e3,GDELT,gdelt_doc,thehimalayantimes.com,news_index,https://thehimalayantimes.com/nepal/home-minister-ramesh-lekhak-resigns-after-deadly-gen-z-protests,2025-09-08 19:15:00,English,Nepal,Home Minister Ramesh Lekhak resigns after deadly Gen Z protests,Home Minister Ramesh Lekhak resigns after deadly Gen Z protests,thehimalayantimes.com,existing_raw_gdelt,"Nepal (corruption OR nepotism OR ""nepo kids"" OR ""nepo baby"")",excluded,published_at_or_seen_at_is_at_or_after_2025-09-08T00:00:00
external_excluded_15edc20b95824407,GDELT,gdelt_doc,news18.com,news_index,https://www.news18.com/explainers/whats-behind-the-deadly-protests-in-nepal-its-more-than-just-a-social-media-ban-ws-l-9557218.html,2025-09-08 19:15:00,English,Nepal,What Behind The Deadly Protests In Nepal ? It More Than Just A Social Media Ban | Explainers News,What Behind The Deadly Protests In Nepal ? It More Than Just A Social Media Ban | Explainers News,news18.com,existing_raw_gdelt,"Nepal (corruption OR nepotism OR ""nepo kids"" OR ""nepo baby"")",excluded,published_at_or_seen_at_is_at_or_after_2025-09-08T00:00:00
external_excluded_46fa4c0c8d89b417,GDELT,gdelt_doc,dhakatimes24.com,news_index,https://www.dhakatimes24.com/2025/09/08/393123,2025-09-08 19:15:00,Bengali,Nepal,"নেপালে বিক্ষোভে নিহত বেড়ে ১৯ , আহত ৩০০ র অধিক","নেপালে বিক্ষোভে নিহত বেড়ে ১৯ , আহত ৩০০ র অধিক",dhakatimes24.com,existing_raw_gdelt,"Nepal (corruption OR nepotism OR ""nepo kids"" OR ""nepo baby"")",excluded,published_at_or_seen_at_is_at_or_after_2025-09-08T00:00:00
external_excluded_ec68c1ea70bec260,GDELT,gdelt_doc,freenet.de,news_index,https://www.freenet.de/nachrichten/politik/16-tote-bei-strassenprotesten-gegen-regierung-in-nepal-40501816.html,2025-09-08 19:15:00,German,Nepal,19 Tote bei Straßenprotesten gegen Regierung in Nepal,19 Tote bei Straßenprotesten gegen Regierung in Nepal,freenet.de,existing_raw_gdelt,"Nepal (corruption OR nepotism OR ""nepo kids"" OR ""nepo baby"")",excluded,published_at_or_seen_at_is_at_or_after_2025-09-08T00:00:00
external_excluded_7545d567ff4357bc,GDELT,gdelt_doc,reporter.gr,news_index,https://www.reporter.gr/diethnh/diethneis-eidhseis/650478-19-nekroi-apo-ti-matomeni-kravgi-tis-generation-z-sto-nepal-gia-eleftheria-kai-dikaiosyni,2025-09-08 19:15:00,Greek,Nepal,19 νεκροί από τη « ματωμένη κραυγή » της Generation Z στο Νεπάλ για ελευθερία και δικαιοσύνη,19 νεκροί από τη « ματωμένη κραυγή » της Generation Z στο Νεπάλ για ελευθερία και δικαιοσύνη,reporter.gr,existing_raw_gdelt,"Nepal (corruption OR nepotism OR ""nepo kids"" OR ""nepo baby"")",excluded,published_at_or_seen_at_is_at_or_after_2025-09-08T00:00:00
external_excluded_8647e057a2247f5e,GDELT,gdelt_doc,ntvbd.com,news_index,https://www.ntvbd.com/world/news-1615865,2025-09-08 19:15:00,Bengali,Nepal,নেপালে সহিংসতা : স্বরাষ্ট্রমন্ত্রী রমেশ লেখকের পদত্যাগ,নেপালে সহিংসতা : স্বরাষ্ট্রমন্ত্রী রমেশ লেখকের পদত্যাগ,ntvbd.com,existing_raw_gdelt,"Nepal (corruption OR nepotism OR ""nepo kids"" OR ""nepo baby"")",excluded,published_at_or_seen_at_is_at_or_after_2025-09-08T00:00:00
external_excluded_e3cd76eeb09e8041,GDELT,gdelt_doc,jamaicaobserver.com,news_index,https://www.jamaicaobserver.com/2025/09/08/least-16-killed-nepal-protest-social-media-ban/,2025-09-08 19:15:00,English,Nepal,At least 16 killed in Nepal protest over social media ban,At least 16 killed in Nepal protest over social media ban,jamaicaobserver.com,existing_raw_gdelt,"Nepal (corruption OR nepotism OR ""nepo kids"" OR ""nepo baby"")",excluded,published_at_or_seen_at_is_at_or_after_2025-09-08T00:00:00
external_excluded_f28a83b732908ce0,GDELT,gdelt_doc,punjabkesari.in,news_index,https://www.punjabkesari.in/international/news/home-minister-submitted-his-resignation-to-pm-in-the-cabinet-meeting-2209456,2025-09-08 19:15:00,Hindi,Nepal,"नेपाल में Gen - Z आंदोलन का बड़ा असर , गृहमंत्री ने PM ओली को सौंपा इस्तीफा - home minister submitted his resignation to pm in the cabinet meeting","नेपाल में Gen - Z आंदोलन का बड़ा असर , गृहमंत्री ने PM ओली को सौंपा इस्तीफा - home minister submitted his resignation to pm in the cabinet meeting",punjabkesari.in,existing_raw_gdelt,"Nepal (corruption OR nepotism OR ""nepo kids"" OR ""nepo baby"")",excluded,published_at_or_seen_at_is_at_or_after_2025-09-08T00:00:00
external_excluded_eafebb344ac914bf,GDELT,gdelt_doc,ru.euronews.com,news_index,https://ru.euronews.com/next/2025/09/08/next-nepal-protest-social-media,2025-09-08 19:15:00,Russian,Nepal,Во время протестов в Непале погибли не менее 19 человек,Во время протестов в Непале погибли не менее 19 человек,ru.euronews.com,existing_raw_gdelt,"Nepal (corruption OR nepotism OR ""nepo kids"" OR ""nepo baby"")",excluded,published_at_or_seen_at_is_at_or_after_2025-09-08T00:00:00
external_excluded_814d3521e33dd91d,GDELT,gdelt_doc,athens-times.com,news_index,https://athens-times.com/nepal-19-dead-in-anti-government-protests-interior-minister-resigns/,2025-09-08 19:15:00,English,Nepal,"Nepal Protests : 19 Killed , Interior Minister Resigns","Nepal Protests : 19 Killed , Interior Minister Resigns",athens-times.com,existing_raw_gdelt,"Nepal (corruption OR nepotism OR ""nepo kids"" OR ""nepo baby"")",excluded,published_at_or_seen_at_is_at_or_after_2025-09-08T00:00:00
external_excluded_e1bc35a6fd0c083c,GDELT,gdelt_doc,voria.gr,news_index,https://www.voria.gr/article/nepal-toylahiston-19-nekroi-kata-tin-katastoli-antikybernitikon-diadiloseon-paraitithike-o,2025-09-08 19:15:00,Greek,Nepal,Νεπάλ : Τουλάχιστον 19 νεκροί κατά την καταστολή αντικυβερνητικών διαδηλώσεων - Παραιτήθηκε ο υπουργός Εσωτερικών,Νεπάλ : Τουλάχιστον 19 νεκροί κατά την καταστολή αντικυβερνητικών διαδηλώσεων - Παραιτήθηκε ο υπουργός Εσωτερικών,voria.gr,existing_raw_gdelt,"Nepal (corruption OR nepotism OR ""nepo kids"" OR ""nepo baby"")",excluded,published_at_or_seen_at_is_at_or_after_2025-09-08T00:00:00
external_excluded_cafe76d5b525f4c6,GDELT,gdelt_doc,asia.nikkei.com,news_index,https://asia.nikkei.com/politics/at-least-19-killed-in-nepal-amid-protests-over-social-media-ban-corruption,2025-09-08 19:00:00,English,Nepal,"At least 19 killed in Nepal amid protests over social media ban , corruption","At least 19 killed in Nepal amid protests over social media ban , corruption",asia.nikkei.com,existing_raw_gdelt,"Nepal (corruption OR nepotism OR ""nepo kids"" OR ""nepo baby"")",excluded,published_at_or_seen_at_is_at_or_after_2025-09-08T00:00:00
external_excluded_b90d9dce8ed3f398,GDELT,gdelt_doc,newsit.gr,news_index,https://www.newsit.gr/kosmos/nepal-19-nekroi-se-antikyvernitikes-diadiloseis-paraitithike-o-ypourgos-esoterikon/4469872/,2025-09-08 19:00:00,Greek,Nepal,Νεπάλ : 19 νεκροί σε αντικυβερνητικές διαδηλώσεις - Παραιτήθηκε ο υπουργός Εσωτερικών,Νεπάλ : 19 νεκροί σε αντικυβερνητικές διαδηλώσεις - Παραιτήθηκε ο υπουργός Εσωτερικών,newsit.gr,existing_raw_gdelt,"Nepal (corruption OR nepotism OR ""nepo kids"" OR ""nepo baby"")",excluded,published_at_or_seen_at_is_at_or_after_2025-09-08T00:00:00
external_excluded_28ab56ded07660a8,GDELT,gdelt_doc,publico.es,news_index,https://www.publico.es/internacional/asia/19-muertos-300-heridos-protestas-prohibicion-redes-sociales-nepal.html,2025-09-08 19:00:00,Spanish,Nepal,Al menos 19 muertos y 300 heridos en las protestas contra la prohibición de las redes sociales en Nepal,Al menos 19 muertos y 300 heridos en las protestas contra la prohibición de las redes sociales en Nepal,publico.es,existing_raw_gdelt,"Nepal (corruption OR nepotism OR ""nepo kids"" OR ""nepo baby"")",excluded,published_at_or_seen_at_is_at_or_after_2025-09-08T00:00:00
external_excluded_7a7f5568e4cac0bc,GDELT,gdelt_doc,tribuneonlineng.com,news_index,https://tribuneonlineng.com/nepal-protests-over-social-media-ban-leave-at-least-19-dead/,2025-09-08 19:00:00,English,Nepal,Nepal protests over social media ban leave at least 19 dead,Nepal protests over social media ban leave at least 19 dead,tribuneonlineng.com,existing_raw_gdelt,"Nepal (corruption OR nepotism OR ""nepo kids"" OR ""nepo baby"")",excluded,published_at_or_seen_at_is_at_or_after_2025-09-08T00:00:00
external_excluded_4b1d766efc1a214d,GDELT,gdelt_doc,mzamin.com,news_index,https://mzamin.com/news.php?news=179216,2025-09-08 19:00:00,Bengali,Nepal,জেন - জি ঝড়ে বিধ্বস্ত নেপাল,জেন - জি ঝড়ে বিধ্বস্ত নেপাল,mzamin.com,existing_raw_gdelt,"Nepal (corruption OR nepotism OR ""nepo kids"" OR ""nepo baby"")",excluded,published_at_or_seen_at_is_at_or_after_2025-09-08T00:00:00
external_excluded_f4d8690ddf383215,GDELT,gdelt_doc,tanea.gr,news_index,https://www.tanea.gr/2025/09/08/world/nepal-2-toylaxiston-19-nekroi-kata-tin-katastoli-antikyvernitikon-diadiloseon-paraitithike/,2025-09-08 18:45:00,Greek,Nepal,Νεπάλ : Τουλάχιστον 19 νεκροί κατά την καταστολή αντικυβερνητικών διαδηλώσεων - Παραιτήθηκε ο υπουργός Εσωτερικών,Νεπάλ : Τουλάχιστον 19 νεκροί κατά την καταστολή αντικυβερνητικών διαδηλώσεων - Παραιτήθηκε ο υπουργός Εσωτερικών,tanea.gr,existing_raw_gdelt,"Nepal (corruption OR nepotism OR ""nepo kids"" OR ""nepo baby"")",excluded,published_at_or_seen_at_is_at_or_after_2025-09-08T00:00:00
external_excluded_137da08161f96ec9,GDELT,gdelt_doc,listenupyall.com,news_index,https://listenupyall.com/2025/09/08/police-open-fire-on-protests-of-nepals-social-media-policy-killing-at-least-17/,2025-09-08 18:45:00,English,Nepal,"Police open fire on protests of Nepal social media policy , killing at least 17","Police open fire on protests of Nepal social media policy , killing at least 17",listenupyall.com,existing_raw_gdelt,"Nepal (corruption OR nepotism OR ""nepo kids"" OR ""nepo baby"")",excluded,published_at_or_seen_at_is_at_or_after_2025-09-08T00:00:00
external_excluded_88c5f2611c74373f,GDELT,gdelt_doc,parbattanews.com,news_index,https://www.parbattanews.com/%E0%A6%A8%E0%A7%87%E0%A6%AA%E0%A6%BE%E0%A6%B2%E0%A7%87-%E0%A6%A6%E0%A7%81%E0%A6%B0%E0%A7%8D%E0%A6%A8%E0%A7%80%E0%A6%A4%E0%A6%BF%E0%A6%AC%E0%A6%BF%E0%A6%B0%E0%A7%8B%E0%A6%A7%E0%A7%80-%E0%A6%86%E0%A6%A8/,2025-09-08 18:45:00,Bengali,Nepal,"নেপালে দুর্নীতিবিরোধী আন্দোলনে পুলিশের গুলি , নিহত ১৪","নেপালে দুর্নীতিবিরোধী আন্দোলনে পুলিশের গুলি , নিহত ১৪",parbattanews.com,existing_raw_gdelt,"Nepal (corruption OR nepotism OR ""nepo kids"" OR ""nepo baby"")",excluded,published_at_or_seen_at_is_at_or_after_2025-09-08T00:00:00
external_excluded_3caab50325985082,GDELT,gdelt_doc,nw.de,news_index,https://www.nw.de/nachrichten/nachrichten/24170944_19-Tote-bei-Strassenprotesten-gegen-Regierung-in-Nepal.html,2025-09-08 18:45:00,German,Nepal,19 Tote bei Straßenprotesten gegen Regierung in Nepal,19 Tote bei Straßenprotesten gegen Regierung in Nepal,nw.de,existing_raw_gdelt,"Nepal (corruption OR nepotism OR ""nepo kids"" OR ""nepo baby"")",excluded,published_at_or_seen_at_is_at_or_after_2025-09-08T00:00:00
external_excluded_240b0e08d0db97bd,GDELT,gdelt_doc,chandpurdiganta.com,news_index,https://chandpurdiganta.com/%E0%A6%A8%E0%A7%87%E0%A6%AA%E0%A6%BE%E0%A6%B2%E0%A7%87-%E0%A6%A6%E0%A7%81%E0%A6%B0%E0%A7%8D%E0%A6%A8%E0%A7%80%E0%A6%A4%E0%A6%BF%E0%A6%B0-%E0%A6%AC%E0%A6%BF%E0%A6%B0%E0%A7%81%E0%A6%A6%E0%A7%8D%E0%A6%A7/,2025-09-08 18:45:00,Bengali,Nepal,নেপালে দুর্নীতির বিরুদ্ধে তরুণদের নজিরবিহীন আন্দোলন,নেপালে দুর্নীতির বিরুদ্ধে তরুণদের নজিরবিহীন আন্দোলন,chandpurdiganta.com,existing_raw_gdelt,"Nepal (corruption OR nepotism OR ""nepo kids"" OR ""nepo baby"")",excluded,published_at_or_seen_at_is_at_or_after_2025-09-08T00:00:00
external_excluded_e084b76cbbf4aba4,GDELT,gdelt_doc,economictimes.indiatimes.com,news_index,https://economictimes.indiatimes.com/news/international/world-news/violent-protests-in-nepal-19-killed/articleshow/123771659.cms,2025-09-08 18:45:00,English,Nepal,Violent protests in Nepal ; 19 killed,Violent protests in Nepal ; 19 killed,economictimes.indiatimes.com,existing_raw_gdelt,"Nepal (corruption OR nepotism OR ""nepo kids"" OR ""nepo baby"")",excluded,published_at_or_seen_at_is_at_or_after_2025-09-08T00:00:00
external_excluded_9696077f831ba5a9,GDELT,gdelt_doc,inewsgr.com,news_index,https://www.inewsgr.com/27/nepal-2-toulachiston-19-nekroi-kata-tin-katastoli-antikyvernitikon-diadiloseon--paraitithike-o-ypourgos-esoterikon.htm,2025-09-08 18:45:00,Greek,Nepal,Νεπάλ ( 2 ): Τουλάχιστον 19 νεκροί κατά την καταστολή αντικυβερνητικών διαδηλώσεων – Παραιτήθηκε ο υπουργός Εσωτερικών,Νεπάλ ( 2 ): Τουλάχιστον 19 νεκροί κατά την καταστολή αντικυβερνητικών διαδηλώσεων – Παραιτήθηκε ο υπουργός Εσωτερικών,inewsgr.com,existing_raw_gdelt,"Nepal (corruption OR nepotism OR ""nepo kids"" OR ""nepo baby"")",excluded,published_at_or_seen_at_is_at_or_after_2025-09-08T00:00:00
external_excluded_0af75e47307339b7,GDELT,gdelt_doc,sueddeutsche.de,news_index,https://www.sueddeutsche.de/politik/unruhen-19-tote-bei-strassenprotesten-gegen-regierung-in-nepal-dpa.urn-newsml-dpa-com-20090101-250908-930-11394,2025-09-08 18:45:00,German,Nepal,Unruhen - 19 Tote bei Straßenprotesten gegen Regierung in Nepal - Politik,Unruhen - 19 Tote bei Straßenprotesten gegen Regierung in Nepal - Politik,sueddeutsche.de,existing_raw_gdelt,"Nepal (corruption OR nepotism OR ""nepo kids"" OR ""nepo baby"")",excluded,published_at_or_seen_at_is_at_or_after_2025-09-08T00:00:00
external_excluded_a4108bd3422cd04b,GDELT,gdelt_doc,inewsgr.com,news_index,https://www.inewsgr.com/93/nepal-19-nekroi-se-antikyvernitikes-diadiloseis--paraitithike-o-ypourgos-esoterikon.htm,2025-09-08 18:45:00,Greek,Nepal,Νεπάλ : 19 νεκροί σε αντικυβερνητικές διαδηλώσεις – Παραιτήθηκε ο υπουργός Εσωτερικών,Νεπάλ : 19 νεκροί σε αντικυβερνητικές διαδηλώσεις – Παραιτήθηκε ο υπουργός Εσωτερικών,inewsgr.com,existing_raw_gdelt,"Nepal (corruption OR nepotism OR ""nepo kids"" OR ""nepo baby"")",excluded,published_at_or_seen_at_is_at_or_after_2025-09-08T00:00:00
external_excluded_f56684184fb2d8bc,GDELT,gdelt_doc,nordschleswiger.dk,news_index,https://www.nordschleswiger.dk/de/international/19-tote-bei-strassenprotesten-gegen-regierung-nepal,2025-09-08 18:45:00,German,Nepal,19 Tote bei Straßenprotesten gegen Regierung in Nepal,19 Tote bei Straßenprotesten gegen Regierung in Nepal,nordschleswiger.dk,existing_raw_gdelt,"Nepal (corruption OR nepotism OR ""nepo kids"" OR ""nepo baby"")",excluded,published_at_or_seen_at_is_at_or_after_2025-09-08T00:00:00
external_excluded_6fb673e5f0565a45,GDELT,gdelt_doc,naftemporiki.gr,news_index,https://www.naftemporiki.gr/kosmos/2003043/nepal-paraitithike-o-ypoyrgos-esoterikon-meta-toys-19-nekroys-kata-tin-katastoli-ton-antikyvernitikon-diadiloseon/,2025-09-08 18:45:00,Greek,Nepal,Νεπάλ : Παραιτήθηκε ο υπουργός Εσωτερικών μετά τους 19 νεκρούς κατά την καταστολή των αντικυβερνητικών διαδηλώσεων,Νεπάλ : Παραιτήθηκε ο υπουργός Εσωτερικών μετά τους 19 νεκρούς κατά την καταστολή των αντικυβερνητικών διαδηλώσεων,naftemporiki.gr,existing_raw_gdelt,"Nepal (corruption OR nepotism OR ""nepo kids"" OR ""nepo baby"")",excluded,published_at_or_seen_at_is_at_or_after_2025-09-08T00:00:00
external_excluded_20d932047fc0475e,GDELT,gdelt_doc,stern.de,news_index,https://www.stern.de/politik/ausland/unruhen--19-tote-bei-strassenprotesten-gegen-regierung-in-nepal-36038110.html,2025-09-08 18:45:00,German,Nepal,Unruhen : 19 Tote bei Straßenprotesten gegen Regierung in Nepal,Unruhen : 19 Tote bei Straßenprotesten gegen Regierung in Nepal,stern.de,existing_raw_gdelt,"Nepal (corruption OR nepotism OR ""nepo kids"" OR ""nepo baby"")",excluded,published_at_or_seen_at_is_at_or_after_2025-09-08T00:00:00
external_excluded_40144982bb9980e7,GDELT,gdelt_doc,skai.gr,news_index,https://www.skai.gr/news/world/toulaxiston-19-apo-tin-katastoli-diadiloseon-kai-paraitisi-ypourgou-sto-nepal,2025-09-08 18:45:00,Greek,Nepal,Τουλάχιστον 19 από την καταστολή διαδηλώσεων και παραίτηση υπουργού στο Νεπάλ,Τουλάχιστον 19 από την καταστολή διαδηλώσεων και παραίτηση υπουργού στο Νεπάλ,skai.gr,existing_raw_gdelt,"Nepal (corruption OR nepotism OR ""nepo kids"" OR ""nepo baby"")",excluded,published_at_or_seen_at_is_at_or_after_2025-09-08T00:00:00
external_excluded_d1caa771096023f7,GDELT,gdelt_doc,it.euronews.com,news_index,https://it.euronews.com/next/2025/09/08/nepal-la-polizia-uccide-almeno-17-persone-protestavano-contro-divieto-sui-social-media,2025-09-08 18:45:00,Italian,Nepal,"Nepal : la polizia uccide almeno 17 persone , protestavano contro divieto sui social media","Nepal : la polizia uccide almeno 17 persone , protestavano contro divieto sui social media",it.euronews.com,existing_raw_gdelt,"Nepal (corruption OR nepotism OR ""nepo kids"" OR ""nepo baby"")",excluded,published_at_or_seen_at_is_at_or_after_2025-09-08T00:00:00
external_excluded_3fd256ca0882948d,GDELT,gdelt_doc,nepalitimes.com,news_index,https://nepalitimes.com/news/nepal-s-8-september-massacre,2025-09-08 18:45:00,English,Nepal,Nepal 8 September massacre | Nepali Times,Nepal 8 September massacre | Nepali Times,nepalitimes.com,existing_raw_gdelt,"Nepal (corruption OR nepotism OR ""nepo kids"" OR ""nepo baby"")",excluded,published_at_or_seen_at_is_at_or_after_2025-09-08T00:00:00
external_excluded_e4d423582b833db4,GDELT,gdelt_doc,nw.de,news_index,https://www.nw.de/nachrichten/politik/24170944_19-Tote-bei-Strassenprotesten-gegen-Regierung-in-Nepal.html,2025-09-08 18:45:00,German,Nepal,19 Tote bei Straßenprotesten gegen Regierung in Nepal,19 Tote bei Straßenprotesten gegen Regierung in Nepal,nw.de,existing_raw_gdelt,"Nepal (corruption OR nepotism OR ""nepo kids"" OR ""nepo baby"")",excluded,published_at_or_seen_at_is_at_or_after_2025-09-08T00:00:00
external_excluded_312e55e3b1683724,GDELT,gdelt_doc,thepeninsulaqatar.com,news_index,http://thepeninsulaqatar.com/article/08/09/2025/at-least-17-killed-in-nepal-protest-over-social-media-ban-corruption,2025-09-08 18:45:00,English,Nepal,"At least 17 killed in Nepal protest over social media ban , corruption","At least 17 killed in Nepal protest over social media ban , corruption",thepeninsulaqatar.com,existing_raw_gdelt,"Nepal (corruption OR nepotism OR ""nepo kids"" OR ""nepo baby"")",excluded,published_at_or_seen_at_is_at_or_after_2025-09-08T00:00:00
external_excluded_d33990a68338c75d,GDELT,gdelt_doc,news18.com,news_index,https://www.news18.com/world/parliament-dissolution-interim-govt-of-protesters-what-does-nepals-gen-z-demand-ws-l-9558216.html,2025-09-08 18:45:00,English,Nepal,"Parliament Dissolution , Interim Govt Of Protesters : What Does Nepal Gen Z Demand ?","Parliament Dissolution , Interim Govt Of Protesters : What Does Nepal Gen Z Demand ?",news18.com,existing_raw_gdelt,"Nepal (corruption OR nepotism OR ""nepo kids"" OR ""nepo baby"")",excluded,published_at_or_seen_at_is_at_or_after_2025-09-08T00:00:00
external_excluded_fe7c9b645c99600e,GDELT,gdelt_doc,blikk.hu,news_index,https://www.blikk.hu/aktualis/kulfold/z-generacios-tuntetes-nepal-kozossegi-oldalak-tiltas-19-halott/039c7jw,2025-09-08 18:45:00,Hungarian,Nepal,Tüntetéshullám Nepálban a közösségi médiatilalom ellen,Tüntetéshullám Nepálban a közösségi médiatilalom ellen,blikk.hu,existing_raw_gdelt,"Nepal (corruption OR nepotism OR ""nepo kids"" OR ""nepo baby"")",excluded,published_at_or_seen_at_is_at_or_after_2025-09-08T00:00:00
external_excluded_049dbdfeacbfdbd9,GDELT,gdelt_doc,economx.hu,news_index,https://www.economx.hu/kulfold/nepal-tuntetes-kozossegi-media-tilalom.815753.html,2025-09-08 18:45:00,Hungarian,Nepal,Tüntetés a közsségi médirt : vérengzés lett a vége,Tüntetés a közsségi médirt : vérengzés lett a vége,economx.hu,existing_raw_gdelt,"Nepal (corruption OR nepotism OR ""nepo kids"" OR ""nepo baby"")",excluded,published_at_or_seen_at_is_at_or_after_2025-09-08T00:00:00
external_excluded_395ed2b79e6c1715,GDELT,gdelt_doc,skai.gr,news_index,https://www.skai.gr/news/world/oie-amesi-ereyna-gia-tous-17-thanatous-diadiloton-se-viaii-dialysi-sto-nepal,2025-09-08 18:45:00,Greek,Nepal,ΟΗΕ : Άμεση έρευνα για τους 17 θανάτους διαδηλωτών σε βίαιη διάλυση στο Νεπάλ,ΟΗΕ : Άμεση έρευνα για τους 17 θανάτους διαδηλωτών σε βίαιη διάλυση στο Νεπάλ,skai.gr,existing_raw_gdelt,"Nepal (corruption OR nepotism OR ""nepo kids"" OR ""nepo baby"")",excluded,published_at_or_seen_at_is_at_or_after_2025-09-08T00:00:00
external_excluded_40d665d45f45cd7a,GDELT,gdelt_doc,tribune.net.ph,news_index,https://tribune.net.ph/2025/09/08/at-least-14-killed-in-gen-z-protest-in-nepal,2025-09-08 18:45:00,English,Nepal,At least 14 killed in Gen Z protest in Nepal,At least 14 killed in Gen Z protest in Nepal,tribune.net.ph,existing_raw_gdelt,"Nepal (corruption OR nepotism OR ""nepo kids"" OR ""nepo baby"")",excluded,published_at_or_seen_at_is_at_or_after_2025-09-08T00:00:00
external_excluded_d5ad6f362ffb5986,GDELT,gdelt_doc,digi24.ro,news_index,https://www.digi24.ro/stiri/externe/proteste-violente-in-nepal-dupa-ce-autoritatile-au-blocat-retelele-sociale-19-morti-si-peste-100-de-raniti-3404917,2025-09-08 18:45:00,Romanian,Nepal,Proteste violente în Nepal după ce autoritățile au blocat rețelele sociale . 19 morți și peste 100 de răniți,Proteste violente în Nepal după ce autoritățile au blocat rețelele sociale . 19 morți și peste 100 de răniți,digi24.ro,existing_raw_gdelt,"Nepal (corruption OR nepotism OR ""nepo kids"" OR ""nepo baby"")",excluded,published_at_or_seen_at_is_at_or_after_2025-09-08T00:00:00
external_excluded_969856241a4dfdca,GDELT,gdelt_doc,capital.gr,news_index,https://www.capital.gr/diethni/3943208/nepal-toulaxiston-19-nekroi-kata-tin-katastoli-antikubernitikon-diadiloseon-paraitithike-o-upourgos-esoterikon/,2025-09-08 18:45:00,Greek,Nepal,Νεπάλ : Τουλάχιστον 19 νεκροί κατά την καταστολή αντικυβερνητικών ...,Νεπάλ : Τουλάχιστον 19 νεκροί κατά την καταστολή αντικυβερνητικών ...,capital.gr,existing_raw_gdelt,"Nepal (corruption OR nepotism OR ""nepo kids"" OR ""nepo baby"")",excluded,published_at_or_seen_at_is_at_or_after_2025-09-08T00:00:00
external_excluded_c46ae9e65df1995b,GDELT,gdelt_doc,theweek.in,news_index,https://www.theweek.in/news/world/2025/09/08/nepal-protest-home-minister-ramesh-lekhak-quits-as-death-toll-in-violent-gen-z-rebellion-rises-to-19.html,2025-09-08 18:30:00,English,Nepal,Nepal protest : Home Minister Ramesh Lekhak quits as death toll in violent Gen - Z rebellion rises to 19,Nepal protest : Home Minister Ramesh Lekhak quits as death toll in violent Gen - Z rebellion rises to 19,theweek.in,existing_raw_gdelt,"Nepal (corruption OR nepotism OR ""nepo kids"" OR ""nepo baby"")",excluded,published_at_or_seen_at_is_at_or_after_2025-09-08T00:00:00
external_excluded_993415841e80abc2,GDELT,gdelt_doc,onlinekhabar.com,news_index,https://www.onlinekhabar.com/2025/09/1759908/trauma-center-injured-say-shots-were-shot-at-random,2025-09-08 18:30:00,Nepali,Nepal,ट्रमा सेन्टरका घाइते भन्छन् : ताकी - ताकी गोली हानियो,ट्रमा सेन्टरका घाइते भन्छन् : ताकी - ताकी गोली हानियो,onlinekhabar.com,existing_raw_gdelt,"Nepal (corruption OR nepotism OR ""nepo kids"" OR ""nepo baby"")",excluded,published_at_or_seen_at_is_at_or_after_2025-09-08T00:00:00
external_excluded_238322e2cbf03676,GDELT,gdelt_doc,merkur.de,news_index,http://www.merkur.de/politik/19-tote-bei-strassenprotesten-gegen-regierung-in-nepal-zr-93923256.html,2025-09-08 18:15:00,German,Nepal,19 Tote bei Straßenprotesten gegen Regierung in Nepal,19 Tote bei Straßenprotesten gegen Regierung in Nepal,merkur.de,existing_raw_gdelt,"Nepal (corruption OR nepotism OR ""nepo kids"" OR ""nepo baby"")",excluded,published_at_or_seen_at_is_at_or_after_2025-09-08T00:00:00
external_excluded_ec05bc7abe7bc0cb,GDELT,gdelt_doc,tz.de,news_index,http://www.tz.de/politik/19-tote-bei-strassenprotesten-gegen-regierung-in-nepal-zr-93923256.html,2025-09-08 18:15:00,German,Nepal,19 Tote bei Straßenprotesten gegen Regierung in Nepal,19 Tote bei Straßenprotesten gegen Regierung in Nepal,tz.de,existing_raw_gdelt,"Nepal (corruption OR nepotism OR ""nepo kids"" OR ""nepo baby"")",excluded,published_at_or_seen_at_is_at_or_after_2025-09-08T00:00:00
external_excluded_5088c12736609ce7,GDELT,gdelt_doc,kreiszeitung.de,news_index,http://www.kreiszeitung.de/politik/19-tote-bei-strassenprotesten-gegen-regierung-in-nepal-zr-93923256.html,2025-09-08 18:15:00,German,Nepal,19 Tote bei Straßenprotesten gegen Regierung in Nepal,19 Tote bei Straßenprotesten gegen Regierung in Nepal,kreiszeitung.de,existing_raw_gdelt,"Nepal (corruption OR nepotism OR ""nepo kids"" OR ""nepo baby"")",excluded,published_at_or_seen_at_is_at_or_after_2025-09-08T00:00:00
external_excluded_e4207d788781fd9c,GDELT,gdelt_doc,article.wn.com,news_index,https://article.wn.com/view/2025/09/08/Nepal_PM_Faces_Gen_Z_Wrath_19_Killed_in_Violent_Protests_Ove/,2025-09-08 18:15:00,English,Nepal,"Nepal PM Faces Gen Z Wrath , 19 Killed in Violent Protests Over Social Media , Army ...","Nepal PM Faces Gen Z Wrath , 19 Killed in Violent Protests Over Social Media , Army ...",article.wn.com,existing_raw_gdelt,"Nepal (corruption OR nepotism OR ""nepo kids"" OR ""nepo baby"")",excluded,published_at_or_seen_at_is_at_or_after_2025-09-08T00:00:00
external_excluded_f3e48f71ed140ecb,GDELT,gdelt_doc,gujaratsamachar.com,news_index,https://www.gujaratsamachar.com/news/international/nepal-gen-z-revolution-youth-protests-social-media-ban-looks-like-bangladesh-sri-lanka,2025-09-08 18:15:00,Gujarati,Nepal,"પહેલા બાંગ્લાદેશ - શ્રીલંકા , હવે નેપાળ ? ભારતના પડોશી દેશોમાં કેમ ડગમગી રહ્યું છે સત્તાનું સિંહાસન","પહેલા બાંગ્લાદેશ - શ્રીલંકા , હવે નેપાળ ? ભારતના પડોશી દેશોમાં કેમ ડગમગી રહ્યું છે સત્તાનું સિંહાસન",gujaratsamachar.com,existing_raw_gdelt,"Nepal (corruption OR nepotism OR ""nepo kids"" OR ""nepo baby"")",excluded,published_at_or_seen_at_is_at_or_after_2025-09-08T00:00:00
external_excluded_2ba3f795a2f672a3,GDELT,gdelt_doc,nepalnational.com,news_index,http://www.nepalnational.com/news/278560820/14-dead-as-protests-turn-violent-in-nepal-over-social-media-ban,2025-09-08 18:15:00,English,Nepal,14 dead as protests turn violent in Nepal over social media ban,14 dead as protests turn violent in Nepal over social media ban,nepalnational.com,existing_raw_gdelt,"Nepal (corruption OR nepotism OR ""nepo kids"" OR ""nepo baby"")",excluded,published_at_or_seen_at_is_at_or_after_2025-09-08T00:00:00
external_excluded_fe092f50355d6cd3,GDELT,gdelt_doc,nepalnational.com,news_index,http://www.nepalnational.com/news/278560851/18-killed-200-injured-as-nepal-protests-against-social-media-ban-turn-violent,2025-09-08 18:15:00,English,Nepal,"18 killed , 200 injured as Nepal protests against social media ban turn violent","18 killed , 200 injured as Nepal protests against social media ban turn violent",nepalnational.com,existing_raw_gdelt,"Nepal (corruption OR nepotism OR ""nepo kids"" OR ""nepo baby"")",excluded,published_at_or_seen_at_is_at_or_after_2025-09-08T00:00:00
external_excluded_c6307a93ad0e74c4,GDELT,gdelt_doc,sapo.pt,news_index,https://sapo.pt/artigo/onu-pede-abertura-de-investigacao-apos-morte-de-19-manifestantes-no-nepal-68bf14c7ac985b941516987d,2025-09-08 18:15:00,Portuguese,Nepal,ONU pede abertura de investigao após morte de 19 manifestantes no Nepal,ONU pede abertura de investigao após morte de 19 manifestantes no Nepal,sapo.pt,existing_raw_gdelt,"Nepal (corruption OR nepotism OR ""nepo kids"" OR ""nepo baby"")",excluded,published_at_or_seen_at_is_at_or_after_2025-09-08T00:00:00
external_excluded_6af6294ba399bcd7,GDELT,gdelt_doc,come-on.de,news_index,http://www.come-on.de/politik/19-tote-bei-strassenprotesten-gegen-regierung-in-nepal-zr-93923256.html,2025-09-08 18:15:00,German,Nepal,19 Tote bei Straßenprotesten gegen Regierung in Nepal,19 Tote bei Straßenprotesten gegen Regierung in Nepal,come-on.de,existing_raw_gdelt,"Nepal (corruption OR nepotism OR ""nepo kids"" OR ""nepo baby"")",excluded,published_at_or_seen_at_is_at_or_after_2025-09-08T00:00:00
external_excluded_b28653f2697feba9,GDELT,gdelt_doc,nepalnational.com,news_index,http://www.nepalnational.com/news/278560877/death-toll-rises-to-19-in-nepal-gen-z-protest-highest-since-2006-movement-to-overthrow-king-gyanendra,2025-09-08 18:15:00,English,Nepal,"Death toll rises to 19 in Nepal Gen Z protest , highest since 2006 movement to overthrow King Gyanendra","Death toll rises to 19 in Nepal Gen Z protest , highest since 2006 movement to overthrow King Gyanendra",nepalnational.com,existing_raw_gdelt,"Nepal (corruption OR nepotism OR ""nepo kids"" OR ""nepo baby"")",excluded,published_at_or_seen_at_is_at_or_after_2025-09-08T00:00:00
external_excluded_d4f5f338ea8bc7d1,GDELT,gdelt_doc,karatoa.com.bd,news_index,https://www.karatoa.com.bd/article/139290,2025-09-08 18:15:00,Bengali,Nepal,"নেপালের সরকারবিরোধী বিক্ষোভে পুলিশের গুলি , নিহত বেড়ে ১৯","নেপালের সরকারবিরোধী বিক্ষোভে পুলিশের গুলি , নিহত বেড়ে ১৯",karatoa.com.bd,existing_raw_gdelt,"Nepal (corruption OR nepotism OR ""nepo kids"" OR ""nepo baby"")",excluded,published_at_or_seen_at_is_at_or_after_2025-09-08T00:00:00
external_excluded_1bf9ac18e70148f6,GDELT,gdelt_doc,thejasnews.com,news_index,https://www.thejasnews.com/latestnews/social-media-ban-19-deaths-home-minister-ramesh-lekhak-resigns-249218,2025-09-08 18:15:00,Malayalam,Nepal,"സോഷ്യല്‍ മീഡിയ നിരോധനം ; നേപ്പാളിലെ സമരത്തില്‍ കൊല്ലപ്പെട്ടവരുടെ എണ്ണം 19 ആയി , ആഭ്യന്തരമന്ത്രി രാജിവെച്ചു","സോഷ്യല്‍ മീഡിയ നിരോധനം ; നേപ്പാളിലെ സമരത്തില്‍ കൊല്ലപ്പെട്ടവരുടെ എണ്ണം 19 ആയി , ആഭ്യന്തരമന്ത്രി രാജിവെച്ചു",thejasnews.com,existing_raw_gdelt,"Nepal (corruption OR nepotism OR ""nepo kids"" OR ""nepo baby"")",excluded,published_at_or_seen_at_is_at_or_after_2025-09-08T00:00:00
external_excluded_f757cbf246c993b0,GDELT,gdelt_doc,fnp.de,news_index,http://www.fnp.de/politik/19-tote-bei-strassenprotesten-gegen-regierung-in-nepal-zr-93923256.html,2025-09-08 18:15:00,German,Nepal,19 Tote bei Straßenprotesten gegen Regierung in Nepal,19 Tote bei Straßenprotesten gegen Regierung in Nepal,fnp.de,existing_raw_gdelt,"Nepal (corruption OR nepotism OR ""nepo kids"" OR ""nepo baby"")",excluded,published_at_or_seen_at_is_at_or_after_2025-09-08T00:00:00
external_excluded_3669f0b17f86d520,GDELT,gdelt_doc,wlz-online.de,news_index,http://www.wlz-online.de/politik/19-tote-bei-strassenprotesten-gegen-regierung-in-nepal-zr-93923256.html,2025-09-08 18:15:00,German,Nepal,19 Tote bei Straßenprotesten gegen Regierung in Nepal,19 Tote bei Straßenprotesten gegen Regierung in Nepal,wlz-online.de,existing_raw_gdelt,"Nepal (corruption OR nepotism OR ""nepo kids"" OR ""nepo baby"")",excluded,published_at_or_seen_at_is_at_or_after_2025-09-08T00:00:00
external_excluded_da3a98148cbfafa4,GDELT,gdelt_doc,protothema.gr,news_index,https://www.protothema.gr/world/article/1693176/giati-exegeiretai-i-gen-z-sto-nepal-toulahiston-19-nekroi-apo-sugrouseis-me-udrofores-plastikes-sfaires-kai-glob/,2025-09-08 17:45:00,Greek,Nepal,"Γιατί εξεγείρεται η Gen Z στο Νεπάλ - Τουλάχιστον 19 νεκροί από συγκρούσεις με υδροφόρες , πλαστικές σφαίρες και γκλομπ","Γιατί εξεγείρεται η Gen Z στο Νεπάλ - Τουλάχιστον 19 νεκροί από συγκρούσεις με υδροφόρες , πλαστικές σφαίρες και γκλομπ",protothema.gr,existing_raw_gdelt,"Nepal (corruption OR nepotism OR ""nepo kids"" OR ""nepo baby"")",excluded,published_at_or_seen_at_is_at_or_after_2025-09-08T00:00:00
external_excluded_07befcfaba66078d,GDELT,gdelt_doc,ratopati.com,news_index,https://www.ratopati.com/story/512066/prabhu-sah-demands-prime-minister-olis-resignation,2025-09-08 17:45:00,Nepali,Nepal,प्रभु साहले मागे प्रधानमन्त्री ओलीको राजीनामा | Nepal first 24 - hour updated news portal,प्रभु साहले मागे प्रधानमन्त्री ओलीको राजीनामा | Nepal first 24 - hour updated news portal,ratopati.com,existing_raw_gdelt,"Nepal (corruption OR nepotism OR ""nepo kids"" OR ""nepo baby"")",excluded,published_at_or_seen_at_is_at_or_after_2025-09-08T00:00:00
external_excluded_d805395057d373f0,GDELT,gdelt_doc,kathimerini.com.cy,news_index,https://www.kathimerini.com.cy/gr/kosmos/nepal-19-nekroi-se-diadilwseis-neon-logo-apagoreysis-ton-social-media,2025-09-08 17:45:00,Greek,Nepal,Νεπάλ : 19 νεκροί σε διαδηλώσεις νέων λόγω απαγόρευσης των social media,Νεπάλ : 19 νεκροί σε διαδηλώσεις νέων λόγω απαγόρευσης των social media,kathimerini.com.cy,existing_raw_gdelt,"Nepal (corruption OR nepotism OR ""nepo kids"" OR ""nepo baby"")",excluded,published_at_or_seen_at_is_at_or_after_2025-09-08T00:00:00
external_excluded_2682e9498fec66ad,GDELT,gdelt_doc,martinique.franceantilles.fr,news_index,https://www.martinique.franceantilles.fr/actualite/politique/nepal-au-moins-16-morts-lors-dune-manifestation-contre-le-blocage-des-reseaux-sociaux-1049559.php,2025-09-08 17:45:00,French,Nepal,Népal : la police ouvre le feu sur une manifestation contre le blocage des réseaux sociaux : 17 morts et 400 blessés,Népal : la police ouvre le feu sur une manifestation contre le blocage des réseaux sociaux : 17 morts et 400 blessés,martinique.franceantilles.fr,existing_raw_gdelt,"Nepal (corruption OR nepotism OR ""nepo kids"" OR ""nepo baby"")",excluded,published_at_or_seen_at_is_at_or_after_2025-09-08T00:00:00
external_excluded_416928db48b54f52,GDELT,gdelt_doc,capital.gr,news_index,https://www.capital.gr/diethni/3943201/oie-zitei-tin-amesi-diexagogi-ereunas-gia-tous-17-thanatous-diadiloton-sto-nepal/,2025-09-08 17:45:00,Greek,Nepal,ΟΗΕ : Ζητεί την άμεση διεξαγωγή έρευνας για τους 17 θανάτους διαδηλωτών στο ...,ΟΗΕ : Ζητεί την άμεση διεξαγωγή έρευνας για τους 17 θανάτους διαδηλωτών στο ...,capital.gr,existing_raw_gdelt,"Nepal (corruption OR nepotism OR ""nepo kids"" OR ""nepo baby"")",excluded,published_at_or_seen_at_is_at_or_after_2025-09-08T00:00:00
external_excluded_f9196ebe4ae146f7,GDELT,gdelt_doc,la-croix.com,news_index,https://www.la-croix.com/nepal-au-moins-16-morts-lors-d-une-manifestation-contre-le-blocage-des-reseaux-sociaux-20250908,2025-09-08 17:45:00,French,Nepal,Népal : lONU exige une enquête après la mort de 17 manifestants,Népal : lONU exige une enquête après la mort de 17 manifestants,la-croix.com,existing_raw_gdelt,"Nepal (corruption OR nepotism OR ""nepo kids"" OR ""nepo baby"")",excluded,published_at_or_seen_at_is_at_or_after_2025-09-08T00:00:00
external_excluded_dec223c17a06f154,GDELT,gdelt_doc,bangla.thedailystar.net,news_index,https://bangla.thedailystar.net/international/news-697971,2025-09-08 17:45:00,Bengali,Nepal,সরকারবিরোধী বিক্ষোভ : নেপালের স্বরাষ্ট্রমন্ত্রী রমেশ লেখকের পদত্যাগ,সরকারবিরোধী বিক্ষোভ : নেপালের স্বরাষ্ট্রমন্ত্রী রমেশ লেখকের পদত্যাগ,bangla.thedailystar.net,existing_raw_gdelt,"Nepal (corruption OR nepotism OR ""nepo kids"" OR ""nepo baby"")",excluded,published_at_or_seen_at_is_at_or_after_2025-09-08T00:00:00
external_excluded_afa677a457fd63fd,GDELT,gdelt_doc,franceinfo.fr,news_index,https://www.franceinfo.fr/monde/asie/au-nepal-la-police-ouvre-le-feu-sur-une-manifestation-contre-le-blocage-des-reseaux-sociaux-et-fait-17-morts-et-400-blesses_7480846.html,2025-09-08 17:45:00,French,Nepal,"Au Népal , la police ouvre le feu sur une manifestation contre le blocage des réseaux sociaux et fait 17 morts et 400 blessés","Au Népal , la police ouvre le feu sur une manifestation contre le blocage des réseaux sociaux et fait 17 morts et 400 blessés",franceinfo.fr,existing_raw_gdelt,"Nepal (corruption OR nepotism OR ""nepo kids"" OR ""nepo baby"")",excluded,published_at_or_seen_at_is_at_or_after_2025-09-08T00:00:00
external_excluded_29e7e289dd11e335,GDELT,gdelt_doc,ibtimes.com.au,news_index,https://www.ibtimes.com.au/least-17-killed-nepal-protest-over-social-media-ban-corruption-1860419,2025-09-08 17:45:00,English,Nepal,"At Least 17 Killed In Nepal Protest Over Social Media Ban , Corruption","At Least 17 Killed In Nepal Protest Over Social Media Ban , Corruption",ibtimes.com.au,existing_raw_gdelt,"Nepal (corruption OR nepotism OR ""nepo kids"" OR ""nepo baby"")",excluded,published_at_or_seen_at_is_at_or_after_2025-09-08T00:00:00
external_excluded_854827ca90178b9c,GDELT,gdelt_doc,lepetitjournal.com,news_index,https://lepetitjournal.com/expat-mag/societe/nepal-au-moins-16-morts-lors-dune-manifestation-contre-le-blocage-des-reseaux-sociaux-421823,2025-09-08 17:45:00,French,Nepal,Népal : au moins 16 morts lors dune manifestation contre le blocage des réseaux sociaux,Népal : au moins 16 morts lors dune manifestation contre le blocage des réseaux sociaux,lepetitjournal.com,existing_raw_gdelt,"Nepal (corruption OR nepotism OR ""nepo kids"" OR ""nepo baby"")",excluded,published_at_or_seen_at_is_at_or_after_2025-09-08T00:00:00
external_excluded_b11c4c7b4dffa346,GDELT,gdelt_doc,whec.com,news_index,https://www.whec.com/ap-top-news/police-open-fire-on-protests-of-nepals-social-media-policy-killing-at-least-17/,2025-09-08 17:45:00,English,Nepal,"Police open fire on protests of Nepal social media policy , killing at least 17","Police open fire on protests of Nepal social media policy , killing at least 17",whec.com,existing_raw_gdelt,"Nepal (corruption OR nepotism OR ""nepo kids"" OR ""nepo baby"")",excluded,published_at_or_seen_at_is_at_or_after_2025-09-08T00:00:00
external_excluded_26fdf04292dc82d0,GDELT,gdelt_doc,tdg.ch,news_index,https://www.tdg.ch/nepal-au-moins-16-morts-dans-une-manifestation-a-katmandou-523029264537,2025-09-08 17:45:00,French,Nepal,Népal : au moins 16 morts dans une manifestation à Katmandou,Népal : au moins 16 morts dans une manifestation à Katmandou,tdg.ch,existing_raw_gdelt,"Nepal (corruption OR nepotism OR ""nepo kids"" OR ""nepo baby"")",excluded,published_at_or_seen_at_is_at_or_after_2025-09-08T00:00:00
external_excluded_5c8cbf5dce12098b,GDELT,gdelt_doc,lapresse.ca,news_index,https://www.lapresse.ca/international/asie-et-oceanie/2025-09-08/nepal/au-moins-17-morts-lors-d-une-manifestation-contre-le-blocage-des-reseaux-sociaux.php,2025-09-08 17:45:00,French,Nepal,Népal | Au moins 17 morts lors dune manifestation contre le blocage des réseaux sociaux,Népal | Au moins 17 morts lors dune manifestation contre le blocage des réseaux sociaux,lapresse.ca,existing_raw_gdelt,"Nepal (corruption OR nepotism OR ""nepo kids"" OR ""nepo baby"")",excluded,published_at_or_seen_at_is_at_or_after_2025-09-08T00:00:00
external_excluded_d8f144be09b1b9eb,GDELT,gdelt_doc,ekhokavkaza.com,news_index,https://www.ekhokavkaza.com/a/v-nepale-pogibli-19-uchastnikov-protestov-protiv-blokirovok-sotssetey/33524975.html,2025-09-08 17:45:00,Russian,Nepal,В Непале погибли 19 участников протестов против блокировок соцсетей,В Непале погибли 19 участников протестов против блокировок соцсетей,ekhokavkaza.com,existing_raw_gdelt,"Nepal (corruption OR nepotism OR ""nepo kids"" OR ""nepo baby"")",excluded,published_at_or_seen_at_is_at_or_after_2025-09-08T00:00:00
external_excluded_2154d49a52493747,GDELT,gdelt_doc,dailyinqilab.com,news_index,https://dailyinqilab.com/international/news/805597,2025-09-08 17:30:00,Bengali,Nepal,নেপালের তরুণরা হঠাৎ কেন ফুঁসে উঠলেন ?,নেপালের তরুণরা হঠাৎ কেন ফুঁসে উঠলেন ?,dailyinqilab.com,existing_raw_gdelt,"Nepal (corruption OR nepotism OR ""nepo kids"" OR ""nepo baby"")",excluded,published_at_or_seen_at_is_at_or_after_2025-09-08T00:00:00
external_excluded_dca436d2635d760d,GDELT,gdelt_doc,realitatea.net,news_index,https://www.realitatea.net/stiri/extern/dezastru-in-nepal-19-morti-si-peste-100-de-raniti-la-protestele-impotriva-interzicerii-retelelor-sociale_68bf0a63dca7660614263307,2025-09-08 17:30:00,Romanian,Nepal,Dezastru în Nepal : 19 morți și peste 100 de răniți la protestele împotriva interzicerii rețelelor sociale,Dezastru în Nepal : 19 morți și peste 100 de răniți la protestele împotriva interzicerii rețelelor sociale,realitatea.net,existing_raw_gdelt,"Nepal (corruption OR nepotism OR ""nepo kids"" OR ""nepo baby"")",excluded,published_at_or_seen_at_is_at_or_after_2025-09-08T00:00:00
external_excluded_e42ceffc6ecf29c1,GDELT,gdelt_doc,andhrajyothy.com,news_index,https://www.andhrajyothy.com/2025/international/nepal-home-minister-ramesh-lekhak-resigns-after-protests-leave-19-dead-avr-1444887.html,2025-09-08 17:30:00,Telugu,Nepal,Nepal Home Minister Resigns : అట్టుడికిన ఆందోళనలు ... నేపాల్ హోం మంత్రి రాజీనామా | Nepal Home Minister Ramesh Lekhak resigns after protests leave 19 dead AVR,Nepal Home Minister Resigns : అట్టుడికిన ఆందోళనలు ... నేపాల్ హోం మంత్రి రాజీనామా | Nepal Home Minister Ramesh Lekhak resigns after protests leave 19 dead AVR,andhrajyothy.com,existing_raw_gdelt,"Nepal (corruption OR nepotism OR ""nepo kids"" OR ""nepo baby"")",excluded,published_at_or_seen_at_is_at_or_after_2025-09-08T00:00:00
external_excluded_184242646b3c5e39,GDELT,gdelt_doc,hometownregister.com,news_index,https://www.hometownregister.com/news/national/at-least-17-killed-in-nepal-protest-over-social-media-ban-corruption/article_0cc59f27-fbc6-5931-b855-cc65aa6cff3e.html,2025-09-08 17:30:00,English,Nepal,"At least 17 killed in Nepal protest over social media ban , corruption","At least 17 killed in Nepal protest over social media ban , corruption",hometownregister.com,existing_raw_gdelt,"Nepal (corruption OR nepotism OR ""nepo kids"" OR ""nepo baby"")",excluded,published_at_or_seen_at_is_at_or_after_2025-09-08T00:00:00
external_excluded_a5b3da4ee5cb170d,GDELT,gdelt_doc,madhyamam.com,news_index,https://www.madhyamam.com/world/nepal-gen-z-protests-home-minister-ramesh-lekhak-resigns-1445200,2025-09-08 17:30:00,Malayalam,Nepal,"ജെൻ സി പ്രക്ഷോഭം : നേപ്പാൾ ആഭ്യന്തര മന്ത്രി രാജിവെച്ചു , പ്രധാനമന്ത്രി ഒഴിയണമെന്ന് പ്രതിപക്ഷം | Nepal Gen Z protests : Home Minister Ramesh Lekhak resigns","ജെൻ സി പ്രക്ഷോഭം : നേപ്പാൾ ആഭ്യന്തര മന്ത്രി രാജിവെച്ചു , പ്രധാനമന്ത്രി ഒഴിയണമെന്ന് പ്രതിപക്ഷം | Nepal Gen Z protests : Home Minister Ramesh Lekhak resigns",madhyamam.com,existing_raw_gdelt,"Nepal (corruption OR nepotism OR ""nepo kids"" OR ""nepo baby"")",excluded,published_at_or_seen_at_is_at_or_after_2025-09-08T00:00:00
external_excluded_0ba24e8f6b88d9a3,GDELT,gdelt_doc,dailyinqilab.com,news_index,https://dailyinqilab.com/international/news/805590,2025-09-08 17:30:00,Bengali,Nepal,তীব্র সমালোচনার মুখে নেপালের স্বরাষ্ট্রমন্ত্রী পদত্যাগ,তীব্র সমালোচনার মুখে নেপালের স্বরাষ্ট্রমন্ত্রী পদত্যাগ,dailyinqilab.com,existing_raw_gdelt,"Nepal (corruption OR nepotism OR ""nepo kids"" OR ""nepo baby"")",excluded,published_at_or_seen_at_is_at_or_after_2025-09-08T00:00:00
external_excluded_55b9a3be6aa6f86e,GDELT,gdelt_doc,svt.se,news_index,https://www.svt.se/nyheter/utrikes/flera-doda-i-protester-i-nepal,2025-09-08 17:30:00,Swedish,Nepal,Flera döda i protester i Nepal –,Flera döda i protester i Nepal –,svt.se,existing_raw_gdelt,"Nepal (corruption OR nepotism OR ""nepo kids"" OR ""nepo baby"")",excluded,published_at_or_seen_at_is_at_or_after_2025-09-08T00:00:00
external_excluded_15f922716971602d,GDELT,gdelt_doc,divyabhaskar.co.in,news_index,https://www.divyabhaskar.co.in/international/news/nepal-kathmandu-gen-z-protest-social-media-instagram-banned-facebook-youtube-135871734.html,2025-09-08 17:30:00,Gujarati,Nepal,"Nepal Kathmandu Gen Z Protest ; Social Media | Instagram Banned | Facebook YouTube | નેપાળમાં Gen - Z વિરોધ પ્રદર્શનો શા માટે શરૂ થયા ?: ફેસબુક , ઇન્સ્ટાગ્રામ , યુટ્યુબ સહિત 26 સોશિયલ પ્લેટફોર્મ પર પ્રતિબંધ ; રાજકારણીઓના બાળકોની વૈભવી જીવનશૈલી પર રોષ...","Nepal Kathmandu Gen Z Protest ; Social Media | Instagram Banned | Facebook YouTube | નેપાળમાં Gen - Z વિરોધ પ્રદર્શનો શા માટે શરૂ થયા ?: ફેસબુક , ઇન્સ્ટાગ્રામ , યુટ્યુબ સહિત 26 સોશિયલ પ્લેટફોર્મ પર પ્રતિબંધ ; રાજકારણીઓના બાળકોની વૈભવી જીવનશૈલી પર રોષ...",divyabhaskar.co.in,existing_raw_gdelt,"Nepal (corruption OR nepotism OR ""nepo kids"" OR ""nepo baby"")",excluded,published_at_or_seen_at_is_at_or_after_2025-09-08T00:00:00
external_excluded_da54b37dad4143c9,GDELT,gdelt_doc,newsbeast.gr,news_index,https://www.newsbeast.gr/world/arthro/12557129/i-ypati-armosteia-tou-oie-gia-ta-anthropina-dikaiomata-zitei-tin-amesi-diexagogi-erevnas-schetika-me-tous-17-thanatous-diadiloton-sto-nepal,2025-09-08 17:15:00,Greek,Nepal,Η Ύπατη Αρμοστεία του ΟΗΕ για τα Ανθρώπινα Δικαιώματα ζητεί την άμεση διεξαγωγή έρευνας σχετικά με τους 17 θανάτους διαδηλωτών στο Νεπάλ,Η Ύπατη Αρμοστεία του ΟΗΕ για τα Ανθρώπινα Δικαιώματα ζητεί την άμεση διεξαγωγή έρευνας σχετικά με τους 17 θανάτους διαδηλωτών στο Νεπάλ,newsbeast.gr,existing_raw_gdelt,"Nepal (corruption OR nepotism OR ""nepo kids"" OR ""nepo baby"")",excluded,published_at_or_seen_at_is_at_or_after_2025-09-08T00:00:00
external_excluded_35d415f5d47bb66b,GDELT,gdelt_doc,newsx.com,news_index,https://www.newsx.com/world/18-killed-200-injured-as-nepal-protests-against-social-media-ban-turn-violent20250908185043-62172/,2025-09-08 17:15:00,English,Nepal,"18 killed , 200 injured as Nepal protests against social media ban turn violent","18 killed , 200 injured as Nepal protests against social media ban turn violent",newsx.com,existing_raw_gdelt,"Nepal (corruption OR nepotism OR ""nepo kids"" OR ""nepo baby"")",excluded,published_at_or_seen_at_is_at_or_after_2025-09-08T00:00:00
external_excluded_0553211456fe065f,GDELT,gdelt_doc,stepagency-sy.net,news_index,http://stepagency-sy.net/ar/incident/37,2025-09-08 17:15:00,Arabic,Nepal,مقتل 14 شخصاً على الأقل في احتجاجات نيبال الغاضبة .. ماذا يريد المتظاهرين,مقتل 14 شخصاً على الأقل في احتجاجات نيبال الغاضبة .. ماذا يريد المتظاهرين,stepagency-sy.net,existing_raw_gdelt,"Nepal (corruption OR nepotism OR ""nepo kids"" OR ""nepo baby"")",excluded,published_at_or_seen_at_is_at_or_after_2025-09-08T00:00:00
external_excluded_951090badd825501,GDELT,gdelt_doc,arabnews.com,news_index,https://www.arabnews.com/node/2614575/world,2025-09-08 17:15:00,English,Nepal,"Nepal police open fire , killing 17 protesting social media ban","Nepal police open fire , killing 17 protesting social media ban",arabnews.com,existing_raw_gdelt,"Nepal (corruption OR nepotism OR ""nepo kids"" OR ""nepo baby"")",excluded,published_at_or_seen_at_is_at_or_after_2025-09-08T00:00:00
external_excluded_3e1284110ea54e4f,GDELT,gdelt_doc,breitbart.com,news_index,https://www.breitbart.com/politics/2025/09/08/nepal-protests-against-social-media-ban-leave-19-dead-150-injured/,2025-09-08 17:15:00,English,Nepal,"Nepal Protests Against Social Media Ban Leave 19 Dead , 150 Injured","Nepal Protests Against Social Media Ban Leave 19 Dead , 150 Injured",breitbart.com,existing_raw_gdelt,"Nepal (corruption OR nepotism OR ""nepo kids"" OR ""nepo baby"")",excluded,published_at_or_seen_at_is_at_or_after_2025-09-08T00:00:00
external_excluded_470a0af334542ad0,GDELT,gdelt_doc,thestatesman.com,news_index,https://www.thestatesman.com/world/nepal-crisis-home-minister-resigns-after-19-killed-in-gen-z-led-protests-over-corruption-social-media-ban-1503483241.html,2025-09-08 17:15:00,English,Nepal,"Nepal crisis : Home Minister resigns after 19 killed in Gen Z - led protests over corruption , social media ban","Nepal crisis : Home Minister resigns after 19 killed in Gen Z - led protests over corruption , social media ban",thestatesman.com,existing_raw_gdelt,"Nepal (corruption OR nepotism OR ""nepo kids"" OR ""nepo baby"")",excluded,published_at_or_seen_at_is_at_or_after_2025-09-08T00:00:00
external_excluded_7faffcf5fd62673e,GDELT,gdelt_doc,boursorama.com,news_index,https://www.boursorama.com/actualite-economique/actualites/nepal-la-police-ouvre-le-feu-sur-une-manifestation-contre-le-blocage-des-reseaux-sociaux-17-morts-et-400-blesses-b84f3ec721ddbc7fa19cefe4915a8a96,2025-09-08 17:15:00,French,Nepal,Népal : la police ouvre le feu sur une manifestation contre le blocage des réseaux sociaux : 17 morts et 400 blessés - 08 / 09 / 2025 à 18 : 36,Népal : la police ouvre le feu sur une manifestation contre le blocage des réseaux sociaux : 17 morts et 400 blessés - 08 / 09 / 2025 à 18 : 36,boursorama.com,existing_raw_gdelt,"Nepal (corruption OR nepotism OR ""nepo kids"" OR ""nepo baby"")",excluded,published_at_or_seen_at_is_at_or_after_2025-09-08T00:00:00
external_excluded_673b1052209faf75,GDELT,gdelt_doc,notizie.it,news_index,https://www.notizie.it/giovani-contro-governo-nepal-blocco-social-media-morti-feriti/,2025-09-08 17:15:00,Italian,Nepal,Giovani in piazza contro il governo del Nepal per il blocco dei social media : morti e feriti,Giovani in piazza contro il governo del Nepal per il blocco dei social media : morti e feriti,notizie.it,existing_raw_gdelt,"Nepal (corruption OR nepotism OR ""nepo kids"" OR ""nepo baby"")",excluded,published_at_or_seen_at_is_at_or_after_2025-09-08T00:00:00
external_excluded_e32471c33a19e1f9,GDELT,gdelt_doc,economictimes.indiatimes.com,news_index,https://economictimes.indiatimes.com/news/new-updates/nepal-protests-how-the-viral-nepo-kids-trend-targeting-politicians-children-exploded-from-social-media-onto-the-streets/articleshow/123769124.cms,2025-09-08 17:15:00,English,Nepal,Nepal Protests : What is viral nepo kid trend targeting politician children that erupted from social media onto the streets ?,Nepal Protests : What is viral nepo kid trend targeting politician children that erupted from social media onto the streets ?,economictimes.indiatimes.com,existing_raw_gdelt,"Nepal (corruption OR nepotism OR ""nepo kids"" OR ""nepo baby"")",excluded,published_at_or_seen_at_is_at_or_after_2025-09-08T00:00:00
external_excluded_73280b8318aecc02,GDELT,gdelt_doc,linternaute.com,news_index,https://www.linternaute.com/actualite/depeches/8751126-nepal-au-moins-16-morts-lors-d-une-manifestation-contre-le-blocage-des-reseaux-sociaux/,2025-09-08 17:15:00,French,Nepal,Népal : la police ouvre le feu sur une manifestation contre le blocage des réseaux sociaux : 17 morts et 400 blessés,Népal : la police ouvre le feu sur une manifestation contre le blocage des réseaux sociaux : 17 morts et 400 blessés,linternaute.com,existing_raw_gdelt,"Nepal (corruption OR nepotism OR ""nepo kids"" OR ""nepo baby"")",excluded,published_at_or_seen_at_is_at_or_after_2025-09-08T00:00:00
external_excluded_1fc7e2d97eae6ded,GDELT,gdelt_doc,bgonair.bg,news_index,https://www.bgonair.bg/a/4-world/394069-nay-malko-19-dushi-sa-ubiti-na-protest-sreshtu-zabranata-na-sotsialni-medii-v-nepal,2025-09-08 17:15:00,Bulgarian,Nepal,Най - малко 19 души са убити на протест срещу забраната на социални медии в Непал,Най - малко 19 души са убити на протест срещу забраната на социални медии в Непал,bgonair.bg,existing_raw_gdelt,"Nepal (corruption OR nepotism OR ""nepo kids"" OR ""nepo baby"")",excluded,published_at_or_seen_at_is_at_or_after_2025-09-08T00:00:00
external_excluded_f1979741cd439cb8,GDELT,gdelt_doc,5-tv.ru,news_index,https://www.5-tv.ru/news/5036243/minimum-19-celovek-pogibli-vovrema-protestov-vnepale/,2025-09-08 17:15:00,Russian,Nepal,Протесты в Непале подробности,Протесты в Непале подробности,5-tv.ru,existing_raw_gdelt,"Nepal (corruption OR nepotism OR ""nepo kids"" OR ""nepo baby"")",excluded,published_at_or_seen_at_is_at_or_after_2025-09-08T00:00:00
external_excluded_bca63ece92705052,GDELT,gdelt_doc,time.mk,news_index,https://time.mk/ai/8d79f33179/mk/,2025-09-08 17:15:00,Macedonian,Nepal,Time Aнализа,Time Aнализа,time.mk,existing_raw_gdelt,"Nepal (corruption OR nepotism OR ""nepo kids"" OR ""nepo baby"")",excluded,published_at_or_seen_at_is_at_or_after_2025-09-08T00:00:00
external_excluded_14afc84552171384,GDELT,gdelt_doc,newsx.com,news_index,https://www.newsx.com/world/nepal-home-minister-ramesh-lekhak-resigns-from-post-after-worst-violence-in-two-decades-which-claimed-19-lives20250908203033-62296/,2025-09-08 17:15:00,English,Nepal,Nepal Home Minister Ramesh Lekhak resigns from post after worst violence in two decades which claimed 19 lives,Nepal Home Minister Ramesh Lekhak resigns from post after worst violence in two decades which claimed 19 lives,newsx.com,existing_raw_gdelt,"Nepal (corruption OR nepotism OR ""nepo kids"" OR ""nepo baby"")",excluded,published_at_or_seen_at_is_at_or_after_2025-09-08T00:00:00
external_excluded_046c465ea929255f,GDELT,gdelt_doc,bazonline.ch,news_index,https://www.bazonline.ch/nepalesische-polizei-schiesst-vor-parlament-auf-demonstranten-tote-761993804616,2025-09-08 17:00:00,German,Nepal,Nepalesische Polizei schiesst vor Parlament auf Demonstranten – 16 Tote,Nepalesische Polizei schiesst vor Parlament auf Demonstranten – 16 Tote,bazonline.ch,existing_raw_gdelt,"Nepal (corruption OR nepotism OR ""nepo kids"" OR ""nepo baby"")",excluded,published_at_or_seen_at_is_at_or_after_2025-09-08T00:00:00
external_excluded_e2789e2b476c88d2,GDELT,gdelt_doc,pennlive.com,news_index,https://www.pennlive.com/nation-world/2025/09/police-in-nepal-open-fire-on-protesters-outside-parliament-killing-11.html,2025-09-08 17:00:00,English,Nepal,"Police in Nepal open fire on protesters outside parliament , killing 11","Police in Nepal open fire on protesters outside parliament , killing 11",pennlive.com,existing_raw_gdelt,"Nepal (corruption OR nepotism OR ""nepo kids"" OR ""nepo baby"")",excluded,published_at_or_seen_at_is_at_or_after_2025-09-08T00:00:00
external_excluded_7b024daa5384d910,GDELT,gdelt_doc,hngn.com,news_index,https://www.hngn.com/articles/267983/20250908/least-10-killed-nepal-protest-over-social-media-ban.htm,2025-09-08 17:00:00,English,Nepal,At Least 10 Killed In Nepal Protest Over Social Media Ban,At Least 10 Killed In Nepal Protest Over Social Media Ban,hngn.com,existing_raw_gdelt,"Nepal (corruption OR nepotism OR ""nepo kids"" OR ""nepo baby"")",excluded,published_at_or_seen_at_is_at_or_after_2025-09-08T00:00:00
external_excluded_2f79473a3d58d5d4,GDELT,gdelt_doc,naftemporiki.gr,news_index,https://www.naftemporiki.gr/kosmos/2003020/oie-i-ypati-armosteia-gia-ta-anthropina-dikaiomata-zitei-tin-amesi-diexagogi-ereynas-gia-toys-17-nekroys-diadilotes-sto-nepal/,2025-09-08 17:00:00,Greek,Nepal,ΟΗΕ : Η Ύπατη Αρμοστεία για τα Ανθρώπινα Δικαιώματα ζητεί την άμεση διεξαγωγή έρευνας για τους 17 νεκρούς διαδηλωτές στο Νεπάλ,ΟΗΕ : Η Ύπατη Αρμοστεία για τα Ανθρώπινα Δικαιώματα ζητεί την άμεση διεξαγωγή έρευνας για τους 17 νεκρούς διαδηλωτές στο Νεπάλ,naftemporiki.gr,existing_raw_gdelt,"Nepal (corruption OR nepotism OR ""nepo kids"" OR ""nepo baby"")",excluded,published_at_or_seen_at_is_at_or_after_2025-09-08T00:00:00
external_excluded_fe74fafd014e0484,GDELT,gdelt_doc,firstpost.com,news_index,https://www.firstpost.com/explainers/nepal-protests-social-media-ban-death-13931962.html,2025-09-08 17:00:00,English,Nepal,Nepal protests : What we know about NGO Hami Nepal behind the stir ? – Firstpost,Nepal protests : What we know about NGO Hami Nepal behind the stir ? – Firstpost,firstpost.com,existing_raw_gdelt,"Nepal (corruption OR nepotism OR ""nepo kids"" OR ""nepo baby"")",excluded,published_at_or_seen_at_is_at_or_after_2025-09-08T00:00:00
external_excluded_eea2f7777ce8b5ce,GDELT,gdelt_doc,hu.euronews.com,news_index,https://hu.euronews.com/2025/09/08/nepal-halalos-aldozatok-kozossegi-media-betiltas-zavargasok,2025-09-08 17:00:00,Hungarian,Nepal,Nepálban 13 - an meghaltak a közösségi média betiltása után kitört zavargásokban,Nepálban 13 - an meghaltak a közösségi média betiltása után kitört zavargásokban,hu.euronews.com,existing_raw_gdelt,"Nepal (corruption OR nepotism OR ""nepo kids"" OR ""nepo baby"")",excluded,published_at_or_seen_at_is_at_or_after_2025-09-08T00:00:00
external_excluded_604161d291b53369,GDELT,gdelt_doc,drimble.nl,news_index,https://drimble.nl/buitenlands-nieuws/103578472/politie-grijpt-in-bij-grootschalig-protest-tegen-socialemediaverbod-in-nepal-zeker-19-doden.html,2025-09-08 17:00:00,Dutch,Nepal,"Politie grijpt in bij grootschalig protest tegen socialemediaverbod in Nepal , zeker 19 doden","Politie grijpt in bij grootschalig protest tegen socialemediaverbod in Nepal , zeker 19 doden",drimble.nl,existing_raw_gdelt,"Nepal (corruption OR nepotism OR ""nepo kids"" OR ""nepo baby"")",excluded,published_at_or_seen_at_is_at_or_after_2025-09-08T00:00:00
external_excluded_b3653d260e01560f,GDELT,gdelt_doc,lavanguardia.com,news_index,https://www.lavanguardia.com/internacional/20250908/11039527/policia-nepali-mata-19-manifestantes-clausura-redes-sociales-corrupcion.html,2025-09-08 17:00:00,Spanish,Nepal,La policía nepalí mata a 19 manifestantes contra la clausura de redes sociales y la corrupción,La policía nepalí mata a 19 manifestantes contra la clausura de redes sociales y la corrupción,lavanguardia.com,existing_raw_gdelt,"Nepal (corruption OR nepotism OR ""nepo kids"" OR ""nepo baby"")",excluded,published_at_or_seen_at_is_at_or_after_2025-09-08T00:00:00
external_excluded_734ad7ac784c5f0b,GDELT,gdelt_doc,firstpost.com,news_index,https://www.firstpost.com/world/nepal-home-minister-resigns-takes-moral-responsibility-after-violent-gen-z-protests-leave-20-dead-13931943.html,2025-09-08 17:00:00,English,Nepal,"Nepal home minister resigns , takes moral responsibility after violent Gen - Z protests leave 20 dead – Firstpost","Nepal home minister resigns , takes moral responsibility after violent Gen - Z protests leave 20 dead – Firstpost",firstpost.com,existing_raw_gdelt,"Nepal (corruption OR nepotism OR ""nepo kids"" OR ""nepo baby"")",excluded,published_at_or_seen_at_is_at_or_after_2025-09-08T00:00:00
external_excluded_8f1e9ca1df03ead2,GDELT,gdelt_doc,radiosvoboda.org,news_index,https://www.radiosvoboda.org/a/news-nepal-protest-proty-zaborony-socmerezh-zahybli/33524939.html,2025-09-08 17:00:00,Ukrainian,Nepal,У Непалі на масових протестах проти заборони соцмереж загинули 19 людей,У Непалі на масових протестах проти заборони соцмереж загинули 19 людей,radiosvoboda.org,existing_raw_gdelt,"Nepal (corruption OR nepotism OR ""nepo kids"" OR ""nepo baby"")",excluded,published_at_or_seen_at_is_at_or_after_2025-09-08T00:00:00
external_excluded_48a29ace85e60fe4,GDELT,gdelt_doc,vrt.be,news_index,https://www.vrt.be/vrtnws/nl/2025/09/08/zeker-10-doden-bij-grote-betoging-in-nepal-tegen-blokkering-van/,2025-09-08 17:00:00,Dutch,Nepal,Zeker 16 doden bij grote betoging in Nepal tegen blokkering van sociale media,Zeker 16 doden bij grote betoging in Nepal tegen blokkering van sociale media,vrt.be,existing_raw_gdelt,"Nepal (corruption OR nepotism OR ""nepo kids"" OR ""nepo baby"")",excluded,published_at_or_seen_at_is_at_or_after_2025-09-08T00:00:00
external_excluded_6b5b0101dee93976,GDELT,gdelt_doc,24tv.ua,news_index,https://24tv.ua/geopolitics/ru/protesty-v-nepale-policija-otkryla-ogon-po-mitingujushhim-chto-izvestno-o-zhertvah-geopolitika_n2910346,2025-09-08 17:00:00,Russian,Nepal,Протесты в Непале - полиция открыла огонь по митингующим - что известно о жертвах,Протесты в Непале - полиция открыла огонь по митингующим - что известно о жертвах,24tv.ua,existing_raw_gdelt,"Nepal (corruption OR nepotism OR ""nepo kids"" OR ""nepo baby"")",excluded,published_at_or_seen_at_is_at_or_after_2025-09-08T00:00:00
external_excluded_a97d79658674f9d3,GDELT,gdelt_doc,hindi.webdunia.com,news_index,https://hindi.webdunia.com/international-hindi-news/gen-z-protest-nepal-curfew-imposed-kathmandu-protesters-enter-parliament-kp-oli-social-media-banned-in-nepal-125090800066_1.html,2025-09-08 17:00:00,Hindi,Nepal,"नेपाल में Gen - Z revolution , कौन हैं प्रदर्शन करने वाले युवा , ओली सरकार के खिलाफ क्यों हैं आक्रामक , तोड़फोड़ - आगजनी में 16 की मौत , 200 से ज्यादा घायल","नेपाल में Gen - Z revolution , कौन हैं प्रदर्शन करने वाले युवा , ओली सरकार के खिलाफ क्यों हैं आक्रामक , तोड़फोड़ - आगजनी में 16 की मौत , 200 से ज्यादा घायल",hindi.webdunia.com,existing_raw_gdelt,"Nepal (corruption OR nepotism OR ""nepo kids"" OR ""nepo baby"")",excluded,published_at_or_seen_at_is_at_or_after_2025-09-08T00:00:00
external_excluded_a2e261453d8d4202,GDELT,gdelt_doc,wiadomosci.onet.pl,news_index,https://wiadomosci.onet.pl/swiat/zamieszki-w-nepalu-po-zakazie-mediow-spolecznosciowych-19-osob-zginelo/w792xtf,2025-09-08 17:00:00,Polish,Nepal,Zamieszki w Nepalu po zakazie mediów społecznościowych . 19 osób zginęło,Zamieszki w Nepalu po zakazie mediów społecznościowych . 19 osób zginęło,wiadomosci.onet.pl,existing_raw_gdelt,"Nepal (corruption OR nepotism OR ""nepo kids"" OR ""nepo baby"")",excluded,published_at_or_seen_at_is_at_or_after_2025-09-08T00:00:00
external_excluded_e0346ba8533e7fe4,GDELT,gdelt_doc,drimble.nl,news_index,https://drimble.nl/buitenlands-nieuws/103578460/politie-grijpt-in-bij-grootschalig-protest-tegen-socialemediaverbod-in-nepal-zeker-19-doden.html,2025-09-08 17:00:00,Dutch,Nepal,"Politie grijpt in bij grootschalig protest tegen socialemediaverbod in Nepal , zeker 19 doden","Politie grijpt in bij grootschalig protest tegen socialemediaverbod in Nepal , zeker 19 doden",drimble.nl,existing_raw_gdelt,"Nepal (corruption OR nepotism OR ""nepo kids"" OR ""nepo baby"")",excluded,published_at_or_seen_at_is_at_or_after_2025-09-08T00:00:00
external_excluded_923a668a51679195,GDELT,gdelt_doc,drimble.nl,news_index,https://drimble.nl/buitenlands-nieuws/103577483/zeker-19-doden-en-honderden-gewonden-bij-protest-in-nepal.html,2025-09-08 17:00:00,Dutch,Nepal,Zeker 19 doden en honderden gewonden bij protest in Nepal,Zeker 19 doden en honderden gewonden bij protest in Nepal,drimble.nl,existing_raw_gdelt,"Nepal (corruption OR nepotism OR ""nepo kids"" OR ""nepo baby"")",excluded,published_at_or_seen_at_is_at_or_after_2025-09-08T00:00:00
external_excluded_a077d0d19a867387,GDELT,gdelt_doc,drimble.nl,news_index,https://drimble.nl/buitenlands-nieuws/103577922/zeker-19-doden-bij-protesten-in-nepal-tegen-corruptie-en-socialemediaverbod.html,2025-09-08 17:00:00,Dutch,Nepal,Zeker 19 doden bij protesten in Nepal tegen corruptie en socialemediaverbod,Zeker 19 doden bij protesten in Nepal tegen corruptie en socialemediaverbod,drimble.nl,existing_raw_gdelt,"Nepal (corruption OR nepotism OR ""nepo kids"" OR ""nepo baby"")",excluded,published_at_or_seen_at_is_at_or_after_2025-09-08T00:00:00
external_excluded_5fba8541fde0e8c4,GDELT,gdelt_doc,mignews.com,news_index,https://mignews.com/news/disasters/v-nepale-vspyhnuli-protesty-iz-za-blokirovki-socsetej-est-pogibshie.html,2025-09-08 17:00:00,Russian,Nepal,В Непале вспыхнули протесты из - за блокировки соцсетей : 19 погибших | MigNews - Новости Израиля и Мира на русском языке,В Непале вспыхнули протесты из - за блокировки соцсетей : 19 погибших | MigNews - Новости Израиля и Мира на русском языке,mignews.com,existing_raw_gdelt,"Nepal (corruption OR nepotism OR ""nepo kids"" OR ""nepo baby"")",excluded,published_at_or_seen_at_is_at_or_after_2025-09-08T00:00:00
external_excluded_32f9cf31c38d7825,GDELT,gdelt_doc,sangbadpratidin.in,news_index,https://www.sangbadpratidin.in/world/protest-in-nepal-now-nepals-home-minister-offers-resignation/,2025-09-08 17:00:00,Bengali,Nepal,Protest in Nepal Now Nepal Home Minister offers resignation,Protest in Nepal Now Nepal Home Minister offers resignation,sangbadpratidin.in,existing_raw_gdelt,"Nepal (corruption OR nepotism OR ""nepo kids"" OR ""nepo baby"")",excluded,published_at_or_seen_at_is_at_or_after_2025-09-08T00:00:00
external_excluded_dcb9b65414bd9aec,GDELT,gdelt_doc,sigmalive.com,news_index,https://www.sigmalive.com/news/international/1287340/nepal-o-ohe-zita-amesi-erefna-ghia-17-nekrous-se-viaii-katastoli-diadilwseon,2025-09-08 17:00:00,Greek,Nepal,Νεπάλ : Ο ΟΗΕ ζητά άμεση έρευνα για 17 νεκρούς σε βίαιη καταστολή διαδηλώσεων,Νεπάλ : Ο ΟΗΕ ζητά άμεση έρευνα για 17 νεκρούς σε βίαιη καταστολή διαδηλώσεων,sigmalive.com,existing_raw_gdelt,"Nepal (corruption OR nepotism OR ""nepo kids"" OR ""nepo baby"")",excluded,published_at_or_seen_at_is_at_or_after_2025-09-08T00:00:00
external_excluded_856a0302537eb7c7,GDELT,gdelt_doc,ansa.it,news_index,https://www.ansa.it/sito/notizie/mondo/asia/2025/09/08/almeno-10-morti-in-nepal-a-proteste-contro-divieto-social_97eac3ac-b5d0-4cfd-9a71-eb1e718643b9.html,2025-09-08 16:45:00,Italian,Nepal,Almeno 10 morti in Nepal a proteste contro divieto social - Asia,Almeno 10 morti in Nepal a proteste contro divieto social - Asia,ansa.it,existing_raw_gdelt,"Nepal (corruption OR nepotism OR ""nepo kids"" OR ""nepo baby"")",excluded,published_at_or_seen_at_is_at_or_after_2025-09-08T00:00:00
external_excluded_3d7731000d8663a8,GDELT,gdelt_doc,europafm.ro,news_index,https://www.europafm.ro/14-oameni-au-murit-in-capitala-nepalului-in-urma-unor-proteste-violente-impotriva-deciziei-guvernului-de-a-opri-accesul-la-mai-multe-retele-de-socializare-protestatarii-reclama-coruptia-politic/,2025-09-08 16:45:00,Romanian,Nepal,"14 oameni au murit în capitala Nepalului , în urma unor proteste violente împotriva deciziei guvernului de a opri accesul la mai multe rețele de socializare . Protestatarii reclamă corupția politicienilor : Europa FM","14 oameni au murit în capitala Nepalului , în urma unor proteste violente împotriva deciziei guvernului de a opri accesul la mai multe rețele de socializare . Protestatarii reclamă corupția politicienilor : Europa FM",europafm.ro,existing_raw_gdelt,"Nepal (corruption OR nepotism OR ""nepo kids"" OR ""nepo baby"")",excluded,published_at_or_seen_at_is_at_or_after_2025-09-08T00:00:00
external_excluded_eb714817905719ce,GDELT,gdelt_doc,ratopati.com,news_index,https://www.ratopati.com/story/512050/the-governments-brutal-repression-of-the-awakened-genji,2025-09-08 16:45:00,Nepali,Nepal,जागेका जेनजीमाथि सरकारको बर्बर दमन | Nepal first 24 - hour updated news portal,जागेका जेनजीमाथि सरकारको बर्बर दमन | Nepal first 24 - hour updated news portal,ratopati.com,existing_raw_gdelt,"Nepal (corruption OR nepotism OR ""nepo kids"" OR ""nepo baby"")",excluded,published_at_or_seen_at_is_at_or_after_2025-09-08T00:00:00
external_excluded_03e032244fe0f3cd,GDELT,gdelt_doc,dw.com,news_index,https://www.dw.com/uk/krivavi-suticki-v-nepali-e-zagibli-ta-poraneni/a-73920991,2025-09-08 16:45:00,Ukrainian,Nepal,Антиурядову акцію в Непалі зупинила поліція : 14 загиблих – DW – 08 . 09 . 2025,Антиурядову акцію в Непалі зупинила поліція : 14 загиблих – DW – 08 . 09 . 2025,dw.com,existing_raw_gdelt,"Nepal (corruption OR nepotism OR ""nepo kids"" OR ""nepo baby"")",excluded,published_at_or_seen_at_is_at_or_after_2025-09-08T00:00:00
external_excluded_5eb6579fbdbb11c0,GDELT,gdelt_doc,news.yam.md,news_index,https://news.yam.md/ro/story/17738402,2025-09-08 16:45:00,Romanian,Nepal,"( VIDEO ) Revoltă a tinerilor din Nepal , soldată cu cel puțin 14 morți și zeci de răniți : „ Opriți corupția , nu rețelele sociale","( VIDEO ) Revoltă a tinerilor din Nepal , soldată cu cel puțin 14 morți și zeci de răniți : „ Opriți corupția , nu rețelele sociale",news.yam.md,existing_raw_gdelt,"Nepal (corruption OR nepotism OR ""nepo kids"" OR ""nepo baby"")",excluded,published_at_or_seen_at_is_at_or_after_2025-09-08T00:00:00
external_excluded_c9eb604468c38f20,GDELT,gdelt_doc,nrk.no,news_index,https://www.nrk.no/nyheter/19-drepte-og-347-skadd-i-nepal-etter-at-politiet-skjot-mot-demonstranter-1.17560477,2025-09-08 16:45:00,Norwegian,Nepal,19 drepte og 347 skadd i Nepal etter at politiet skjøt mot demonstranter,19 drepte og 347 skadd i Nepal etter at politiet skjøt mot demonstranter,nrk.no,existing_raw_gdelt,"Nepal (corruption OR nepotism OR ""nepo kids"" OR ""nepo baby"")",excluded,published_at_or_seen_at_is_at_or_after_2025-09-08T00:00:00
external_excluded_7a8bb6f153598ef3,GDELT,gdelt_doc,freepressjournal.in,news_index,https://www.freepressjournal.in/world/nepal-bans-26-social-media-platforms-raising-fears-of-digital-censorship,2025-09-08 16:30:00,English,Nepal,"Nepal Bans 26 Social Media Platforms , Raising Fears Of Digital Censorship","Nepal Bans 26 Social Media Platforms , Raising Fears Of Digital Censorship",freepressjournal.in,existing_raw_gdelt,"Nepal (corruption OR nepotism OR ""nepo kids"" OR ""nepo baby"")",excluded,published_at_or_seen_at_is_at_or_after_2025-09-08T00:00:00
external_excluded_b1781ce35339fd85,GDELT,gdelt_doc,index.hr,news_index,https://www.index.hr/vijesti/clanak/jos-raste-broj-mrtvih-u-nepalu-ogromni-neredi-izbili-nakon-blokade-drustvenih-mreza/2707621.aspx?index_ref=homepage_comment_box_d&commentId=9291906,2025-09-08 16:30:00,Croatian,Nepal,"FOTO Nepal blokirao Facebook , Instagram , X . Izbili veliki neredi , još raste broj mrtvih","FOTO Nepal blokirao Facebook , Instagram , X . Izbili veliki neredi , još raste broj mrtvih",index.hr,existing_raw_gdelt,"Nepal (corruption OR nepotism OR ""nepo kids"" OR ""nepo baby"")",excluded,published_at_or_seen_at_is_at_or_after_2025-09-08T00:00:00
external_excluded_802ab8cef27a9662,GDELT,gdelt_doc,71sangbad.com,news_index,https://www.71sangbad.com/news/145858,2025-09-08 16:30:00,Bengali,Nepal,"নেপালে বিক্ষোভে পুলিশের গুলি , সংঘর্ষে নিহত বেড়ে ১৯","নেপালে বিক্ষোভে পুলিশের গুলি , সংঘর্ষে নিহত বেড়ে ১৯",71sangbad.com,existing_raw_gdelt,"Nepal (corruption OR nepotism OR ""nepo kids"" OR ""nepo baby"")",excluded,published_at_or_seen_at_is_at_or_after_2025-09-08T00:00:00
external_excluded_657258950a4bb3de,GDELT,gdelt_doc,time.mk,news_index,https://time.mk/c/8d79f33179/najmalku-19-zaginati-vo-golemi-neredi-vo-nepal-otkako-vladata-gi-zabrani-socijalnite-mrezi.html,2025-09-08 16:30:00,Macedonian,Nepal,Најмалку 19 загинати во големи нереди во Непал откако владата ги забрани социјалните мрежи,Најмалку 19 загинати во големи нереди во Непал откако владата ги забрани социјалните мрежи,time.mk,existing_raw_gdelt,"Nepal (corruption OR nepotism OR ""nepo kids"" OR ""nepo baby"")",excluded,published_at_or_seen_at_is_at_or_after_2025-09-08T00:00:00
external_excluded_5a47550ea603762c,GDELT,gdelt_doc,tv.lrytas.lt,news_index,https://tv.lrytas.lt/zinios/pasaulis/2025/09/08/news/nepale-uzdraudus-kai-kuriuos-socialinius-tinklus-mirtini-protestai-zuvo-maziausiai-10-zmoniu-39438140,2025-09-08 16:30:00,Lithuanian,Nepal,Nepale uždraudus kai kuriuos socialinius tinklus – mirtini protestai : žuvo 16 žmonių,Nepale uždraudus kai kuriuos socialinius tinklus – mirtini protestai : žuvo 16 žmonių,tv.lrytas.lt,existing_raw_gdelt,"Nepal (corruption OR nepotism OR ""nepo kids"" OR ""nepo baby"")",excluded,published_at_or_seen_at_is_at_or_after_2025-09-08T00:00:00
external_excluded_3e10392506588314,GDELT,gdelt_doc,freepressjournal.in,news_index,https://www.freepressjournal.in/world/nepal-home-minister-ramesh-lekhak-resigns-after-deadly-violence-claims-19-lives,2025-09-08 16:30:00,English,Nepal,Nepal Home Minister Ramesh Lekhak Resigns After Deadly Violence Claims 19 Lives,Nepal Home Minister Ramesh Lekhak Resigns After Deadly Violence Claims 19 Lives,freepressjournal.in,existing_raw_gdelt,"Nepal (corruption OR nepotism OR ""nepo kids"" OR ""nepo baby"")",excluded,published_at_or_seen_at_is_at_or_after_2025-09-08T00:00:00
external_excluded_d67bb066b825ee7e,GDELT,gdelt_doc,index.hr,news_index,https://www.index.hr/vijesti/clanak/jos-raste-broj-mrtvih-u-nepalu-ogromni-neredi-izbili-nakon-blokade-drustvenih-mreza/2707621.aspx?index_ref=homepage_comment_box_d&commentId=9290931,2025-09-08 16:30:00,Croatian,Nepal,"FOTO Nepal blokirao Facebook , Instagram , X . Izbili veliki neredi , još raste broj mrtvih","FOTO Nepal blokirao Facebook , Instagram , X . Izbili veliki neredi , još raste broj mrtvih",index.hr,existing_raw_gdelt,"Nepal (corruption OR nepotism OR ""nepo kids"" OR ""nepo baby"")",excluded,published_at_or_seen_at_is_at_or_after_2025-09-08T00:00:00
external_excluded_dddacffd83a33f14,GDELT,gdelt_doc,index.hr,news_index,https://www.index.hr/vijesti/clanak/jos-raste-broj-mrtvih-u-nepalu-ogromni-neredi-izbili-nakon-blokade-drustvenih-mreza/2707621.aspx?index_ref=homepage_comment_box_d&commentId=9291317,2025-09-08 16:30:00,Croatian,Nepal,"FOTO Nepal blokirao Facebook , Instagram , X . Izbili veliki neredi , još raste broj mrtvih","FOTO Nepal blokirao Facebook , Instagram , X . Izbili veliki neredi , još raste broj mrtvih",index.hr,existing_raw_gdelt,"Nepal (corruption OR nepotism OR ""nepo kids"" OR ""nepo baby"")",excluded,published_at_or_seen_at_is_at_or_after_2025-09-08T00:00:00
external_excluded_02fcb4dc1b59a911,GDELT,gdelt_doc,nepszava.hu,news_index,https://nepszava.hu/3293641_kozossegi-media-betiltas-nepal-tuntetes-halalos-aldozatok-konnygaz-gumilovedek,2025-09-08 16:30:00,Hungarian,Nepal,"A közösségi média betiltása ellen tüntettek Nepálban , legkevesebb 19 - en meghaltak","A közösségi média betiltása ellen tüntettek Nepálban , legkevesebb 19 - en meghaltak",nepszava.hu,existing_raw_gdelt,"Nepal (corruption OR nepotism OR ""nepo kids"" OR ""nepo baby"")",excluded,published_at_or_seen_at_is_at_or_after_2025-09-08T00:00:00
external_excluded_38384cd8dadd71a7,GDELT,gdelt_doc,article.wn.com,news_index,https://article.wn.com/view/2025/09/08/Taking_Moral_Responsibility_Nepal_HM_Offers_To_Resign_As_Soc/,2025-09-08 16:30:00,English,Nepal,Taking Moral Responsibility : Nepal HM Offers To Resign As Social Media Ban Protest Turns Deadly,Taking Moral Responsibility : Nepal HM Offers To Resign As Social Media Ban Protest Turns Deadly,article.wn.com,existing_raw_gdelt,"Nepal (corruption OR nepotism OR ""nepo kids"" OR ""nepo baby"")",excluded,published_at_or_seen_at_is_at_or_after_2025-09-08T00:00:00
external_excluded_eb5235b0be0af09d,GDELT,gdelt_doc,dawnnews.tv,news_index,https://www.dawnnews.tv/news/1268754,2025-09-08 16:30:00,Urdu,Nepal,نیپال : سوشل میڈیا پر پابندی کیخلاف جنریشن زی کا احتجاج ، جھڑپوں میں 19 افراد ہلاک - World,نیپال : سوشل میڈیا پر پابندی کیخلاف جنریشن زی کا احتجاج ، جھڑپوں میں 19 افراد ہلاک - World,dawnnews.tv,existing_raw_gdelt,"Nepal (corruption OR nepotism OR ""nepo kids"" OR ""nepo baby"")",excluded,published_at_or_seen_at_is_at_or_after_2025-09-08T00:00:00
external_excluded_3c2d4812b2f263b3,GDELT,gdelt_doc,mathrubhumi.com,news_index,https://www.mathrubhumi.com/news/world/nepal-protests-corruption-social-media-ban-1.10897134,2025-09-08 16:30:00,Malayalam,Nepal,"നേപ്പാളിലെ യുവജനപ്രക്ഷോഭം ; വെടിവെപ്പില്‍ മരണം 19 ആയി , ആഭ്യന്തര മന്ത്രി രാജിവെച്ചു , Nepal protests , Kathmandu protests , corruption , social media ban , police brutality , youth protests ,","നേപ്പാളിലെ യുവജനപ്രക്ഷോഭം ; വെടിവെപ്പില്‍ മരണം 19 ആയി , ആഭ്യന്തര മന്ത്രി രാജിവെച്ചു , Nepal protests , Kathmandu protests , corruption , social media ban , police brutality , youth protests ,",mathrubhumi.com,existing_raw_gdelt,"Nepal (corruption OR nepotism OR ""nepo kids"" OR ""nepo baby"")",excluded,published_at_or_seen_at_is_at_or_after_2025-09-08T00:00:00
external_excluded_230ef294df693093,GDELT,gdelt_doc,index.hr,news_index,https://www.index.hr/vijesti/clanak/jos-raste-broj-mrtvih-u-nepalu-ogromni-neredi-izbili-nakon-blokade-drustvenih-mreza/2707621.aspx?index_ref=homepage_comment_box_d&commentId=9291301,2025-09-08 16:30:00,Croatian,Nepal,"FOTO Nepal blokirao Facebook , Instagram , X . Izbili veliki neredi , još raste broj mrtvih","FOTO Nepal blokirao Facebook , Instagram , X . Izbili veliki neredi , još raste broj mrtvih",index.hr,existing_raw_gdelt,"Nepal (corruption OR nepotism OR ""nepo kids"" OR ""nepo baby"")",excluded,published_at_or_seen_at_is_at_or_after_2025-09-08T00:00:00
external_excluded_b7040e9037c930e5,GDELT,gdelt_doc,kuna.net.kw,news_index,https://www.kuna.net.kw/ArticleDetails.aspx?id=3247399&Language=en,2025-09-08 16:30:00,English,Nepal,KUNA : At least 18 killed as protests against Nepalese govt ban on social media turns violent - Security,KUNA : At least 18 killed as protests against Nepalese govt ban on social media turns violent - Security,kuna.net.kw,existing_raw_gdelt,"Nepal (corruption OR nepotism OR ""nepo kids"" OR ""nepo baby"")",excluded,published_at_or_seen_at_is_at_or_after_2025-09-08T00:00:00
external_excluded_30ac1fa21cd66cdd,GDELT,gdelt_doc,navabharat.com,news_index,https://navabharat.com/?p=289040,2025-09-08 16:30:00,Hindi,Nepal,"नेपाल में पुलिस गोलीबारी में 19 प्रदर्शनकारियों की मौत , 350 घायल , गृहमंत्री का इस्तीफा","नेपाल में पुलिस गोलीबारी में 19 प्रदर्शनकारियों की मौत , 350 घायल , गृहमंत्री का इस्तीफा",navabharat.com,existing_raw_gdelt,"Nepal (corruption OR nepotism OR ""nepo kids"" OR ""nepo baby"")",excluded,published_at_or_seen_at_is_at_or_after_2025-09-08T00:00:00
external_excluded_9e7c57fb87c09373,GDELT,gdelt_doc,edition.cnn.com,news_index,https://edition.cnn.com/2025/09/08/asia/nepal-social-media-ban-protesters-killed-intl,2025-09-08 16:30:00,English,Nepal,"Nepal social media ban : Police open fire on protesters outside parliament , killing 17","Nepal social media ban : Police open fire on protesters outside parliament , killing 17",edition.cnn.com,existing_raw_gdelt,"Nepal (corruption OR nepotism OR ""nepo kids"" OR ""nepo baby"")",excluded,published_at_or_seen_at_is_at_or_after_2025-09-08T00:00:00
external_excluded_50a94a60339915a1,GDELT,gdelt_doc,businesstoday.in,news_index,https://www.businesstoday.in/india/story/gen-z-protest-rocks-nepal-20-killed-home-minister-steps-down-amid-outrage-493109-2025-09-08,2025-09-08 16:30:00,English,Nepal,"Gen Z protest rocks Nepal : 20 killed , Home Minister steps down amid outrage","Gen Z protest rocks Nepal : 20 killed , Home Minister steps down amid outrage",businesstoday.in,existing_raw_gdelt,"Nepal (corruption OR nepotism OR ""nepo kids"" OR ""nepo baby"")",excluded,published_at_or_seen_at_is_at_or_after_2025-09-08T00:00:00
external_excluded_5671e8d9dc897e18,GDELT,gdelt_doc,dawnnews.tv,news_index,https://www.dawnnews.tv/news/1268754/,2025-09-08 16:30:00,Urdu,Nepal,نیپال : سوشل میڈیا پر پابندی کیخلاف جنریشن زی کا احتجاج ، جھڑپوں میں 19 افراد ہلاک - World,نیپال : سوشل میڈیا پر پابندی کیخلاف جنریشن زی کا احتجاج ، جھڑپوں میں 19 افراد ہلاک - World,dawnnews.tv,existing_raw_gdelt,"Nepal (corruption OR nepotism OR ""nepo kids"" OR ""nepo baby"")",excluded,published_at_or_seen_at_is_at_or_after_2025-09-08T00:00:00
external_excluded_41e5c78d6e4044d4,GDELT,gdelt_doc,euronews.com,news_index,https://www.euronews.com/next/2025/09/08/nepal-police-shoot-and-kill-some-17-people-protesting-a-social-media-ban,2025-09-08 16:30:00,English,Nepal,Nepal police shoot and kill some 17 people protesting a social media ban,Nepal police shoot and kill some 17 people protesting a social media ban,euronews.com,existing_raw_gdelt,"Nepal (corruption OR nepotism OR ""nepo kids"" OR ""nepo baby"")",excluded,published_at_or_seen_at_is_at_or_after_2025-09-08T00:00:00
external_excluded_b0bed92288a33291,GDELT,gdelt_doc,expert.ru,news_index,http://expert.ru/news/v-nepale-pogibli-19-chelovek-v-khode-protestov-iz-za-blokirovki-sotssetey/,2025-09-08 16:15:00,Russian,Nepal,В Непале погибли 19 человек в ходе протестов из - за блокировки соцсетей,В Непале погибли 19 человек в ходе протестов из - за блокировки соцсетей,expert.ru,existing_raw_gdelt,"Nepal (corruption OR nepotism OR ""nepo kids"" OR ""nepo baby"")",excluded,published_at_or_seen_at_is_at_or_after_2025-09-08T00:00:00
external_excluded_f743ab63708efb27,GDELT,gdelt_doc,mignews.com,news_index,http://mignews.com/news/disasters/v-nepale-vspyhnuli-protesty-iz-za-blokirovki-socsetej-est-pogibshie.html,2025-09-08 16:15:00,Russian,Nepal,В Непале вспыхнули протесты из - за блокировки соцсетей : 19 погибших | MigNews - Новости Израиля и Мира на русском языке,В Непале вспыхнули протесты из - за блокировки соцсетей : 19 погибших | MigNews - Новости Израиля и Мира на русском языке,mignews.com,existing_raw_gdelt,"Nepal (corruption OR nepotism OR ""nepo kids"" OR ""nepo baby"")",excluded,published_at_or_seen_at_is_at_or_after_2025-09-08T00:00:00
external_excluded_66b071db0a8b0616,GDELT,gdelt_doc,jagonews24.com,news_index,https://www.jagonews24.com/international/news/1050385,2025-09-08 16:15:00,Bengali,Nepal,সংক্ষিপ্ত বিশ্ব সংবাদ : ৮ সেপ্টেম্বর ২০২৫,সংক্ষিপ্ত বিশ্ব সংবাদ : ৮ সেপ্টেম্বর ২০২৫,jagonews24.com,existing_raw_gdelt,"Nepal (corruption OR nepotism OR ""nepo kids"" OR ""nepo baby"")",excluded,published_at_or_seen_at_is_at_or_after_2025-09-08T00:00:00
external_excluded_e34e51b5feefd94a,GDELT,gdelt_doc,naharnet.com,news_index,https://www.naharnet.com:443/stories/en/315149-nepal-police-shoot-and-kill-at-least-17-people-protesting-social-media-ban,2025-09-08 16:00:00,English,Nepal,Nepal police shoot and kill at least 17 people protesting social media ban,Nepal police shoot and kill at least 17 people protesting social media ban,naharnet.com,existing_raw_gdelt,"Nepal (corruption OR nepotism OR ""nepo kids"" OR ""nepo baby"")",excluded,published_at_or_seen_at_is_at_or_after_2025-09-08T00:00:00
external_excluded_a1ddfbbd2baf7863,GDELT,gdelt_doc,brecorder.com,news_index,https://www.brecorder.com/news/40381730/nineteen-killed-in-nepal-in-gen-z-protest-over-social-media-ban,2025-09-08 16:00:00,English,Nepal,Nineteen killed in Nepal in Gen Z protest over social media ban - World,Nineteen killed in Nepal in Gen Z protest over social media ban - World,brecorder.com,existing_raw_gdelt,"Nepal (corruption OR nepotism OR ""nepo kids"" OR ""nepo baby"")",excluded,published_at_or_seen_at_is_at_or_after_2025-09-08T00:00:00
external_excluded_5da8e57387a7dc83,GDELT,gdelt_doc,calcuttanews.net,news_index,http://www.calcuttanews.net/news/278560820/14-dead-as-protests-turn-violent-in-nepal-over-social-media-ban,2025-09-08 15:45:00,English,Nepal,14 dead as protests turn violent in Nepal over social media ban,14 dead as protests turn violent in Nepal over social media ban,calcuttanews.net,existing_raw_gdelt,"Nepal (corruption OR nepotism OR ""nepo kids"" OR ""nepo baby"")",excluded,published_at_or_seen_at_is_at_or_after_2025-09-08T00:00:00
external_excluded_c9b4603cbab5f895,GDELT,gdelt_doc,9news.com.au,news_index,https://www.9news.com.au/world/nepal-police-open-fire-on-protesters-outside-parliament/5f278008-4fa1-4bc0-b991-c8125962ec5b,2025-09-08 15:45:00,English,Nepal,"Nepal : Police open fire on protesters outside parliament , killing 10","Nepal : Police open fire on protesters outside parliament , killing 10",9news.com.au,existing_raw_gdelt,"Nepal (corruption OR nepotism OR ""nepo kids"" OR ""nepo baby"")",excluded,published_at_or_seen_at_is_at_or_after_2025-09-08T00:00:00
external_excluded_92fdb0cbaa677ca8,GDELT,gdelt_doc,internazionale.it,news_index,https://www.internazionale.it/ultime-notizie/2025/09/08/nepal-scontri-polizia-manifestanti-vittime,2025-09-08 15:45:00,Italian,Nepal,"Scontri tra polizia e manifestanti in Nepal , almeno sedici morti","Scontri tra polizia e manifestanti in Nepal , almeno sedici morti",internazionale.it,existing_raw_gdelt,"Nepal (corruption OR nepotism OR ""nepo kids"" OR ""nepo baby"")",excluded,published_at_or_seen_at_is_at_or_after_2025-09-08T00:00:00
external_excluded_c8b2c083858b09c8,GDELT,gdelt_doc,pragativadi.com,news_index,https://pragativadi.com/nepal-protest-death-toll-climbs-to-16-parliament-gate-torched-army-called-in/,2025-09-08 15:45:00,English,Nepal,"Nepal Protest : Death Toll Climbs to 16 , Parliament Gate Torched , Army Called In","Nepal Protest : Death Toll Climbs to 16 , Parliament Gate Torched , Army Called In",pragativadi.com,existing_raw_gdelt,"Nepal (corruption OR nepotism OR ""nepo kids"" OR ""nepo baby"")",excluded,published_at_or_seen_at_is_at_or_after_2025-09-08T00:00:00
external_excluded_7b432b96fe52a264,GDELT,gdelt_doc,calcuttanews.net,news_index,http://www.calcuttanews.net/news/278560851/18-killed-200-injured-as-nepal-protests-against-social-media-ban-turn-violent,2025-09-08 15:45:00,English,Nepal,"18 killed , 200 injured as Nepal protests against social media ban turn violent","18 killed , 200 injured as Nepal protests against social media ban turn violent",calcuttanews.net,existing_raw_gdelt,"Nepal (corruption OR nepotism OR ""nepo kids"" OR ""nepo baby"")",excluded,published_at_or_seen_at_is_at_or_after_2025-09-08T00:00:00
external_excluded_52f12958b2056fce,GDELT,gdelt_doc,news.webindia123.com,news_index,https://news.webindia123.com/news/Articles/World/20250908/4358965.html,2025-09-08 15:45:00,English,Nepal,Nepal Home Minister Ramesh Lekhak resigns from post after worst violence in two decades which claimed 19 lives,Nepal Home Minister Ramesh Lekhak resigns from post after worst violence in two decades which claimed 19 lives,news.webindia123.com,existing_raw_gdelt,"Nepal (corruption OR nepotism OR ""nepo kids"" OR ""nepo baby"")",excluded,published_at_or_seen_at_is_at_or_after_2025-09-08T00:00:00
external_excluded_8f45f55eda7a7732,GDELT,gdelt_doc,nicematin.com,news_index,https://www.nicematin.com/faits-divers/nepal-au-moins-16-morts-lors-d-une-manifestation-contre-le-blocage-des-reseaux-sociaux-1001029,2025-09-08 15:45:00,French,Nepal,Népal : au moins 16 morts lors dune manifestation contre le blocage des réseaux sociaux et la corruption du gouvernement,Népal : au moins 16 morts lors dune manifestation contre le blocage des réseaux sociaux et la corruption du gouvernement,nicematin.com,existing_raw_gdelt,"Nepal (corruption OR nepotism OR ""nepo kids"" OR ""nepo baby"")",excluded,published_at_or_seen_at_is_at_or_after_2025-09-08T00:00:00
external_excluded_854e7d3ddbbef270,GDELT,gdelt_doc,jugantor.com,news_index,https://www.jugantor.com/international/1000461,2025-09-08 15:45:00,Bengali,Nepal,নেপালে জেন জি আন্দোলনের নেপথ্যে কী,নেপালে জেন জি আন্দোলনের নেপথ্যে কী,jugantor.com,existing_raw_gdelt,"Nepal (corruption OR nepotism OR ""nepo kids"" OR ""nepo baby"")",excluded,published_at_or_seen_at_is_at_or_after_2025-09-08T00:00:00
external_excluded_67da59e40281d4f2,GDELT,gdelt_doc,bd-pratidin.com,news_index,https://www.bd-pratidin.com/international-news/2025/09/08/1155580,2025-09-08 15:45:00,Bengali,Nepal,নেপাল আন্দোলনের নেপথ্যে আসলে কি ? | | বাংলাদেশ প্রতিদিন,নেপাল আন্দোলনের নেপথ্যে আসলে কি ? | | বাংলাদেশ প্রতিদিন,bd-pratidin.com,existing_raw_gdelt,"Nepal (corruption OR nepotism OR ""nepo kids"" OR ""nepo baby"")",excluded,published_at_or_seen_at_is_at_or_after_2025-09-08T00:00:00
external_excluded_ade954ace4064d08,GDELT,gdelt_doc,dhakatribune.com,news_index,https://www.dhakatribune.com/world/south-asia/390965/police-at-east-10-dead-in-nepal-protest-over,2025-09-08 15:45:00,English,Nepal,16 dead in Nepal protest over social media ban,16 dead in Nepal protest over social media ban,dhakatribune.com,existing_raw_gdelt,"Nepal (corruption OR nepotism OR ""nepo kids"" OR ""nepo baby"")",excluded,published_at_or_seen_at_is_at_or_after_2025-09-08T00:00:00
external_excluded_8737e990d01a0a6e,GDELT,gdelt_doc,radioseoul1650.com,news_index,https://www.radioseoul1650.com/archives/109469,2025-09-08 15:45:00,Korean,Nepal,"네팔 소셜 미디어 금지 , Z세대 시위로 유혈 사태","네팔 소셜 미디어 금지 , Z세대 시위로 유혈 사태",radioseoul1650.com,existing_raw_gdelt,"Nepal (corruption OR nepotism OR ""nepo kids"" OR ""nepo baby"")",excluded,published_at_or_seen_at_is_at_or_after_2025-09-08T00:00:00
external_excluded_4ae8e6c91f47ad05,GDELT,gdelt_doc,english.aawsat.com,news_index,https://english.aawsat.com/world/5183997-police-nepal-open-fire-protesters-outside-parliament-killing-17,2025-09-08 15:45:00,English,Nepal,"Police in Nepal Open Fire on Protesters Outside Parliament , Killing 17","Police in Nepal Open Fire on Protesters Outside Parliament , Killing 17",english.aawsat.com,existing_raw_gdelt,"Nepal (corruption OR nepotism OR ""nepo kids"" OR ""nepo baby"")",excluded,published_at_or_seen_at_is_at_or_after_2025-09-08T00:00:00
external_excluded_710449927173e3b7,GDELT,gdelt_doc,prabhatkhabar.com,news_index,https://www.prabhatkhabar.com/world/nepal-gen-z-protest-violence-home-minister-resigns-ramesh-lekhak-takes-moral-responsibility,2025-09-08 15:45:00,Hindi,Nepal,"Nepal Gen Z Protest Video : नेपाल के गृह मंत्री ने दिया इस्तीफा , रमेश लेखक ने हिंसा की ली नैतिक जिम्मेदारी","Nepal Gen Z Protest Video : नेपाल के गृह मंत्री ने दिया इस्तीफा , रमेश लेखक ने हिंसा की ली नैतिक जिम्मेदारी",prabhatkhabar.com,existing_raw_gdelt,"Nepal (corruption OR nepotism OR ""nepo kids"" OR ""nepo baby"")",excluded,published_at_or_seen_at_is_at_or_after_2025-09-08T00:00:00
external_excluded_526f3252f89c358d,GDELT,gdelt_doc,ksml.fi,news_index,https://www.ksml.fi/uutissuomalainen/8829296,2025-09-08 15:45:00,Finnish,Nepal,"Somekielto raivostutti Nepalissa , yli 10 kuoli mielenosoituksessa","Somekielto raivostutti Nepalissa , yli 10 kuoli mielenosoituksessa",ksml.fi,existing_raw_gdelt,"Nepal (corruption OR nepotism OR ""nepo kids"" OR ""nepo baby"")",excluded,published_at_or_seen_at_is_at_or_after_2025-09-08T00:00:00
external_excluded_4f2a39b96702ef91,GDELT,gdelt_doc,kymensanomat.fi,news_index,https://www.kymensanomat.fi/uutissuomalainen/8829296,2025-09-08 15:45:00,Finnish,Nepal,"Somekielto raivostutti Nepalissa , yli 10 kuoli mielenosoituksessa","Somekielto raivostutti Nepalissa , yli 10 kuoli mielenosoituksessa",kymensanomat.fi,existing_raw_gdelt,"Nepal (corruption OR nepotism OR ""nepo kids"" OR ""nepo baby"")",excluded,published_at_or_seen_at_is_at_or_after_2025-09-08T00:00:00
external_excluded_7542b34755c517c2,GDELT,gdelt_doc,kashmirreader.com,news_index,https://kashmirreader.com/2025/09/09/nepal-bans-social-media-protesters-breach-parliament-premises-9-killed-army-deployed/,2025-09-08 23:30:00,English,Nepal,"Nepal Bans Social Media : Protesters breach parliament premises , 9 killed ; Army deployed","Nepal Bans Social Media : Protesters breach parliament premises , 9 killed ; Army deployed",kashmirreader.com,existing_raw_gdelt,"(""Maitighar"" OR ""New Baneshwor"" OR ""Baneshwor"" OR ""Singha Durbar"") (Nepal OR Kathmandu)",excluded,published_at_or_seen_at_is_at_or_after_2025-09-08T00:00:00
external_excluded_13981c47cf390147,GDELT,gdelt_doc,timesofmalta.com,news_index,https://timesofmalta.com/article/nepal-police-open-fire-killing-17-protesting-social-media-ban.1115890,2025-09-08 22:00:00,English,Nepal,"Nepal police open fire , killing 17 protesting corruption and social media ban","Nepal police open fire , killing 17 protesting corruption and social media ban",timesofmalta.com,existing_raw_gdelt,"(""Maitighar"" OR ""New Baneshwor"" OR ""Baneshwor"" OR ""Singha Durbar"") (Nepal OR Kathmandu)",excluded,published_at_or_seen_at_is_at_or_after_2025-09-08T00:00:00
external_excluded_58cfcd509ec5363f,GDELT,gdelt_doc,indiablooms.com,news_index,https://www.indiablooms.com/world/19-dead-as-nepal-erupts-in-violence-over-gen-z-protests-against-corruption-social-media-ban/details,2025-09-08 21:30:00,English,Nepal,"19 dead as Nepal erupts in violence over Gen - Z protest against corruption , social media ban | Indiablooms","19 dead as Nepal erupts in violence over Gen - Z protest against corruption , social media ban | Indiablooms",indiablooms.com,existing_raw_gdelt,"(""Maitighar"" OR ""New Baneshwor"" OR ""Baneshwor"" OR ""Singha Durbar"") (Nepal OR Kathmandu)",excluded,published_at_or_seen_at_is_at_or_after_2025-09-08T00:00:00
external_excluded_a1757eba5d1a8ced,GDELT,gdelt_doc,aninews.in,news_index,https://aninews.in/news/world/asia/nepal-committee-formed-to-investigate-mondays-violence-that-claimed-19-lives20250909001724/,2025-09-08 21:15:00,English,Nepal,Nepal : Committee formed to investigate Monday violence that claimed 19 lives,Nepal : Committee formed to investigate Monday violence that claimed 19 lives,aninews.in,existing_raw_gdelt,"(""Maitighar"" OR ""New Baneshwor"" OR ""Baneshwor"" OR ""Singha Durbar"") (Nepal OR Kathmandu)",excluded,published_at_or_seen_at_is_at_or_after_2025-09-08T00:00:00
external_excluded_a5165627995afe49,GDELT,gdelt_doc,nzherald.co.nz,news_index,https://www.nzherald.co.nz/world/nepal-protests-17-killed-as-police-clash-with-crowds-over-social-media-ban/3WWL5E6JZ5BHHEWYDTOJF73FNE/,2025-09-08 21:00:00,English,Nepal,Nepal protests : 17 killed as police clash with crowds over social media ban,Nepal protests : 17 killed as police clash with crowds over social media ban,nzherald.co.nz,existing_raw_gdelt,"(""Maitighar"" OR ""New Baneshwor"" OR ""Baneshwor"" OR ""Singha Durbar"") (Nepal OR Kathmandu)",excluded,published_at_or_seen_at_is_at_or_after_2025-09-08T00:00:00
external_excluded_6ba271bc30a04ed8,GDELT,gdelt_doc,calcuttanews.net,news_index,http://www.calcuttanews.net/news/278561376/nepal-committee-formed-to-investigate-monday-violence-that-claimed-19-lives,2025-09-08 21:00:00,English,Nepal,Nepal : Committee formed to investigate Monday violence that claimed 19 lives,Nepal : Committee formed to investigate Monday violence that claimed 19 lives,calcuttanews.net,existing_raw_gdelt,"(""Maitighar"" OR ""New Baneshwor"" OR ""Baneshwor"" OR ""Singha Durbar"") (Nepal OR Kathmandu)",excluded,published_at_or_seen_at_is_at_or_after_2025-09-08T00:00:00
external_excluded_e61d974e7d99de01,GDELT,gdelt_doc,newindianexpress.com,news_index,https://www.newindianexpress.com/world/2025/Sep/08/19-killed-as-nepal-police-fire-on-youth-protesting-social-media-ban-home-minister-resigns,2025-09-08 20:30:00,English,Nepal,"Nepal lifts social media restrictions after 19 killed in police firing , prompting Home Minister resignation","Nepal lifts social media restrictions after 19 killed in police firing , prompting Home Minister resignation",newindianexpress.com,existing_raw_gdelt,"(""Maitighar"" OR ""New Baneshwor"" OR ""Baneshwor"" OR ""Singha Durbar"") (Nepal OR Kathmandu)",excluded,published_at_or_seen_at_is_at_or_after_2025-09-08T00:00:00
external_excluded_0552e7bbc2c753f7,GDELT,gdelt_doc,timesofearth.com,news_index,https://www.timesofearth.com/2025/09/08/at-least-19-dead-in-nepal-after-gen-z-protests-at-corruption-and-social-media-ban/,2025-09-08 19:45:00,English,Nepal,At least 19 dead in Nepal after Gen Z protests at corruption and social media ban,At least 19 dead in Nepal after Gen Z protests at corruption and social media ban,timesofearth.com,existing_raw_gdelt,"(""Maitighar"" OR ""New Baneshwor"" OR ""Baneshwor"" OR ""Singha Durbar"") (Nepal OR Kathmandu)",excluded,published_at_or_seen_at_is_at_or_after_2025-09-08T00:00:00
external_excluded_0074983fb201c58a,GDELT,gdelt_doc,livemint.com,news_index,https://www.livemint.com/news/world/nepal-home-minister-ramesh-lekhak-resigns-after-19-killed-in-gen-z-protests-over-corruption-social-media-ban-11757342835513.html,2025-09-08 19:45:00,English,Nepal,"Nepal Home Minister Ramesh Lekhak resigns after 19 killed in Gen Z protests over corruption , social media ban","Nepal Home Minister Ramesh Lekhak resigns after 19 killed in Gen Z protests over corruption , social media ban",livemint.com,existing_raw_gdelt,"(""Maitighar"" OR ""New Baneshwor"" OR ""Baneshwor"" OR ""Singha Durbar"") (Nepal OR Kathmandu)",excluded,published_at_or_seen_at_is_at_or_after_2025-09-08T00:00:00
external_excluded_6f8d603ec6e951ef,GDELT,gdelt_doc,channelstv.com,news_index,https://www.channelstv.com/2025/09/08/at-least-16-killed-in-nepal-protest-over-social-media-ban/,2025-09-08 19:30:00,English,Nepal,At Least 16 Killed In Nepal Protest Over Social Media Ban,At Least 16 Killed In Nepal Protest Over Social Media Ban,channelstv.com,existing_raw_gdelt,"(""Maitighar"" OR ""New Baneshwor"" OR ""Baneshwor"" OR ""Singha Durbar"") (Nepal OR Kathmandu)",excluded,published_at_or_seen_at_is_at_or_after_2025-09-08T00:00:00
external_excluded_824ea3ba0142561a,GDELT,gdelt_doc,aninews.in,news_index,https://aninews.in/news/world/asia/nepal-sees-deadliest-protests-in-20-years-19-killed-amid-social-media-ban-unrest20250908231728/,2025-09-08 19:30:00,English,Nepal,Nepal sees deadliest protests in nearly 20 years ; 19 killed amid social media ban unrest,Nepal sees deadliest protests in nearly 20 years ; 19 killed amid social media ban unrest,aninews.in,existing_raw_gdelt,"(""Maitighar"" OR ""New Baneshwor"" OR ""Baneshwor"" OR ""Singha Durbar"") (Nepal OR Kathmandu)",excluded,published_at_or_seen_at_is_at_or_after_2025-09-08T00:00:00
external_excluded_7804a76b31f2d60f,GDELT,gdelt_doc,news.webindia123.com,news_index,https://news.webindia123.com/news/Articles/World/20250908/4359014.html,2025-09-08 19:30:00,English,Nepal,Nepal sees deadliest protests in 20 years ; 19 killed amid social media ban unrest,Nepal sees deadliest protests in 20 years ; 19 killed amid social media ban unrest,news.webindia123.com,existing_raw_gdelt,"(""Maitighar"" OR ""New Baneshwor"" OR ""Baneshwor"" OR ""Singha Durbar"") (Nepal OR Kathmandu)",excluded,published_at_or_seen_at_is_at_or_after_2025-09-08T00:00:00
external_excluded_b975f957f249270b,GDELT,gdelt_doc,neindia.com,news_index,https://neindia.com/nepal-home-minister-resigns-amid-escalating-protests-over-social-media-ban/,2025-09-08 19:30:00,English,Nepal,Nepal Home Minister Resigns Amid Escalating Protests Over Social Media Ban,Nepal Home Minister Resigns Amid Escalating Protests Over Social Media Ban,neindia.com,existing_raw_gdelt,"(""Maitighar"" OR ""New Baneshwor"" OR ""Baneshwor"" OR ""Singha Durbar"") (Nepal OR Kathmandu)",excluded,published_at_or_seen_at_is_at_or_after_2025-09-08T00:00:00
external_excluded_15edc20b95824407,GDELT,gdelt_doc,news18.com,news_index,https://www.news18.com/explainers/whats-behind-the-deadly-protests-in-nepal-its-more-than-just-a-social-media-ban-ws-l-9557218.html,2025-09-08 19:15:00,English,Nepal,What Behind The Deadly Protests In Nepal ? It More Than Just A Social Media Ban | Explainers News,What Behind The Deadly Protests In Nepal ? It More Than Just A Social Media Ban | Explainers News,news18.com,existing_raw_gdelt,"(""Maitighar"" OR ""New Baneshwor"" OR ""Baneshwor"" OR ""Singha Durbar"") (Nepal OR Kathmandu)",excluded,published_at_or_seen_at_is_at_or_after_2025-09-08T00:00:00
external_excluded_e3cd76eeb09e8041,GDELT,gdelt_doc,jamaicaobserver.com,news_index,https://www.jamaicaobserver.com/2025/09/08/least-16-killed-nepal-protest-social-media-ban/,2025-09-08 19:15:00,English,Nepal,At least 16 killed in Nepal protest over social media ban,At least 16 killed in Nepal protest over social media ban,jamaicaobserver.com,existing_raw_gdelt,"(""Maitighar"" OR ""New Baneshwor"" OR ""Baneshwor"" OR ""Singha Durbar"") (Nepal OR Kathmandu)",excluded,published_at_or_seen_at_is_at_or_after_2025-09-08T00:00:00
external_excluded_941629c1063e66f5,GDELT,gdelt_doc,dnaindia.com,news_index,https://www.dnaindia.com/world/report-breaking-pm-kp-oli-revokes-social-media-ban-in-nepal-after-19-killed-in-huge-protest-3179361,2025-09-08 19:00:00,English,Nepal,"Nepal Protests : PM KP Oli revokes social media ban in country as 19 killed , 347 injured","Nepal Protests : PM KP Oli revokes social media ban in country as 19 killed , 347 injured",dnaindia.com,existing_raw_gdelt,"(""Maitighar"" OR ""New Baneshwor"" OR ""Baneshwor"" OR ""Singha Durbar"") (Nepal OR Kathmandu)",excluded,published_at_or_seen_at_is_at_or_after_2025-09-08T00:00:00
external_excluded_e084b76cbbf4aba4,GDELT,gdelt_doc,economictimes.indiatimes.com,news_index,https://economictimes.indiatimes.com/news/international/world-news/violent-protests-in-nepal-19-killed/articleshow/123771659.cms,2025-09-08 18:45:00,English,Nepal,Violent protests in Nepal ; 19 killed,Violent protests in Nepal ; 19 killed,economictimes.indiatimes.com,existing_raw_gdelt,"(""Maitighar"" OR ""New Baneshwor"" OR ""Baneshwor"" OR ""Singha Durbar"") (Nepal OR Kathmandu)",excluded,published_at_or_seen_at_is_at_or_after_2025-09-08T00:00:00
external_excluded_3fd256ca0882948d,GDELT,gdelt_doc,nepalitimes.com,news_index,https://nepalitimes.com/news/nepal-s-8-september-massacre,2025-09-08 18:45:00,English,Nepal,Nepal 8 September massacre | Nepali Times,Nepal 8 September massacre | Nepali Times,nepalitimes.com,existing_raw_gdelt,"(""Maitighar"" OR ""New Baneshwor"" OR ""Baneshwor"" OR ""Singha Durbar"") (Nepal OR Kathmandu)",excluded,published_at_or_seen_at_is_at_or_after_2025-09-08T00:00:00
external_excluded_d33990a68338c75d,GDELT,gdelt_doc,news18.com,news_index,https://www.news18.com/world/parliament-dissolution-interim-govt-of-protesters-what-does-nepals-gen-z-demand-ws-l-9558216.html,2025-09-08 18:45:00,English,Nepal,"Parliament Dissolution , Interim Govt Of Protesters : What Does Nepal Gen Z Demand ?","Parliament Dissolution , Interim Govt Of Protesters : What Does Nepal Gen Z Demand ?",news18.com,existing_raw_gdelt,"(""Maitighar"" OR ""New Baneshwor"" OR ""Baneshwor"" OR ""Singha Durbar"") (Nepal OR Kathmandu)",excluded,published_at_or_seen_at_is_at_or_after_2025-09-08T00:00:00
external_excluded_993415841e80abc2,GDELT,gdelt_doc,onlinekhabar.com,news_index,https://www.onlinekhabar.com/2025/09/1759908/trauma-center-injured-say-shots-were-shot-at-random,2025-09-08 18:30:00,Nepali,Nepal,ट्रमा सेन्टरका घाइते भन्छन् : ताकी - ताकी गोली हानियो,ट्रमा सेन्टरका घाइते भन्छन् : ताकी - ताकी गोली हानियो,onlinekhabar.com,existing_raw_gdelt,"(""Maitighar"" OR ""New Baneshwor"" OR ""Baneshwor"" OR ""Singha Durbar"") (Nepal OR Kathmandu)",excluded,published_at_or_seen_at_is_at_or_after_2025-09-08T00:00:00
external_excluded_fe092f50355d6cd3,GDELT,gdelt_doc,nepalnational.com,news_index,http://www.nepalnational.com/news/278560851/18-killed-200-injured-as-nepal-protests-against-social-media-ban-turn-violent,2025-09-08 18:15:00,English,Nepal,"18 killed , 200 injured as Nepal protests against social media ban turn violent","18 killed , 200 injured as Nepal protests against social media ban turn violent",nepalnational.com,existing_raw_gdelt,"(""Maitighar"" OR ""New Baneshwor"" OR ""Baneshwor"" OR ""Singha Durbar"") (Nepal OR Kathmandu)",excluded,published_at_or_seen_at_is_at_or_after_2025-09-08T00:00:00
external_excluded_b28653f2697feba9,GDELT,gdelt_doc,nepalnational.com,news_index,http://www.nepalnational.com/news/278560877/death-toll-rises-to-19-in-nepal-gen-z-protest-highest-since-2006-movement-to-overthrow-king-gyanendra,2025-09-08 18:15:00,English,Nepal,"Death toll rises to 19 in Nepal Gen Z protest , highest since 2006 movement to overthrow King Gyanendra","Death toll rises to 19 in Nepal Gen Z protest , highest since 2006 movement to overthrow King Gyanendra",nepalnational.com,existing_raw_gdelt,"(""Maitighar"" OR ""New Baneshwor"" OR ""Baneshwor"" OR ""Singha Durbar"") (Nepal OR Kathmandu)",excluded,published_at_or_seen_at_is_at_or_after_2025-09-08T00:00:00
external_excluded_29e7e289dd11e335,GDELT,gdelt_doc,ibtimes.com.au,news_index,https://www.ibtimes.com.au/least-17-killed-nepal-protest-over-social-media-ban-corruption-1860419,2025-09-08 17:45:00,English,Nepal,"At Least 17 Killed In Nepal Protest Over Social Media Ban , Corruption","At Least 17 Killed In Nepal Protest Over Social Media Ban , Corruption",ibtimes.com.au,existing_raw_gdelt,"(""Maitighar"" OR ""New Baneshwor"" OR ""Baneshwor"" OR ""Singha Durbar"") (Nepal OR Kathmandu)",excluded,published_at_or_seen_at_is_at_or_after_2025-09-08T00:00:00
external_excluded_184242646b3c5e39,GDELT,gdelt_doc,hometownregister.com,news_index,https://www.hometownregister.com/news/national/at-least-17-killed-in-nepal-protest-over-social-media-ban-corruption/article_0cc59f27-fbc6-5931-b855-cc65aa6cff3e.html,2025-09-08 17:30:00,English,Nepal,"At least 17 killed in Nepal protest over social media ban , corruption","At least 17 killed in Nepal protest over social media ban , corruption",hometownregister.com,existing_raw_gdelt,"(""Maitighar"" OR ""New Baneshwor"" OR ""Baneshwor"" OR ""Singha Durbar"") (Nepal OR Kathmandu)",excluded,published_at_or_seen_at_is_at_or_after_2025-09-08T00:00:00
external_excluded_35d415f5d47bb66b,GDELT,gdelt_doc,newsx.com,news_index,https://www.newsx.com/world/18-killed-200-injured-as-nepal-protests-against-social-media-ban-turn-violent20250908185043-62172/,2025-09-08 17:15:00,English,Nepal,"18 killed , 200 injured as Nepal protests against social media ban turn violent","18 killed , 200 injured as Nepal protests against social media ban turn violent",newsx.com,existing_raw_gdelt,"(""Maitighar"" OR ""New Baneshwor"" OR ""Baneshwor"" OR ""Singha Durbar"") (Nepal OR Kathmandu)",excluded,published_at_or_seen_at_is_at_or_after_2025-09-08T00:00:00
external_excluded_951090badd825501,GDELT,gdelt_doc,arabnews.com,news_index,https://www.arabnews.com/node/2614575/world,2025-09-08 17:15:00,English,Nepal,"Nepal police open fire , killing 17 protesting social media ban","Nepal police open fire , killing 17 protesting social media ban",arabnews.com,existing_raw_gdelt,"(""Maitighar"" OR ""New Baneshwor"" OR ""Baneshwor"" OR ""Singha Durbar"") (Nepal OR Kathmandu)",excluded,published_at_or_seen_at_is_at_or_after_2025-09-08T00:00:00
external_excluded_470a0af334542ad0,GDELT,gdelt_doc,thestatesman.com,news_index,https://www.thestatesman.com/world/nepal-crisis-home-minister-resigns-after-19-killed-in-gen-z-led-protests-over-corruption-social-media-ban-1503483241.html,2025-09-08 17:15:00,English,Nepal,"Nepal crisis : Home Minister resigns after 19 killed in Gen Z - led protests over corruption , social media ban","Nepal crisis : Home Minister resigns after 19 killed in Gen Z - led protests over corruption , social media ban",thestatesman.com,existing_raw_gdelt,"(""Maitighar"" OR ""New Baneshwor"" OR ""Baneshwor"" OR ""Singha Durbar"") (Nepal OR Kathmandu)",excluded,published_at_or_seen_at_is_at_or_after_2025-09-08T00:00:00
external_excluded_e32471c33a19e1f9,GDELT,gdelt_doc,economictimes.indiatimes.com,news_index,https://economictimes.indiatimes.com/news/new-updates/nepal-protests-how-the-viral-nepo-kids-trend-targeting-politicians-children-exploded-from-social-media-onto-the-streets/articleshow/123769124.cms,2025-09-08 17:15:00,English,Nepal,Nepal Protests : What is viral nepo kid trend targeting politician children that erupted from social media onto the streets ?,Nepal Protests : What is viral nepo kid trend targeting politician children that erupted from social media onto the streets ?,economictimes.indiatimes.com,existing_raw_gdelt,"(""Maitighar"" OR ""New Baneshwor"" OR ""Baneshwor"" OR ""Singha Durbar"") (Nepal OR Kathmandu)",excluded,published_at_or_seen_at_is_at_or_after_2025-09-08T00:00:00
external_excluded_7b024daa5384d910,GDELT,gdelt_doc,hngn.com,news_index,https://www.hngn.com/articles/267983/20250908/least-10-killed-nepal-protest-over-social-media-ban.htm,2025-09-08 17:00:00,English,Nepal,At Least 10 Killed In Nepal Protest Over Social Media Ban,At Least 10 Killed In Nepal Protest Over Social Media Ban,hngn.com,existing_raw_gdelt,"(""Maitighar"" OR ""New Baneshwor"" OR ""Baneshwor"" OR ""Singha Durbar"") (Nepal OR Kathmandu)",excluded,published_at_or_seen_at_is_at_or_after_2025-09-08T00:00:00
external_excluded_fe74fafd014e0484,GDELT,gdelt_doc,firstpost.com,news_index,https://www.firstpost.com/explainers/nepal-protests-social-media-ban-death-13931962.html,2025-09-08 17:00:00,English,Nepal,Nepal protests : What we know about NGO Hami Nepal behind the stir ? – Firstpost,Nepal protests : What we know about NGO Hami Nepal behind the stir ? – Firstpost,firstpost.com,existing_raw_gdelt,"(""Maitighar"" OR ""New Baneshwor"" OR ""Baneshwor"" OR ""Singha Durbar"") (Nepal OR Kathmandu)",excluded,published_at_or_seen_at_is_at_or_after_2025-09-08T00:00:00
external_excluded_734ad7ac784c5f0b,GDELT,gdelt_doc,firstpost.com,news_index,https://www.firstpost.com/world/nepal-home-minister-resigns-takes-moral-responsibility-after-violent-gen-z-protests-leave-20-dead-13931943.html,2025-09-08 17:00:00,English,Nepal,"Nepal home minister resigns , takes moral responsibility after violent Gen - Z protests leave 20 dead – Firstpost","Nepal home minister resigns , takes moral responsibility after violent Gen - Z protests leave 20 dead – Firstpost",firstpost.com,existing_raw_gdelt,"(""Maitighar"" OR ""New Baneshwor"" OR ""Baneshwor"" OR ""Singha Durbar"") (Nepal OR Kathmandu)",excluded,published_at_or_seen_at_is_at_or_after_2025-09-08T00:00:00
external_excluded_eb714817905719ce,GDELT,gdelt_doc,ratopati.com,news_index,https://www.ratopati.com/story/512050/the-governments-brutal-repression-of-the-awakened-genji,2025-09-08 16:45:00,Nepali,Nepal,जागेका जेनजीमाथि सरकारको बर्बर दमन | Nepal first 24 - hour updated news portal,जागेका जेनजीमाथि सरकारको बर्बर दमन | Nepal first 24 - hour updated news portal,ratopati.com,existing_raw_gdelt,"(""Maitighar"" OR ""New Baneshwor"" OR ""Baneshwor"" OR ""Singha Durbar"") (Nepal OR Kathmandu)",excluded,published_at_or_seen_at_is_at_or_after_2025-09-08T00:00:00
external_excluded_0e5f4bf8123bf0e0,GDELT,gdelt_doc,onlinekhabar.com,news_index,https://www.onlinekhabar.com/2025/09/1759717/kathmandu-cdo-removes-image-from-website-after-police-crackdown-escalates,2025-09-08 16:15:00,Nepali,Nepal,आलोचनापछि काठमाडौंका सीडीओले वेबसाइटबाट हटाए तस्वीर,आलोचनापछि काठमाडौंका सीडीओले वेबसाइटबाट हटाए तस्वीर,onlinekhabar.com,existing_raw_gdelt,"(""Maitighar"" OR ""New Baneshwor"" OR ""Baneshwor"" OR ""Singha Durbar"") (Nepal OR Kathmandu)",excluded,published_at_or_seen_at_is_at_or_after_2025-09-08T00:00:00
external_excluded_a1ddfbbd2baf7863,GDELT,gdelt_doc,brecorder.com,news_index,https://www.brecorder.com/news/40381730/nineteen-killed-in-nepal-in-gen-z-protest-over-social-media-ban,2025-09-08 16:00:00,English,Nepal,Nineteen killed in Nepal in Gen Z protest over social media ban - World,Nineteen killed in Nepal in Gen Z protest over social media ban - World,brecorder.com,existing_raw_gdelt,"(""Maitighar"" OR ""New Baneshwor"" OR ""Baneshwor"" OR ""Singha Durbar"") (Nepal OR Kathmandu)",excluded,published_at_or_seen_at_is_at_or_after_2025-09-08T00:00:00
external_excluded_c8b2c083858b09c8,GDELT,gdelt_doc,pragativadi.com,news_index,https://pragativadi.com/nepal-protest-death-toll-climbs-to-16-parliament-gate-torched-army-called-in/,2025-09-08 15:45:00,English,Nepal,"Nepal Protest : Death Toll Climbs to 16 , Parliament Gate Torched , Army Called In","Nepal Protest : Death Toll Climbs to 16 , Parliament Gate Torched , Army Called In",pragativadi.com,existing_raw_gdelt,"(""Maitighar"" OR ""New Baneshwor"" OR ""Baneshwor"" OR ""Singha Durbar"") (Nepal OR Kathmandu)",excluded,published_at_or_seen_at_is_at_or_after_2025-09-08T00:00:00
external_excluded_7b432b96fe52a264,GDELT,gdelt_doc,calcuttanews.net,news_index,http://www.calcuttanews.net/news/278560851/18-killed-200-injured-as-nepal-protests-against-social-media-ban-turn-violent,2025-09-08 15:45:00,English,Nepal,"18 killed , 200 injured as Nepal protests against social media ban turn violent","18 killed , 200 injured as Nepal protests against social media ban turn violent",calcuttanews.net,existing_raw_gdelt,"(""Maitighar"" OR ""New Baneshwor"" OR ""Baneshwor"" OR ""Singha Durbar"") (Nepal OR Kathmandu)",excluded,published_at_or_seen_at_is_at_or_after_2025-09-08T00:00:00
external_excluded_ade954ace4064d08,GDELT,gdelt_doc,dhakatribune.com,news_index,https://www.dhakatribune.com/world/south-asia/390965/police-at-east-10-dead-in-nepal-protest-over,2025-09-08 15:45:00,English,Nepal,16 dead in Nepal protest over social media ban,16 dead in Nepal protest over social media ban,dhakatribune.com,existing_raw_gdelt,"(""Maitighar"" OR ""New Baneshwor"" OR ""Baneshwor"" OR ""Singha Durbar"") (Nepal OR Kathmandu)",excluded,published_at_or_seen_at_is_at_or_after_2025-09-08T00:00:00
external_excluded_d2658501fe773a66,GDELT,gdelt_doc,calcuttanews.net,news_index,http://www.calcuttanews.net/news/278560877/death-toll-rises-to-19-in-nepal-gen-z-protest-highest-since-2006-movement-to-overthrow-king-gyanendra,2025-09-08 15:45:00,English,Nepal,"Death toll rises to 19 in Nepal Gen Z protest , highest since 2006 movement to overthrow King Gyanendra","Death toll rises to 19 in Nepal Gen Z protest , highest since 2006 movement to overthrow King Gyanendra",calcuttanews.net,existing_raw_gdelt,"(""Maitighar"" OR ""New Baneshwor"" OR ""Baneshwor"" OR ""Singha Durbar"") (Nepal OR Kathmandu)",excluded,published_at_or_seen_at_is_at_or_after_2025-09-08T00:00:00
external_excluded_7c125ed1f832ea6b,GDELT,gdelt_doc,ehimalayatimes.com,news_index,https://ehimalayatimes.com/2025/09/375981/,2025-09-08 15:30:00,Nepali,Nepal,नयाँ बानेश्वरस्थित निजामती कर्मचारी अस्पतालमा १३५ घाइतेको उपचार,नयाँ बानेश्वरस्थित निजामती कर्मचारी अस्पतालमा १३५ घाइतेको उपचार,ehimalayatimes.com,existing_raw_gdelt,"(""Maitighar"" OR ""New Baneshwor"" OR ""Baneshwor"" OR ""Singha Durbar"") (Nepal OR Kathmandu)",excluded,published_at_or_seen_at_is_at_or_after_2025-09-08T00:00:00
external_excluded_09271c87524f1697,GDELT,gdelt_doc,bignewsnetwork.com,news_index,http://www.bignewsnetwork.com/news/278560877/death-toll-rises-to-19-in-nepal-gen-z-protest-highest-since-2006-movement-to-overthrow-king-gyanendra,2025-09-08 15:30:00,English,Nepal,"Death toll rises to 19 in Nepal Gen Z protest , highest since 2006 movement to overthrow King Gyanendra","Death toll rises to 19 in Nepal Gen Z protest , highest since 2006 movement to overthrow King Gyanendra",bignewsnetwork.com,existing_raw_gdelt,"(""Maitighar"" OR ""New Baneshwor"" OR ""Baneshwor"" OR ""Singha Durbar"") (Nepal OR Kathmandu)",excluded,published_at_or_seen_at_is_at_or_after_2025-09-08T00:00:00
external_excluded_8781f4ba8348277f,GDELT,gdelt_doc,bignewsnetwork.com,news_index,http://www.bignewsnetwork.com/news/278560851/18-killed-200-injured-as-nepal-protests-against-social-media-ban-turn-violent,2025-09-08 15:30:00,English,Nepal,"18 killed , 200 injured as Nepal protests against social media ban turn violent","18 killed , 200 injured as Nepal protests against social media ban turn violent",bignewsnetwork.com,existing_raw_gdelt,"(""Maitighar"" OR ""New Baneshwor"" OR ""Baneshwor"" OR ""Singha Durbar"") (Nepal OR Kathmandu)",excluded,published_at_or_seen_at_is_at_or_after_2025-09-08T00:00:00
external_excluded_e1f00665fa21debf,GDELT,gdelt_doc,ibtimes.co.uk,news_index,https://www.ibtimes.co.uk/gen-z-protest-nepal-whats-happening-why-does-govt-want-social-media-ban-1743415,2025-09-08 15:30:00,English,Nepal,Gen Z Protest in Nepal : What Happening and Why Does The Govt . Want a Social Media Ban ?,Gen Z Protest in Nepal : What Happening and Why Does The Govt . Want a Social Media Ban ?,ibtimes.co.uk,existing_raw_gdelt,"(""Maitighar"" OR ""New Baneshwor"" OR ""Baneshwor"" OR ""Singha Durbar"") (Nepal OR Kathmandu)",excluded,published_at_or_seen_at_is_at_or_after_2025-09-08T00:00:00
external_excluded_96713d846310d4f4,GDELT,gdelt_doc,bangkokpost.com,news_index,https://www.bangkokpost.com/world/3100942/at-least-16-killed-in-nepal-protest-over-social-media-ban,2025-09-08 15:30:00,English,Nepal,Bangkok Post - At least 16 killed in Nepal protest over social media ban,Bangkok Post - At least 16 killed in Nepal protest over social media ban,bangkokpost.com,existing_raw_gdelt,"(""Maitighar"" OR ""New Baneshwor"" OR ""Baneshwor"" OR ""Singha Durbar"") (Nepal OR Kathmandu)",excluded,published_at_or_seen_at_is_at_or_after_2025-09-08T00:00:00
external_excluded_d00a2ef02a5a1141,GDELT,gdelt_doc,siasat.com,news_index,https://www.siasat.com/14-killed-as-citizens-clash-with-police-over-social-media-ban-in-nepal-3269057/,2025-09-08 15:15:00,English,Nepal,14 killed as citizens clash with police over social media ban in Nepal,14 killed as citizens clash with police over social media ban in Nepal,siasat.com,existing_raw_gdelt,"(""Maitighar"" OR ""New Baneshwor"" OR ""Baneshwor"" OR ""Singha Durbar"") (Nepal OR Kathmandu)",excluded,published_at_or_seen_at_is_at_or_after_2025-09-08T00:00:00
external_excluded_97a1b9739e006f76,GDELT,gdelt_doc,ratopati.com,news_index,https://www.ratopati.com/story/512026/genji-movement-how-did-the-crowd-which-was-moving-in-a-restrained-manner-get-separated,2025-09-08 15:15:00,Nepali,Nepal,जेनजी आन्दोलन : संयमित भएर अघि बढेको भिड कसरी बिच्कियो ? | Nepal first 24 - hour updated news portal,जेनजी आन्दोलन : संयमित भएर अघि बढेको भिड कसरी बिच्कियो ? | Nepal first 24 - hour updated news portal,ratopati.com,existing_raw_gdelt,"(""Maitighar"" OR ""New Baneshwor"" OR ""Baneshwor"" OR ""Singha Durbar"") (Nepal OR Kathmandu)",excluded,published_at_or_seen_at_is_at_or_after_2025-09-08T00:00:00
external_excluded_e6fdde2ec1ee7ac9,GDELT,gdelt_doc,thehimalayantimes.com,news_index,https://thehimalayantimes.com/kathmandu/updated-19-dead-over-300-injured-in-gen-z-protests-nationwide,2025-09-08 15:15:00,English,Nepal,"Updated : 19 dead , over 300 injured in Gen Z protests nationwide","Updated : 19 dead , over 300 injured in Gen Z protests nationwide",thehimalayantimes.com,existing_raw_gdelt,"(""Maitighar"" OR ""New Baneshwor"" OR ""Baneshwor"" OR ""Singha Durbar"") (Nepal OR Kathmandu)",excluded,published_at_or_seen_at_is_at_or_after_2025-09-08T00:00:00
external_excluded_7ecf0da40e67576d,GDELT,gdelt_doc,news.webindia123.com,news_index,https://news.webindia123.com/news/Articles/World/20250908/4358939.html,2025-09-08 15:00:00,English,Nepal,"Death toll rises to 19 in Nepal Gen Z protest , highest since 2006 movement to overthrow King Gyanendra","Death toll rises to 19 in Nepal Gen Z protest , highest since 2006 movement to overthrow King Gyanendra",news.webindia123.com,existing_raw_gdelt,"(""Maitighar"" OR ""New Baneshwor"" OR ""Baneshwor"" OR ""Singha Durbar"") (Nepal OR Kathmandu)",excluded,published_at_or_seen_at_is_at_or_after_2025-09-08T00:00:00
external_excluded_c3342c7f65bb8299,GDELT,gdelt_doc,aljazeera.com,news_index,https://www.aljazeera.com/news/2025/9/8/six-killed-in-nepal-amid-gen-z-protests-after-social-media-ban-all-to-know,2025-09-08 15:00:00,English,Nepal,"Nepal Gen Z protests amid social media ban , clashes kill 19 : All to know","Nepal Gen Z protests amid social media ban , clashes kill 19 : All to know",aljazeera.com,existing_raw_gdelt,"(""Maitighar"" OR ""New Baneshwor"" OR ""Baneshwor"" OR ""Singha Durbar"") (Nepal OR Kathmandu)",excluded,published_at_or_seen_at_is_at_or_after_2025-09-08T00:00:00
external_excluded_cc4f74b854f6b0fe,GDELT,gdelt_doc,aljazeera.com,news_index,https://www.aljazeera.com/news/2025/9/8/at-least-14-killed-in-nepal-protests-over-social-media-ban-corruption,2025-09-08 15:00:00,English,Nepal,"At least 19 killed in Nepal protests over social media ban , corruption","At least 19 killed in Nepal protests over social media ban , corruption",aljazeera.com,existing_raw_gdelt,"(""Maitighar"" OR ""New Baneshwor"" OR ""Baneshwor"" OR ""Singha Durbar"") (Nepal OR Kathmandu)",excluded,published_at_or_seen_at_is_at_or_after_2025-09-08T00:00:00
external_excluded_6c2999a440cc7c39,GDELT,gdelt_doc,thehimalayantimes.com,news_index,https://thehimalayantimes.com/nepal/gen-z-protest-death-toll-rises-to-18-over-200-injured-nationwide,2025-09-08 15:00:00,English,Nepal,"Gen Z protest death toll rises to 18 , over 200 injured nationwide","Gen Z protest death toll rises to 18 , over 200 injured nationwide",thehimalayantimes.com,existing_raw_gdelt,"(""Maitighar"" OR ""New Baneshwor"" OR ""Baneshwor"" OR ""Singha Durbar"") (Nepal OR Kathmandu)",excluded,published_at_or_seen_at_is_at_or_after_2025-09-08T00:00:00
external_excluded_7a77831b12b3eccf,GDELT,gdelt_doc,timesofindia.indiatimes.com,news_index,https://timesofindia.indiatimes.com/india/on-close-watch-india-nepal-border-on-alert-as-protests-rage-in-kathmandu-ssb-tightens-vigilance/articleshow/123767686.cms,2025-09-08 15:00:00,English,Nepal,On close watch : India - Nepal border on alert as protests rage in Kathmandu ; SSB tightens vigilance | India News,On close watch : India - Nepal border on alert as protests rage in Kathmandu ; SSB tightens vigilance | India News,timesofindia.indiatimes.com,existing_raw_gdelt,"(""Maitighar"" OR ""New Baneshwor"" OR ""Baneshwor"" OR ""Singha Durbar"") (Nepal OR Kathmandu)",excluded,published_at_or_seen_at_is_at_or_after_2025-09-08T00:00:00
external_excluded_56b006b65a5f96b8,GDELT,gdelt_doc,thestar.com.my,news_index,https://www.thestar.com.my/news/world/2025/09/08/nineteen-killed-in-nepal-in-039gen-z039-protest-over-social-media-ban,2025-09-08 14:45:00,English,Nepal,Nineteen killed in Nepal in Gen Z protest over social media ban,Nineteen killed in Nepal in Gen Z protest over social media ban,thestar.com.my,existing_raw_gdelt,"(""Maitighar"" OR ""New Baneshwor"" OR ""Baneshwor"" OR ""Singha Durbar"") (Nepal OR Kathmandu)",excluded,published_at_or_seen_at_is_at_or_after_2025-09-08T00:00:00
external_excluded_879c70983149aac0,GDELT,gdelt_doc,news.webindia123.com,news_index,https://news.webindia123.com/news/Articles/World/20250908/4358929.html,2025-09-08 14:15:00,English,Nepal,"18 killed , 200 injured as Nepal protests against social media ban turn violent","18 killed , 200 injured as Nepal protests against social media ban turn violent",news.webindia123.com,existing_raw_gdelt,"(""Maitighar"" OR ""New Baneshwor"" OR ""Baneshwor"" OR ""Singha Durbar"") (Nepal OR Kathmandu)",excluded,published_at_or_seen_at_is_at_or_after_2025-09-08T00:00:00
external_excluded_562f5726fbbc2a8d,GDELT,gdelt_doc,bransontrilakesnews.com,news_index,https://www.bransontrilakesnews.com/news/national/article_cdee3292-501d-5fcd-8ba3-b697095ba409.html,2025-09-08 14:15:00,English,Nepal,At least 16 killed in Nepal protest over social media ban,At least 16 killed in Nepal protest over social media ban,bransontrilakesnews.com,existing_raw_gdelt,"(""Maitighar"" OR ""New Baneshwor"" OR ""Baneshwor"" OR ""Singha Durbar"") (Nepal OR Kathmandu)",excluded,published_at_or_seen_at_is_at_or_after_2025-09-08T00:00:00
external_excluded_716ccf6b0b8fde71,GDELT,gdelt_doc,orissapost.com,news_index,https://www.orissapost.com/nepal-social-media-ban-sparks-clash-14-dead-army-deployed/,2025-09-08 14:15:00,English,Nepal,"Nepal social media ban sparks clash : 14 dead , army deployed","Nepal social media ban sparks clash : 14 dead , army deployed",orissapost.com,existing_raw_gdelt,"(""Maitighar"" OR ""New Baneshwor"" OR ""Baneshwor"" OR ""Singha Durbar"") (Nepal OR Kathmandu)",excluded,published_at_or_seen_at_is_at_or_after_2025-09-08T00:00:00
external_excluded_1bc6a0361dc0e7bd,GDELT,gdelt_doc,organiser.org,news_index,https://organiser.org/2025/09/08/314797/world/nepal-boils-in-violent-protest-gen-z-flood-to-streets-opposing-corruption-and-social-media-ban-16-protestors-dies/,2025-09-08 14:15:00,English,Nepal,Gen Z Protest in Nepal over Social Media Ban,Gen Z Protest in Nepal over Social Media Ban,organiser.org,existing_raw_gdelt,"(""Maitighar"" OR ""New Baneshwor"" OR ""Baneshwor"" OR ""Singha Durbar"") (Nepal OR Kathmandu)",excluded,published_at_or_seen_at_is_at_or_after_2025-09-08T00:00:00
external_excluded_f9257c0b77ee0d3b,GDELT,gdelt_doc,digitaljournal.com,news_index,https://www.digitaljournal.com/world/at-least-16-killed-in-nepal-protest-over-social-media-ban/article,2025-09-08 14:00:00,English,Nepal,At least 16 killed in Nepal protest over social media ban,At least 16 killed in Nepal protest over social media ban,digitaljournal.com,existing_raw_gdelt,"(""Maitighar"" OR ""New Baneshwor"" OR ""Baneshwor"" OR ""Singha Durbar"") (Nepal OR Kathmandu)",excluded,published_at_or_seen_at_is_at_or_after_2025-09-08T00:00:00
external_excluded_4989698e3ca0900d,GDELT,gdelt_doc,asia.nikkei.com,news_index,https://asia.nikkei.com/politics/14-killed-in-nepal-in-gen-z-protest-over-social-media-ban,2025-09-08 14:00:00,English,Nepal,14 killed in Nepal in Gen Z protest over social media ban,14 killed in Nepal in Gen Z protest over social media ban,asia.nikkei.com,existing_raw_gdelt,"(""Maitighar"" OR ""New Baneshwor"" OR ""Baneshwor"" OR ""Singha Durbar"") (Nepal OR Kathmandu)",excluded,published_at_or_seen_at_is_at_or_after_2025-09-08T00:00:00
external_excluded_103f0fc4f41276f8,GDELT,gdelt_doc,ratopati.com,news_index,https://www.ratopati.com/story/512015/this-is-what-the-new-baneshwor-area-looked-like-in-the-evening-after-a-day-of-tension-photos,2025-09-08 14:00:00,Nepali,Nepal,"दिनभर तनावपछि साँझ यस्तो देखियो नयाँ बानेश्वर क्षेत्र , तस्बिरहरू | Nepal first 24 - hour updated news portal","दिनभर तनावपछि साँझ यस्तो देखियो नयाँ बानेश्वर क्षेत्र , तस्बिरहरू | Nepal first 24 - hour updated news portal",ratopati.com,existing_raw_gdelt,"(""Maitighar"" OR ""New Baneshwor"" OR ""Baneshwor"" OR ""Singha Durbar"") (Nepal OR Kathmandu)",excluded,published_at_or_seen_at_is_at_or_after_2025-09-08T00:00:00
external_excluded_7015596753ab4fe5,GDELT,gdelt_doc,thedailystar.net,news_index,https://www.thedailystar.net/news/asia/south-asia/news/curfew-imposed-parts-kathmandu-including-areas-near-president-pms-house-3981036,2025-09-08 14:00:00,English,Nepal,"Curfew imposed in parts of Kathmandu including president , PM house","Curfew imposed in parts of Kathmandu including president , PM house",thedailystar.net,existing_raw_gdelt,"(""Maitighar"" OR ""New Baneshwor"" OR ""Baneshwor"" OR ""Singha Durbar"") (Nepal OR Kathmandu)",excluded,published_at_or_seen_at_is_at_or_after_2025-09-08T00:00:00
external_excluded_942badd11c31fec2,GDELT,gdelt_doc,ratopati.com,news_index,https://www.ratopati.com/story/512008/54-people-arrested-for-participating-in-genjis-protest,2025-09-08 14:00:00,Nepali,Nepal,जेनजीको प्रदर्शनमा सहभागी ५४ जना पक्राउ | Nepal first 24 - hour updated news portal,जेनजीको प्रदर्शनमा सहभागी ५४ जना पक्राउ | Nepal first 24 - hour updated news portal,ratopati.com,existing_raw_gdelt,"(""Maitighar"" OR ""New Baneshwor"" OR ""Baneshwor"" OR ""Singha Durbar"") (Nepal OR Kathmandu)",excluded,published_at_or_seen_at_is_at_or_after_2025-09-08T00:00:00
external_excluded_efb4bf5cc37e7d93,GDELT,gdelt_doc,thetimes.com,news_index,https://www.thetimes.com/world/asia/article/nepal-protests-news-gen-z-social-media-tvn65rg6b,2025-09-08 13:30:00,English,Nepal,Nepal protests : 16 dead in Gen Z riots over social media ban,Nepal protests : 16 dead in Gen Z riots over social media ban,thetimes.com,existing_raw_gdelt,"(""Maitighar"" OR ""New Baneshwor"" OR ""Baneshwor"" OR ""Singha Durbar"") (Nepal OR Kathmandu)",excluded,published_at_or_seen_at_is_at_or_after_2025-09-08T00:00:00
external_excluded_ae5f7f2cefb1cb49,GDELT,gdelt_doc,indianexpress.com,news_index,https://indianexpress.com/article/world/nepal-gen-z-protest-what-triggered-the-deadly-protests-in-nepal-key-questions-answered-in-8-points-10237715/,2025-09-08 13:30:00,English,Nepal,What triggered the deadly protests in Nepal ? Key questions answered in 10 points,What triggered the deadly protests in Nepal ? Key questions answered in 10 points,indianexpress.com,existing_raw_gdelt,"(""Maitighar"" OR ""New Baneshwor"" OR ""Baneshwor"" OR ""Singha Durbar"") (Nepal OR Kathmandu)",excluded,published_at_or_seen_at_is_at_or_after_2025-09-08T00:00:00
external_excluded_28f54d0d53dbb479,GDELT,gdelt_doc,grenadachronicle.com,news_index,https://grenadachronicle.com/six-killed-in-nepal-amid-gen-z-protests-after-social-media-ban-all-to-know/,2025-09-08 13:30:00,English,Nepal,"Six killed in Nepal amid Gen Z protests after social media ban : All to know - Grenada Chronicle – Daily Grenada & Caribbean News , Culture & Business","Six killed in Nepal amid Gen Z protests after social media ban : All to know - Grenada Chronicle – Daily Grenada & Caribbean News , Culture & Business",grenadachronicle.com,existing_raw_gdelt,"(""Maitighar"" OR ""New Baneshwor"" OR ""Baneshwor"" OR ""Singha Durbar"") (Nepal OR Kathmandu)",excluded,published_at_or_seen_at_is_at_or_after_2025-09-08T00:00:00
external_excluded_5633e35f7e5c7a27,GDELT,gdelt_doc,ekantipur.com,news_index,https://ekantipur.com/news/2025/09/08/the-human-rights-commission-calls-for-an-end-to-the-use-of-force-and-to-be-serious-about-the-voices-of-the-next-generation-47-42.html,2025-09-08 13:15:00,Nepali,Nepal,बल प्रयोग बन्द गर्न र पछिल्लो पुस्ताको आवाजप्रति गम्भीर बन्न मानवअधिकार आयोगको आग्रह,बल प्रयोग बन्द गर्न र पछिल्लो पुस्ताको आवाजप्रति गम्भीर बन्न मानवअधिकार आयोगको आग्रह,ekantipur.com,existing_raw_gdelt,"(""Maitighar"" OR ""New Baneshwor"" OR ""Baneshwor"" OR ""Singha Durbar"") (Nepal OR Kathmandu)",excluded,published_at_or_seen_at_is_at_or_after_2025-09-08T00:00:00
external_excluded_1ba8eaff4b5a97e5,GDELT,gdelt_doc,ratopati.com,news_index,https://www.ratopati.com/story/511998/government-repression-of-genji-protests-what-happened,2025-09-08 13:00:00,Nepali,Nepal,"जेनजी प्रदर्शनमा सरकारको दमन , कहाँ के भयो ? | Nepal first 24 - hour updated news portal","जेनजी प्रदर्शनमा सरकारको दमन , कहाँ के भयो ? | Nepal first 24 - hour updated news portal",ratopati.com,existing_raw_gdelt,"(""Maitighar"" OR ""New Baneshwor"" OR ""Baneshwor"" OR ""Singha Durbar"") (Nepal OR Kathmandu)",excluded,published_at_or_seen_at_is_at_or_after_2025-09-08T00:00:00
external_excluded_a7ee1ec687cf1730,GDELT,gdelt_doc,sakshipost.com,news_index,https://www.sakshipost.com/news/international/nepal-gen-z-protests-why-government-banned-whatsapp-instagram-and-x-449810,2025-09-08 12:45:00,English,Nepal,"Nepal Gen Z Protests : Five Killed as Government Bans WhatsApp , Instagram , X","Nepal Gen Z Protests : Five Killed as Government Bans WhatsApp , Instagram , X",sakshipost.com,existing_raw_gdelt,"(""Maitighar"" OR ""New Baneshwor"" OR ""Baneshwor"" OR ""Singha Durbar"") (Nepal OR Kathmandu)",excluded,published_at_or_seen_at_is_at_or_after_2025-09-08T00:00:00
external_excluded_b94b8607d06fc7bf,GDELT,gdelt_doc,thestatesman.com,news_index,https://www.thestatesman.com/world/massive-protests-in-nepal-over-social-media-ban-curfew-imposed-in-kathmandu-protestors-enter-parliament-premises-1503482975.html,2025-09-08 12:45:00,English,Nepal,14 dead in massive Nepal protests against social media ban ; PM Oli attends National Security Council meet in wake of demonstrations,14 dead in massive Nepal protests against social media ban ; PM Oli attends National Security Council meet in wake of demonstrations,thestatesman.com,existing_raw_gdelt,"(""Maitighar"" OR ""New Baneshwor"" OR ""Baneshwor"" OR ""Singha Durbar"") (Nepal OR Kathmandu)",excluded,published_at_or_seen_at_is_at_or_after_2025-09-08T00:00:00
external_excluded_1db85caf842ee5ee,GDELT,gdelt_doc,rrdailyherald.com,news_index,https://www.rrdailyherald.com/news/national/at-least-10-killed-in-nepal-protest-over-social-media-ban/article_a241a9e0-1791-55bd-9a3c-4f365705f14d.html,2025-09-08 12:45:00,English,Nepal,At least 10 killed in Nepal protest over social media ban,At least 10 killed in Nepal protest over social media ban,rrdailyherald.com,existing_raw_gdelt,"(""Maitighar"" OR ""New Baneshwor"" OR ""Baneshwor"" OR ""Singha Durbar"") (Nepal OR Kathmandu)",excluded,published_at_or_seen_at_is_at_or_after_2025-09-08T00:00:00
external_excluded_68579e8aedd62285,GDELT,gdelt_doc,newsx.com,news_index,https://www.newsx.com/world/two-gen-z-protesters-killed-as-police-stop-demonstrators-breaking-into-nepal-parliament-amid-social-media-ban20250908151719-61920/,2025-09-08 12:00:00,English,Nepal,Two Gen Z protesters killed as police stop demonstrators from breaking into Nepal Parliament amid social media ban,Two Gen Z protesters killed as police stop demonstrators from breaking into Nepal Parliament amid social media ban,newsx.com,existing_raw_gdelt,"(""Maitighar"" OR ""New Baneshwor"" OR ""Baneshwor"" OR ""Singha Durbar"") (Nepal OR Kathmandu)",excluded,published_at_or_seen_at_is_at_or_after_2025-09-08T00:00:00
external_excluded_d6714e7d7cab9bf7,GDELT,gdelt_doc,yahoo.com,news_index,https://www.yahoo.com/news/articles/six-killed-nepal-amid-gen-111451354.html,2025-09-08 11:45:00,English,Nepal,Six killed in Nepal amid Gen Z protests after social media ban : All to know,Six killed in Nepal amid Gen Z protests after social media ban : All to know,yahoo.com,existing_raw_gdelt,"(""Maitighar"" OR ""New Baneshwor"" OR ""Baneshwor"" OR ""Singha Durbar"") (Nepal OR Kathmandu)",excluded,published_at_or_seen_at_is_at_or_after_2025-09-08T00:00:00
external_excluded_7e0a001bc0936d3b,GDELT,gdelt_doc,bignewsnetwork.com,news_index,http://www.bignewsnetwork.com/news/278560390/nine-dead-curfew-imposed-in-parts-of-nepal-as-gen-z-protest-over-social-media-ban-turns-violent,2025-09-08 11:30:00,English,Nepal,"Nine dead , curfew imposed in parts of Nepal as Gen Z protest over social media ban turns violent","Nine dead , curfew imposed in parts of Nepal as Gen Z protest over social media ban turns violent",bignewsnetwork.com,existing_raw_gdelt,"(""Maitighar"" OR ""New Baneshwor"" OR ""Baneshwor"" OR ""Singha Durbar"") (Nepal OR Kathmandu)",excluded,published_at_or_seen_at_is_at_or_after_2025-09-08T00:00:00
external_excluded_352c87085bf802d3,GDELT,gdelt_doc,news.webindia123.com,news_index,https://news.webindia123.com/news/Articles/World/20250908/4358802.html,2025-09-08 11:30:00,English,Nepal,Two Gen Z protesters killed as police stop demonstrators breaking into Nepal Parliament amid social media ban,Two Gen Z protesters killed as police stop demonstrators breaking into Nepal Parliament amid social media ban,news.webindia123.com,existing_raw_gdelt,"(""Maitighar"" OR ""New Baneshwor"" OR ""Baneshwor"" OR ""Singha Durbar"") (Nepal OR Kathmandu)",excluded,published_at_or_seen_at_is_at_or_after_2025-09-08T00:00:00
external_excluded_c9788f3217d71581,GDELT,gdelt_doc,calcuttanews.net,news_index,http://www.calcuttanews.net/news/278560337/two-gen-z-protesters-killed-as-police-stop-demonstrators-breaking-into-nepal-parliament-amidst-social-media-ban,2025-09-08 11:15:00,English,Nepal,Two Gen Z protesters killed as police stop demonstrators breaking into Nepal Parliament amidst social media ban,Two Gen Z protesters killed as police stop demonstrators breaking into Nepal Parliament amidst social media ban,calcuttanews.net,existing_raw_gdelt,"(""Maitighar"" OR ""New Baneshwor"" OR ""Baneshwor"" OR ""Singha Durbar"") (Nepal OR Kathmandu)",excluded,published_at_or_seen_at_is_at_or_after_2025-09-08T00:00:00
external_excluded_18f60447619b1886,GDELT,gdelt_doc,rozanaspokesman.com,news_index,https://www.rozanaspokesman.com/news/world/080925/nepal-gen-z-protest-against-ban-on-social-media-platforms-in-nepal-lat.html,2025-09-08 10:30:00,English,Nepal,"Nepal - Gen Z Marches to Streets Against Ban on 26 Social Media Platforms Incl FB , Instagram , WhatsApp","Nepal - Gen Z Marches to Streets Against Ban on 26 Social Media Platforms Incl FB , Instagram , WhatsApp",rozanaspokesman.com,existing_raw_gdelt,"(""Maitighar"" OR ""New Baneshwor"" OR ""Baneshwor"" OR ""Singha Durbar"") (Nepal OR Kathmandu)",excluded,published_at_or_seen_at_is_at_or_after_2025-09-08T00:00:00
external_excluded_32d31c1a84469474,GDELT,gdelt_doc,news18.com,news_index,https://www.news18.com/world/nepal-protests-news-live-updates-violence-erupts-gen-z-social-media-facebook-instagram-ban-violence-prime-minister-kp-sharma-oli-liveblog-9557281.html,2025-09-08 10:30:00,English,Nepal,"Nepal Protests News Live : Demonstration Against Social Media Ban Turns Deadly , Police Fire Tear Gas","Nepal Protests News Live : Demonstration Against Social Media Ban Turns Deadly , Police Fire Tear Gas",news18.com,existing_raw_gdelt,"(""Maitighar"" OR ""New Baneshwor"" OR ""Baneshwor"" OR ""Singha Durbar"") (Nepal OR Kathmandu)",excluded,published_at_or_seen_at_is_at_or_after_2025-09-08T00:00:00
external_excluded_aee3c11fe2fe7e00,GDELT,gdelt_doc,thehindu.com,news_index,https://www.thehindu.com/news/international/nepals-gen-z-hits-the-streets-to-protest-social-media-ban-corruption/article70025292.ece,2025-09-08 10:00:00,English,Nepal,Nepal Gen Z protest : Thousands hit the streets in Kathmandu over corruption and government social media ban,Nepal Gen Z protest : Thousands hit the streets in Kathmandu over corruption and government social media ban,thehindu.com,existing_raw_gdelt,"(""Maitighar"" OR ""New Baneshwor"" OR ""Baneshwor"" OR ""Singha Durbar"") (Nepal OR Kathmandu)",excluded,published_at_or_seen_at_is_at_or_after_2025-09-08T00:00:00
external_excluded_f49cc0d93eb97857,GDELT,gdelt_doc,kathmandupost.com,news_index,https://kathmandupost.com/national/2025/09/08/few-injured-in-police-firing-during-new-baneshwar-protest,2025-09-08 10:00:00,English,Nepal,Few injured in police firing during New Baneshwar protest,Few injured in police firing during New Baneshwar protest,kathmandupost.com,existing_raw_gdelt,"(""Maitighar"" OR ""New Baneshwor"" OR ""Baneshwor"" OR ""Singha Durbar"") (Nepal OR Kathmandu)",excluded,published_at_or_seen_at_is_at_or_after_2025-09-08T00:00:00
external_excluded_ece461d9e1999902,GDELT,gdelt_doc,thehimalayantimes.com,news_index,https://thehimalayantimes.com/kathmandu/police-fire-rubber-bullets-as-gen-z-protest-escalates-in-baneshwor,2025-09-08 10:00:00,English,Nepal,Police fire rubber bullets as Gen Z protest escalates in Baneshwor,Police fire rubber bullets as Gen Z protest escalates in Baneshwor,thehimalayantimes.com,existing_raw_gdelt,"(""Maitighar"" OR ""New Baneshwor"" OR ""Baneshwor"" OR ""Singha Durbar"") (Nepal OR Kathmandu)",excluded,published_at_or_seen_at_is_at_or_after_2025-09-08T00:00:00
external_excluded_e1f39f2e479ca916,GDELT,gdelt_doc,thehimalayantimes.com,news_index,https://thehimalayantimes.com/kathmandu/gen-z-protesters-enter-parliament-curfew-imposed-in-kathmandu,2025-09-08 10:00:00,English,Nepal,Gen Z protesters enter Parliament ; Curfew imposed in Kathmandu,Gen Z protesters enter Parliament ; Curfew imposed in Kathmandu,thehimalayantimes.com,existing_raw_gdelt,"(""Maitighar"" OR ""New Baneshwor"" OR ""Baneshwor"" OR ""Singha Durbar"") (Nepal OR Kathmandu)",excluded,published_at_or_seen_at_is_at_or_after_2025-09-08T00:00:00
external_excluded_dc0e1096708ac5c7,GDELT,gdelt_doc,moneycontrol.com,news_index,https://www.moneycontrol.com/world/nepal-s-gen-z-revolution-how-a-social-media-shutdown-sparked-a-nationwide-youth-protest-explained-article-13529240.html,2025-09-08 10:00:00,English,Nepal,Nepal Gen Z revolution : How a social media shutdown sparked a nationwide youth protest,Nepal Gen Z revolution : How a social media shutdown sparked a nationwide youth protest,moneycontrol.com,existing_raw_gdelt,"(""Maitighar"" OR ""New Baneshwor"" OR ""Baneshwor"" OR ""Singha Durbar"") (Nepal OR Kathmandu)",excluded,published_at_or_seen_at_is_at_or_after_2025-09-08T00:00:00
external_excluded_888560b8ec4a81c0,GDELT,gdelt_doc,thehimalayantimes.com,news_index,https://thehimalayantimes.com/kathmandu/second-gen-z-protester-dies-in-kathmandu-amid-escalating-clashes,2025-09-08 10:00:00,English,Nepal,Second Gen Z protester dies in Kathmandu amid escalating clashes,Second Gen Z protester dies in Kathmandu amid escalating clashes,thehimalayantimes.com,existing_raw_gdelt,"(""Maitighar"" OR ""New Baneshwor"" OR ""Baneshwor"" OR ""Singha Durbar"") (Nepal OR Kathmandu)",excluded,published_at_or_seen_at_is_at_or_after_2025-09-08T00:00:00
external_excluded_10b64aed5a9d8f07,GDELT,gdelt_doc,news.webindia123.com,news_index,https://news.webindia123.com/news/Articles/World/20250908/4358778.html,2025-09-08 10:00:00,English,Nepal,"Nepal : One killed , dozens injured in Gen Z protest as police use teargas , rubber bullets to disperse demonstrators","Nepal : One killed , dozens injured in Gen Z protest as police use teargas , rubber bullets to disperse demonstrators",news.webindia123.com,existing_raw_gdelt,"(""Maitighar"" OR ""New Baneshwor"" OR ""Baneshwor"" OR ""Singha Durbar"") (Nepal OR Kathmandu)",excluded,published_at_or_seen_at_is_at_or_after_2025-09-08T00:00:00
external_excluded_38aa4241e967f483,GDELT,gdelt_doc,livemint.com,news_index,https://www.livemint.com/news/world/nepal-protest-today-live-updates-gen-z-protest-against-pm-oli-after-ban-on-facebook-instagram-x-11757320723118.html,2025-09-08 10:00:00,English,Nepal,"Nepal protest today live updates : 9 dead , 42 injured as police fire rubber bullets at GenZ protesters","Nepal protest today live updates : 9 dead , 42 injured as police fire rubber bullets at GenZ protesters",livemint.com,existing_raw_gdelt,"(""Maitighar"" OR ""New Baneshwor"" OR ""Baneshwor"" OR ""Singha Durbar"") (Nepal OR Kathmandu)",excluded,published_at_or_seen_at_is_at_or_after_2025-09-08T00:00:00
external_excluded_d2c89964cd422bdb,GDELT,gdelt_doc,news.webindia123.com,news_index,https://news.webindia123.com/news/Articles/World/20250908/4358788.html,2025-09-08 10:00:00,English,Nepal,"Nepal : Massive Protests break out in Kathmandu over corruption , social media ban ; curfew imposed","Nepal : Massive Protests break out in Kathmandu over corruption , social media ban ; curfew imposed",news.webindia123.com,existing_raw_gdelt,"(""Maitighar"" OR ""New Baneshwor"" OR ""Baneshwor"" OR ""Singha Durbar"") (Nepal OR Kathmandu)",excluded,published_at_or_seen_at_is_at_or_after_2025-09-08T00:00:00
external_excluded_0f08254343b47b9e,GDELT,gdelt_doc,dailyexcelsior.com,news_index,https://www.dailyexcelsior.com/42-injured-as-youths-clash-with-police-over-social-media-ban-in-nepal-curfew-imposed/,2025-09-08 10:00:00,English,Nepal,"42 Injured As Youths Clash With Police Over Social Media Ban In Nepal , Curfew Imposed","42 Injured As Youths Clash With Police Over Social Media Ban In Nepal , Curfew Imposed",dailyexcelsior.com,existing_raw_gdelt,"(""Maitighar"" OR ""New Baneshwor"" OR ""Baneshwor"" OR ""Singha Durbar"") (Nepal OR Kathmandu)",excluded,published_at_or_seen_at_is_at_or_after_2025-09-08T00:00:00
external_excluded_edbc89c9c7873f65,GDELT,gdelt_doc,kathmandupost.com,news_index,https://kathmandupost.com/national/2025/09/08/curfew-extended-to-other-areas-in-kathmandu,2025-09-08 10:00:00,English,Nepal,Curfew extended to other areas in Kathmandu,Curfew extended to other areas in Kathmandu,kathmandupost.com,existing_raw_gdelt,"(""Maitighar"" OR ""New Baneshwor"" OR ""Baneshwor"" OR ""Singha Durbar"") (Nepal OR Kathmandu)",excluded,published_at_or_seen_at_is_at_or_after_2025-09-08T00:00:00
external_excluded_6d8b106c9797bc98,GDELT,gdelt_doc,thehimalayantimes.com,news_index,https://thehimalayantimes.com/school-times/curfew-extended-across-key-areas-of-kathmandu-following-escalation-of-gen-z-protests,2025-09-08 10:00:00,English,Nepal,Curfew extended across key areas of Kathmandu following escalation of Gen Z protests,Curfew extended across key areas of Kathmandu following escalation of Gen Z protests,thehimalayantimes.com,existing_raw_gdelt,"(""Maitighar"" OR ""New Baneshwor"" OR ""Baneshwor"" OR ""Singha Durbar"") (Nepal OR Kathmandu)",excluded,published_at_or_seen_at_is_at_or_after_2025-09-08T00:00:00
external_excluded_83557ed7e472678e,GDELT,gdelt_doc,aninews.in,news_index,https://aninews.in/news/world/asia/nepal-one-killed-dozens-injured-in-gen-z-protest-as-police-use-teargas-rubber-bullets-to-disperse-demonstrators20250908143512/,2025-09-08 09:45:00,English,Nepal,"Nepal : One killed , dozens injured in Gen Z protest as police use teargas , rubber bullets to disperse demonstrators","Nepal : One killed , dozens injured in Gen Z protest as police use teargas , rubber bullets to disperse demonstrators",aninews.in,existing_raw_gdelt,"(""Maitighar"" OR ""New Baneshwor"" OR ""Baneshwor"" OR ""Singha Durbar"") (Nepal OR Kathmandu)",excluded,published_at_or_seen_at_is_at_or_after_2025-09-08T00:00:00
external_excluded_f7e824e6a9231fe0,GDELT,gdelt_doc,news18.com,news_index,https://www.news18.com/world/nepal-social-media-ban-gen-z-protests-demonstrations-kathmandu-9557000.html,2025-09-08 09:45:00,English,Nepal,"Violence Erupts At Massive Gen Z Protests Against Nepal Social Media Ban , 1 Killed","Violence Erupts At Massive Gen Z Protests Against Nepal Social Media Ban , 1 Killed",news18.com,existing_raw_gdelt,"(""Maitighar"" OR ""New Baneshwor"" OR ""Baneshwor"" OR ""Singha Durbar"") (Nepal OR Kathmandu)",excluded,published_at_or_seen_at_is_at_or_after_2025-09-08T00:00:00
external_excluded_ab756fe003ec0f63,GDELT,gdelt_doc,freepressjournal.in,news_index,https://www.freepressjournal.in/world/nepal-on-boil-several-injured-as-youngsters-protest-against-social-media-ban,2025-09-08 09:45:00,English,Nepal,"Nepal On Boil : 1 Killed , Several Injured in Gen Z Protest Against Social Media Ban","Nepal On Boil : 1 Killed , Several Injured in Gen Z Protest Against Social Media Ban",freepressjournal.in,existing_raw_gdelt,"(""Maitighar"" OR ""New Baneshwor"" OR ""Baneshwor"" OR ""Singha Durbar"") (Nepal OR Kathmandu)",excluded,published_at_or_seen_at_is_at_or_after_2025-09-08T00:00:00
external_excluded_64ecf85600f8fd77,GDELT,gdelt_doc,news18.com,news_index,https://www.news18.com/world/caught-on-camera-genz-floods-kathmandu-streets-after-nepal-bans-fb-instagram-x-9557188.html,2025-09-08 09:45:00,English,Nepal,"Caught On Camera : GenZ Floods Kathmandu Streets After Nepal Bans FB , Instagram , X","Caught On Camera : GenZ Floods Kathmandu Streets After Nepal Bans FB , Instagram , X",news18.com,existing_raw_gdelt,"(""Maitighar"" OR ""New Baneshwor"" OR ""Baneshwor"" OR ""Singha Durbar"") (Nepal OR Kathmandu)",excluded,published_at_or_seen_at_is_at_or_after_2025-09-08T00:00:00
external_excluded_2721d6e46b6e9d06,GDELT,gdelt_doc,annapurnapost.com,news_index,https://www.annapurnapost.com/story/485648/,2025-09-08 09:15:00,Nepali,Nepal,"बानेश्वर क्षेत्र तनावग्रस्त : जेनजी पुस्ता र प्रहरीबिच झडप , पानीको फोहोरा र अश्रुग्यास प्रहार","बानेश्वर क्षेत्र तनावग्रस्त : जेनजी पुस्ता र प्रहरीबिच झडप , पानीको फोहोरा र अश्रुग्यास प्रहार",annapurnapost.com,existing_raw_gdelt,"(""Maitighar"" OR ""New Baneshwor"" OR ""Baneshwor"" OR ""Singha Durbar"") (Nepal OR Kathmandu)",excluded,published_at_or_seen_at_is_at_or_after_2025-09-08T00:00:00
external_excluded_6d8861cf87eb3d62,GDELT,gdelt_doc,annapurnapost.com,news_index,https://www.annapurnapost.com/story/485661/,2025-09-08 09:15:00,Nepali,Nepal,कर्फ्यु जारी भएका क्षेत्रमा सेना परिचालन,कर्फ्यु जारी भएका क्षेत्रमा सेना परिचालन,annapurnapost.com,existing_raw_gdelt,"(""Maitighar"" OR ""New Baneshwor"" OR ""Baneshwor"" OR ""Singha Durbar"") (Nepal OR Kathmandu)",excluded,published_at_or_seen_at_is_at_or_after_2025-09-08T00:00:00
external_excluded_732b243e1d7c7bf6,GDELT,gdelt_doc,annapurnapost.com,news_index,https://www.annapurnapost.com/story/485655/,2025-09-08 09:15:00,Nepali,Nepal,"जेनजी नेपालले भन्यो – निहित समूहले भिडलाई उत्तेजित बनायो , सबै जना घर फर्किनुहोस्","जेनजी नेपालले भन्यो – निहित समूहले भिडलाई उत्तेजित बनायो , सबै जना घर फर्किनुहोस्",annapurnapost.com,existing_raw_gdelt,"(""Maitighar"" OR ""New Baneshwor"" OR ""Baneshwor"" OR ""Singha Durbar"") (Nepal OR Kathmandu)",excluded,published_at_or_seen_at_is_at_or_after_2025-09-08T00:00:00
external_excluded_b6d587fbbd9dfd58,GDELT,gdelt_doc,ratopati.com,news_index,https://www.ratopati.com/story/511931/parliament-building-becomes-center-of-anger-photos,2025-09-08 09:15:00,Nepali,Nepal,"आक्रोशको केन्द्र बनेको संसद् भवन , तस्बिरहरू | Nepal first 24 - hour updated news portal","आक्रोशको केन्द्र बनेको संसद् भवन , तस्बिरहरू | Nepal first 24 - hour updated news portal",ratopati.com,existing_raw_gdelt,"(""Maitighar"" OR ""New Baneshwor"" OR ""Baneshwor"" OR ""Singha Durbar"") (Nepal OR Kathmandu)",excluded,published_at_or_seen_at_is_at_or_after_2025-09-08T00:00:00
external_excluded_0f8ec4523ff2d515,GDELT,gdelt_doc,annapurnapost.com,news_index,https://www.annapurnapost.com/story/485642/,2025-09-08 09:15:00,Nepali,Nepal,माइतीघरमा जेनजीको नारा : आवर फ्युचर इज नट फर सेल,माइतीघरमा जेनजीको नारा : आवर फ्युचर इज नट फर सेल,annapurnapost.com,existing_raw_gdelt,"(""Maitighar"" OR ""New Baneshwor"" OR ""Baneshwor"" OR ""Singha Durbar"") (Nepal OR Kathmandu)",excluded,published_at_or_seen_at_is_at_or_after_2025-09-08T00:00:00
external_excluded_d640b30ddfe7629c,GDELT,gdelt_doc,ratopati.com,news_index,https://www.ratopati.com/story/511935/government-spokesperson-says-no-reaction-to-genji-movement,2025-09-08 09:15:00,Nepali,Nepal,जेनजी आन्दोलनबारे सरकारका प्रवक्ता भन्छन् – कुनै प्रतिक्रिया छैन | Nepal first 24 - hour updated news portal,जेनजी आन्दोलनबारे सरकारका प्रवक्ता भन्छन् – कुनै प्रतिक्रिया छैन | Nepal first 24 - hour updated news portal,ratopati.com,existing_raw_gdelt,"(""Maitighar"" OR ""New Baneshwor"" OR ""Baneshwor"" OR ""Singha Durbar"") (Nepal OR Kathmandu)",excluded,published_at_or_seen_at_is_at_or_after_2025-09-08T00:00:00
external_excluded_eadf512384663bd0,GDELT,gdelt_doc,annapurnapost.com,news_index,https://www.annapurnapost.com/story/485664/,2025-09-08 09:15:00,Nepali,Nepal,अपडेट : प्रदर्शनमा घाइते भएका २० वर्षीय युवकको पनि मृत्यु,अपडेट : प्रदर्शनमा घाइते भएका २० वर्षीय युवकको पनि मृत्यु,annapurnapost.com,existing_raw_gdelt,"(""Maitighar"" OR ""New Baneshwor"" OR ""Baneshwor"" OR ""Singha Durbar"") (Nepal OR Kathmandu)",excluded,published_at_or_seen_at_is_at_or_after_2025-09-08T00:00:00
external_excluded_86e370885b4331fc,GDELT,gdelt_doc,ratopati.com,news_index,https://www.ratopati.com/story/511903/protesters-throw-stones-at-parliament-building-police-try-to-disperse-them,2025-09-08 09:15:00,Nepali,Nepal,"संसद् भवनमा प्रदर्शनकारीको ढुंगामुढा , तितिरबितर पार्ने प्रहरीको प्रयास | Nepal first 24 - hour updated news portal","संसद् भवनमा प्रदर्शनकारीको ढुंगामुढा , तितिरबितर पार्ने प्रहरीको प्रयास | Nepal first 24 - hour updated news portal",ratopati.com,existing_raw_gdelt,"(""Maitighar"" OR ""New Baneshwor"" OR ""Baneshwor"" OR ""Singha Durbar"") (Nepal OR Kathmandu)",excluded,published_at_or_seen_at_is_at_or_after_2025-09-08T00:00:00
external_excluded_924d50c20a41dd33,GDELT,gdelt_doc,ehimalayatimes.com,news_index,https://ehimalayatimes.com/2025/09/375846/,2025-09-08 08:45:00,Nepali,Nepal,"जेनजी प्रदर्शन उग्र बन्दा नयाँ बानेश्वर क्षेत्रमा कर्फ्यू आदेश जारी , प्रहरीले चलायाे गोली","जेनजी प्रदर्शन उग्र बन्दा नयाँ बानेश्वर क्षेत्रमा कर्फ्यू आदेश जारी , प्रहरीले चलायाे गोली",ehimalayatimes.com,existing_raw_gdelt,"(""Maitighar"" OR ""New Baneshwor"" OR ""Baneshwor"" OR ""Singha Durbar"") (Nepal OR Kathmandu)",excluded,published_at_or_seen_at_is_at_or_after_2025-09-08T00:00:00
external_excluded_ef4156c0813437a2,GDELT,gdelt_doc,indiatoday.in,news_index,https://www.indiatoday.in/world/story/gen-z-protests-nepal-kp-sharma-oli-corruption-social-media-restrictions-2783683-2025-09-08,2025-09-08 08:45:00,English,Nepal,Gen Z protests in Nepal against KP Sharma Oli government corruption and social media restrictions,Gen Z protests in Nepal against KP Sharma Oli government corruption and social media restrictions,indiatoday.in,existing_raw_gdelt,"(""Maitighar"" OR ""New Baneshwor"" OR ""Baneshwor"" OR ""Singha Durbar"") (Nepal OR Kathmandu)",excluded,published_at_or_seen_at_is_at_or_after_2025-09-08T00:00:00
external_excluded_7e679e46e520b687,GDELT,gdelt_doc,thehimalayantimes.com,news_index,https://thehimalayantimes.com/nepal/one-killed-another-injured-as-gen-z-protests-escalate-in-kathmandu-jhapa,2025-09-08 08:45:00,English,Nepal,"One killed , dozens injured as Gen Z protests escalate in Kathmandu , Jhapa","One killed , dozens injured as Gen Z protests escalate in Kathmandu , Jhapa",thehimalayantimes.com,existing_raw_gdelt,"(""Maitighar"" OR ""New Baneshwor"" OR ""Baneshwor"" OR ""Singha Durbar"") (Nepal OR Kathmandu)",excluded,published_at_or_seen_at_is_at_or_after_2025-09-08T00:00:00
external_excluded_b6bdc05d28b01e72,GDELT,gdelt_doc,ehimalayatimes.com,news_index,https://ehimalayatimes.com/2025/09/375885/,2025-09-08 08:45:00,Nepali,Nepal,उपत्यकाका थप चार ठाउँमा कर्फ्यू,उपत्यकाका थप चार ठाउँमा कर्फ्यू,ehimalayatimes.com,existing_raw_gdelt,"(""Maitighar"" OR ""New Baneshwor"" OR ""Baneshwor"" OR ""Singha Durbar"") (Nepal OR Kathmandu)",excluded,published_at_or_seen_at_is_at_or_after_2025-09-08T00:00:00
external_excluded_4a9dc3b9e1b8de97,GDELT,gdelt_doc,ehimalayatimes.com,news_index,https://ehimalayatimes.com/2025/09/375863/,2025-09-08 08:45:00,Nepali,Nepal,जेनजीको आन्दोलन उग्र बन्दै गएपछि सिंहदरबार तथा शीतलनिवास क्षेत्रमा पनि कर्फ्यु,जेनजीको आन्दोलन उग्र बन्दै गएपछि सिंहदरबार तथा शीतलनिवास क्षेत्रमा पनि कर्फ्यु,ehimalayatimes.com,existing_raw_gdelt,"(""Maitighar"" OR ""New Baneshwor"" OR ""Baneshwor"" OR ""Singha Durbar"") (Nepal OR Kathmandu)",excluded,published_at_or_seen_at_is_at_or_after_2025-09-08T00:00:00
external_excluded_c81bd3c450f8138b,GDELT,gdelt_doc,english.mathrubhumi.com,news_index,https://english.mathrubhumi.com/news/world/protests-erupt-in-nepal-kathmandu-thousands-gen-z-demonstrators-storm-restricted-areas-tdx4nk3j,2025-09-08 08:45:00,English,Nepal,"Thousands of Nepali youth protest social media ban , corruption in Kathmandu ; curfew imposed","Thousands of Nepali youth protest social media ban , corruption in Kathmandu ; curfew imposed",english.mathrubhumi.com,existing_raw_gdelt,"(""Maitighar"" OR ""New Baneshwor"" OR ""Baneshwor"" OR ""Singha Durbar"") (Nepal OR Kathmandu)",excluded,published_at_or_seen_at_is_at_or_after_2025-09-08T00:00:00
external_excluded_c382b71ac0864bdb,GDELT,gdelt_doc,ehimalayatimes.com,news_index,https://ehimalayatimes.com/2025/09/375826/,2025-09-08 08:45:00,Nepali,Nepal,माईतीघरदेखी बानेश्वर पुग्यो जेनजी पुस्ताको प्रदर्शन,माईतीघरदेखी बानेश्वर पुग्यो जेनजी पुस्ताको प्रदर्शन,ehimalayatimes.com,existing_raw_gdelt,"(""Maitighar"" OR ""New Baneshwor"" OR ""Baneshwor"" OR ""Singha Durbar"") (Nepal OR Kathmandu)",excluded,published_at_or_seen_at_is_at_or_after_2025-09-08T00:00:00
external_excluded_1823d7aae181c355,GDELT,gdelt_doc,timesnownews.com,news_index,https://www.timesnownews.com/world/asia/nepal-social-media-ban-sparks-massive-protests-curfew-imposed-near-parliament-article-152703074,2025-09-08 08:45:00,English,Nepal,"Nepal : Thousands March In Protest Over Social Media Ban , Curfew Imposed Near Parliament","Nepal : Thousands March In Protest Over Social Media Ban , Curfew Imposed Near Parliament",timesnownews.com,existing_raw_gdelt,"(""Maitighar"" OR ""New Baneshwor"" OR ""Baneshwor"" OR ""Singha Durbar"") (Nepal OR Kathmandu)",excluded,published_at_or_seen_at_is_at_or_after_2025-09-08T00:00:00
external_excluded_dcd858d6f99246ab,GDELT,gdelt_doc,ehimalayatimes.com,news_index,https://ehimalayatimes.com/2025/09/375860/,2025-09-08 08:45:00,Nepali,Nepal,"जेनजी आन्दोलनमा कान्तिपुर टिभीका पत्रकारलाई लाग्याे रबरको गोली , बानेश्वर क्षेत्रमा पुग्यो सेना","जेनजी आन्दोलनमा कान्तिपुर टिभीका पत्रकारलाई लाग्याे रबरको गोली , बानेश्वर क्षेत्रमा पुग्यो सेना",ehimalayatimes.com,existing_raw_gdelt,"(""Maitighar"" OR ""New Baneshwor"" OR ""Baneshwor"" OR ""Singha Durbar"") (Nepal OR Kathmandu)",excluded,published_at_or_seen_at_is_at_or_after_2025-09-08T00:00:00
external_excluded_abd2b9f90f140879,GDELT,gdelt_doc,thestatesman.com,news_index,https://www.thestatesman.com/entertainment/japanese-manga-icon-becomes-emblem-of-youth-protest-against-social-media-ban-in-nepal-1503482968.html,2025-09-08 08:30:00,English,Nepal,Japanese manga icon becomes emblem of youth protest against social media ban in Nepal,Japanese manga icon becomes emblem of youth protest against social media ban in Nepal,thestatesman.com,existing_raw_gdelt,"(""Maitighar"" OR ""New Baneshwor"" OR ""Baneshwor"" OR ""Singha Durbar"") (Nepal OR Kathmandu)",excluded,published_at_or_seen_at_is_at_or_after_2025-09-08T00:00:00
external_excluded_039b885e8cb2fca3,GDELT,gdelt_doc,reviewnepal.com,news_index,https://reviewnepal.com/articles/nepal-s-corruption-crisis-silencing-social-media-won-t-silence-the-people.html,2025-09-08 08:15:00,English,Nepal,Nepal Corruption Crisis : Silencing Social Media Wont Silence the People,Nepal Corruption Crisis : Silencing Social Media Wont Silence the People,reviewnepal.com,existing_raw_gdelt,"(""Maitighar"" OR ""New Baneshwor"" OR ""Baneshwor"" OR ""Singha Durbar"") (Nepal OR Kathmandu)",excluded,published_at_or_seen_at_is_at_or_after_2025-09-08T00:00:00
external_excluded_f5231ea06f75614d,GDELT,gdelt_doc,reviewnepal.com,news_index,https://reviewnepal.com/national/gen-g-stages-protest-in-different-parts-of-the-country-including-in-kathmandu.html,2025-09-08 08:15:00,English,Nepal,Gen Z stages protest in different parts of the country including in Kathmandu - Review Nepal News,Gen Z stages protest in different parts of the country including in Kathmandu - Review Nepal News,reviewnepal.com,existing_raw_gdelt,"(""Maitighar"" OR ""New Baneshwor"" OR ""Baneshwor"" OR ""Singha Durbar"") (Nepal OR Kathmandu)",excluded,published_at_or_seen_at_is_at_or_after_2025-09-08T00:00:00
external_excluded_1e83daa966b61308,GDELT,gdelt_doc,karobardaily.com,news_index,https://www.karobardaily.com/news/300202,2025-09-08 08:15:00,Nepali,Nepal,"नयाँ बानेश्वर क्षेत्रमा कर्फ्यु जारी , प्रहरीले गोली चलाएपछि तनावग्रस्त «","नयाँ बानेश्वर क्षेत्रमा कर्फ्यु जारी , प्रहरीले गोली चलाएपछि तनावग्रस्त «",karobardaily.com,existing_raw_gdelt,"(""Maitighar"" OR ""New Baneshwor"" OR ""Baneshwor"" OR ""Singha Durbar"") (Nepal OR Kathmandu)",excluded,published_at_or_seen_at_is_at_or_after_2025-09-08T00:00:00
external_excluded_45d013b1a899726e,GDELT,gdelt_doc,ratopati.com,news_index,https://www.ratopati.com/story/511880/genjis-performance-broke-through-the-restricted-area-and-moved-forward,2025-09-08 07:15:00,Nepali,Nepal,"निषेधित क्षेत्र तोड्दा जेनजी र प्रहरीबिच घम्साघम्सी , तस्बिरहरु | Nepal first 24 - hour updated news portal","निषेधित क्षेत्र तोड्दा जेनजी र प्रहरीबिच घम्साघम्सी , तस्बिरहरु | Nepal first 24 - hour updated news portal",ratopati.com,existing_raw_gdelt,"(""Maitighar"" OR ""New Baneshwor"" OR ""Baneshwor"" OR ""Singha Durbar"") (Nepal OR Kathmandu)",excluded,published_at_or_seen_at_is_at_or_after_2025-09-08T00:00:00
external_excluded_a939076f257fcabc,GDELT,gdelt_doc,ratopati.com,news_index,https://www.ratopati.com/story/511898/where-has-curfew-been-imposed-in-kathmandu-since-1230,2025-09-08 07:15:00,Nepali,Nepal,कहाँ – कहाँ लागू भयो कर्फ्यु ? | Nepal first 24 - hour updated news portal,कहाँ – कहाँ लागू भयो कर्फ्यु ? | Nepal first 24 - hour updated news portal,ratopati.com,existing_raw_gdelt,"(""Maitighar"" OR ""New Baneshwor"" OR ""Baneshwor"" OR ""Singha Durbar"") (Nepal OR Kathmandu)",excluded,published_at_or_seen_at_is_at_or_after_2025-09-08T00:00:00
external_excluded_775a2fe7839a4689,GDELT,gdelt_doc,ratopati.com,news_index,https://www.ratopati.com/story/511893/police-lathicharge-tear-gass-protesters-after-they-reach-parliament-building,2025-09-08 07:15:00,Nepali,Nepal,"संसद् भवन अगाडि पुगेपछि प्रदर्शनकारीमाथि प्रहरीद्वारा लाठीचार्ज , अश्रुग्याँस प्रहार | Nepal first 24 - hour updated news portal","संसद् भवन अगाडि पुगेपछि प्रदर्शनकारीमाथि प्रहरीद्वारा लाठीचार्ज , अश्रुग्याँस प्रहार | Nepal first 24 - hour updated news portal",ratopati.com,existing_raw_gdelt,"(""Maitighar"" OR ""New Baneshwor"" OR ""Baneshwor"" OR ""Singha Durbar"") (Nepal OR Kathmandu)",excluded,published_at_or_seen_at_is_at_or_after_2025-09-08T00:00:00
external_excluded_3285553a3ee72abe,GDELT,gdelt_doc,onlinekhabar.com,news_index,https://www.onlinekhabar.com/2025/09/1758954/restrictions-on-entry-to-singha-durbar,2025-09-08 06:30:00,Nepali,Nepal,सिंहदरबार प्रवेशमा कडाइ,सिंहदरबार प्रवेशमा कडाइ,onlinekhabar.com,existing_raw_gdelt,"(""Maitighar"" OR ""New Baneshwor"" OR ""Baneshwor"" OR ""Singha Durbar"") (Nepal OR Kathmandu)",excluded,published_at_or_seen_at_is_at_or_after_2025-09-08T00:00:00
external_excluded_1106d84295c07ff5,GDELT,gdelt_doc,onlinekhabar.com,news_index,https://www.onlinekhabar.com/2025/09/1758780/genji-leaves-school-and-college-to-join-family-protest-against-disorder,2025-09-08 06:30:00,Nepali,Nepal,"स्कुल कलेज छाडेर माइतीघरमा जुटे जेनजी , अव्यवस्थाविरुद्ध प्रदर्शन","स्कुल कलेज छाडेर माइतीघरमा जुटे जेनजी , अव्यवस्थाविरुद्ध प्रदर्शन",onlinekhabar.com,existing_raw_gdelt,"(""Maitighar"" OR ""New Baneshwor"" OR ""Baneshwor"" OR ""Singha Durbar"") (Nepal OR Kathmandu)",excluded,published_at_or_seen_at_is_at_or_after_2025-09-08T00:00:00
external_excluded_ea554abb77835799,GDELT,gdelt_doc,onlinekhabar.com,news_index,https://www.onlinekhabar.com/2025/09/1758865/crowds-growing-at-maitighars-genji-performance,2025-09-08 06:30:00,Nepali,Nepal,माइतीघरको जेनजी प्रदर्शनमा बढ्दै भिड,माइतीघरको जेनजी प्रदर्शनमा बढ्दै भिड,onlinekhabar.com,existing_raw_gdelt,"(""Maitighar"" OR ""New Baneshwor"" OR ""Baneshwor"" OR ""Singha Durbar"") (Nepal OR Kathmandu)",excluded,published_at_or_seen_at_is_at_or_after_2025-09-08T00:00:00
external_excluded_1fccb0ff5c28ebb7,GDELT,gdelt_doc,dailyexcelsior.com,news_index,https://www.dailyexcelsior.com/nation-being-undermined-cannot-be-tolerated-says-oli-on-nepal-govts-ban-on-social-media/,2025-09-08 06:00:00,English,Nepal,"Nation being undermined cannot be tolerated , says Oli on Nepal govt ban on social media","Nation being undermined cannot be tolerated , says Oli on Nepal govt ban on social media",dailyexcelsior.com,existing_raw_gdelt,"(""Maitighar"" OR ""New Baneshwor"" OR ""Baneshwor"" OR ""Singha Durbar"") (Nepal OR Kathmandu)",excluded,published_at_or_seen_at_is_at_or_after_2025-09-08T00:00:00
external_excluded_8cb74ccd1a780626,GDELT,gdelt_doc,thehimalayantimes.com,news_index,https://thehimalayantimes.com/kathmandu/gen-z-youths-stage-protest-at-maitighar-against-corruption-social-media-ban,2025-09-08 05:30:00,English,Nepal,"Gen Z youths stage protest at Maitighar against corruption , social media ban","Gen Z youths stage protest at Maitighar against corruption , social media ban",thehimalayantimes.com,existing_raw_gdelt,"(""Maitighar"" OR ""New Baneshwor"" OR ""Baneshwor"" OR ""Singha Durbar"") (Nepal OR Kathmandu)",excluded,published_at_or_seen_at_is_at_or_after_2025-09-08T00:00:00
external_excluded_42dd1735710c3c27,GDELT,gdelt_doc,ehimalayatimes.com,news_index,https://ehimalayatimes.com/2025/09/375752/,2025-09-08 05:00:00,Nepali,Nepal,सामाजिक सञ्जाल बन्द गर्ने निर्णयप्रति सत्तारूढ दल नै असन्तुष्ट,सामाजिक सञ्जाल बन्द गर्ने निर्णयप्रति सत्तारूढ दल नै असन्तुष्ट,ehimalayatimes.com,existing_raw_gdelt,"(""Maitighar"" OR ""New Baneshwor"" OR ""Baneshwor"" OR ""Singha Durbar"") (Nepal OR Kathmandu)",excluded,published_at_or_seen_at_is_at_or_after_2025-09-08T00:00:00
external_excluded_c64d153a837e7718,GDELT,gdelt_doc,ehimalayatimes.com,news_index,https://ehimalayatimes.com/2025/09/375630/,2025-09-08 05:00:00,Nepali,Nepal,सामाजिक सञ्जाल बन्दविरुद्ध अनलाइन टिभी पत्रकार आन्दोलित,सामाजिक सञ्जाल बन्दविरुद्ध अनलाइन टिभी पत्रकार आन्दोलित,ehimalayatimes.com,existing_raw_gdelt,"(""Maitighar"" OR ""New Baneshwor"" OR ""Baneshwor"" OR ""Singha Durbar"") (Nepal OR Kathmandu)",excluded,published_at_or_seen_at_is_at_or_after_2025-09-08T00:00:00
external_excluded_9ca643eee0398abd,GDELT,gdelt_doc,kathmandupost.com,news_index,https://kathmandupost.com/editorial/2025/09/07/shutting-apps-unleashing-anger,2025-09-08 04:30:00,English,Nepal,"Shutting apps , unleashing anger","Shutting apps , unleashing anger",kathmandupost.com,existing_raw_gdelt,"(""Maitighar"" OR ""New Baneshwor"" OR ""Baneshwor"" OR ""Singha Durbar"") (Nepal OR Kathmandu)",excluded,published_at_or_seen_at_is_at_or_after_2025-09-08T00:00:00
external_excluded_b4bf40a84fc80e82,GDELT,gdelt_doc,annapurnapost.com,news_index,https://www.annapurnapost.com/story/485635/,2025-09-08 04:15:00,Nepali,Nepal,माग पूरा नभए फेरि आन्दोलन गर्ने उखु किसानको चेतावनी,माग पूरा नभए फेरि आन्दोलन गर्ने उखु किसानको चेतावनी,annapurnapost.com,existing_raw_gdelt,"(""Maitighar"" OR ""New Baneshwor"" OR ""Baneshwor"" OR ""Singha Durbar"") (Nepal OR Kathmandu)",excluded,published_at_or_seen_at_is_at_or_after_2025-09-08T00:00:00
external_excluded_9a0c7709bb9f02f4,GDELT,gdelt_doc,kathmandupost.com,news_index,https://kathmandupost.com/health/2025/09/08/singha-durbar-premises-teeming-with-dengue-mosquito-larvae,2025-09-08 03:45:00,English,Nepal,Singha Durbar premises teeming with dengue mosquito larvae,Singha Durbar premises teeming with dengue mosquito larvae,kathmandupost.com,existing_raw_gdelt,"(""Maitighar"" OR ""New Baneshwor"" OR ""Baneshwor"" OR ""Singha Durbar"") (Nepal OR Kathmandu)",excluded,published_at_or_seen_at_is_at_or_after_2025-09-08T00:00:00
external_excluded_380d58bf95ec7d48,GDELT,gdelt_doc,ratopati.com,news_index,https://www.ratopati.com/story/511829/genjis-protest-against-corruption-today-warning-that-political-interference-will-not-be-acceptable,2025-09-08 02:30:00,Nepali,Nepal,"भ्रष्टाचारविरुद्ध जेनजीको प्रदर्शन आज , राजनीतिक हस्तक्षेप स्वीकार्य नहुने चेतावनी | Nepal first 24 - hour updated news portal","भ्रष्टाचारविरुद्ध जेनजीको प्रदर्शन आज , राजनीतिक हस्तक्षेप स्वीकार्य नहुने चेतावनी | Nepal first 24 - hour updated news portal",ratopati.com,existing_raw_gdelt,"(""Maitighar"" OR ""New Baneshwor"" OR ""Baneshwor"" OR ""Singha Durbar"") (Nepal OR Kathmandu)",excluded,published_at_or_seen_at_is_at_or_after_2025-09-08T00:00:00
external_excluded_0c9834c797f94dcd,GDELT,gdelt_doc,ratopati.com,news_index,https://www.ratopati.com/story/511830/ratopatis-letter-to-the-aware-brothers-and-sisters-of-the-gen-g-generation,2025-09-08 02:30:00,Nepali,Nepal,जेनजी पुस्ताका जागरूक भाइबहिनीलाई रातोपाटीको पत्र | Nepal first 24 - hour updated news portal,जेनजी पुस्ताका जागरूक भाइबहिनीलाई रातोपाटीको पत्र | Nepal first 24 - hour updated news portal,ratopati.com,existing_raw_gdelt,"(""Maitighar"" OR ""New Baneshwor"" OR ""Baneshwor"" OR ""Singha Durbar"") (Nepal OR Kathmandu)",excluded,published_at_or_seen_at_is_at_or_after_2025-09-08T00:00:00
gdelt_9573354efecae059,GDELT,gdelt_doc,ekantipur.com,news_index,https://ekantipur.com/news/2025/09/07/gen-g-against-corruption-from-digital-to-street-29-55.html,2025-09-07 17:30:00,Nepali,Nepal,भ्रष्टाचारविरुद्ध जेन – जी : डिजिटलदेखि सडकसम्म,भ्रष्टाचारविरुद्ध जेन – जी : डिजिटलदेखि सडकसम्म,ekantipur.com,existing_raw_gdelt,"(""Maitighar"" OR ""New Baneshwor"" OR ""Baneshwor"" OR ""Singha Durbar"") (Nepal OR Kathmandu)",included,
gdelt_31a590421b9e1744,GDELT,gdelt_doc,ratopati.com,news_index,https://www.ratopati.com/story/511808/10-news-at-10,2025-09-07 17:00:00,Nepali,Nepal,"१० बजे १० समाचार : जेनजीको आन्दोलनमा चौतर्फी समर्थन , घुसपैठ हुनसक्ने प्रशासनको चिन्ता | Nepal first 24 - hour updated news portal","१० बजे १० समाचार : जेनजीको आन्दोलनमा चौतर्फी समर्थन , घुसपैठ हुनसक्ने प्रशासनको चिन्ता | Nepal first 24 - hour updated news portal",ratopati.com,existing_raw_gdelt,"(""Maitighar"" OR ""New Baneshwor"" OR ""Baneshwor"" OR ""Singha Durbar"") (Nepal OR Kathmandu)",included,
external_excluded_9579a53662a4f009,GDELT,gdelt_doc,ratopati.com,news_index,https://www.ratopati.com/story/511806/sumanas-advice-to-genji-dont-go-to-the-restricted-area-of-baneshwor-peaceful-presence-is-victory,2025-09-07 17:00:00,Nepali,Nepal,"जेनजीलाई सुमनाको सुझाव : बानेश्वरको निषेधित क्षेत्र नजानू , शान्तिपूर्ण उपस्थिति नै जीत हो | Nepal first 24 - hour updated news portal","जेनजीलाई सुमनाको सुझाव : बानेश्वरको निषेधित क्षेत्र नजानू , शान्तिपूर्ण उपस्थिति नै जीत हो | Nepal first 24 - hour updated news portal",ratopati.com,existing_raw_gdelt,"(""Maitighar"" OR ""New Baneshwor"" OR ""Baneshwor"" OR ""Singha Durbar"") (Nepal OR Kathmandu)",excluded,not_relevant_after_nepal_anchor_and_trigger_filter
gdelt_f24df44a54ef6020,GDELT,gdelt_doc,freepressjournal.in,news_index,https://www.freepressjournal.in/world/nation-being-undermined-cannot-be-tolerated-says-nepal-pm-kp-sharma-oli-on-social-media-ban,2025-09-07 15:45:00,English,Nepal,"Nation Being Undermined Cannot Be Tolerated , Says Nepal PM KP Sharma Oli On Social Media Ban","Nation Being Undermined Cannot Be Tolerated , Says Nepal PM KP Sharma Oli On Social Media Ban",freepressjournal.in,existing_raw_gdelt,"(""Maitighar"" OR ""New Baneshwor"" OR ""Baneshwor"" OR ""Singha Durbar"") (Nepal OR Kathmandu)",included,
external_excluded_fc9c48c7f02988e6,GDELT,gdelt_doc,onlinekhabar.com,news_index,https://www.onlinekhabar.com/2025/09/1758427/durga-prasais-status-causes-uproar-in-the-genji-group,2025-09-07 15:00:00,Nepali,Nepal,दुर्गा प्रसाईंको स्टाटसले जेनजी समूहमा खैलाबैला,दुर्गा प्रसाईंको स्टाटसले जेनजी समूहमा खैलाबैला,onlinekhabar.com,existing_raw_gdelt,"(""Maitighar"" OR ""New Baneshwor"" OR ""Baneshwor"" OR ""Singha Durbar"") (Nepal OR Kathmandu)",excluded,not_relevant_after_nepal_anchor_and_trigger_filter
external_excluded_0b7e5b29bd7ca43b,GDELT,gdelt_doc,onlinekhabar.com,news_index,https://www.onlinekhabar.com/2025/09/1758472/the-government-shut-down-discord-and-reddit-but-genji-joined-forces-using-those-as-a-medium,2025-09-07 15:00:00,Nepali,Nepal,"सरकारले डिस्कर्ड र रेडिट बन्द गरायो , जेनजी तिनैलाई माध्यम बनाएर जुटे","सरकारले डिस्कर्ड र रेडिट बन्द गरायो , जेनजी तिनैलाई माध्यम बनाएर जुटे",onlinekhabar.com,existing_raw_gdelt,"(""Maitighar"" OR ""New Baneshwor"" OR ""Baneshwor"" OR ""Singha Durbar"") (Nepal OR Kathmandu)",excluded,not_relevant_after_nepal_anchor_and_trigger_filter
gdelt_e1acfa91dcf9b6c3,GDELT,gdelt_doc,onlinekhabar.com,news_index,https://www.onlinekhabar.com/2025/09/1758420/administration-allows-zen-g-to-perform-at-maitighar,2025-09-07 15:00:00,Nepali,Nepal,जेन - जीलाई माइतीघरमा प्रदर्शन गर्न प्रशासनको अनुमति,जेन - जीलाई माइतीघरमा प्रदर्शन गर्न प्रशासनको अनुमति,onlinekhabar.com,existing_raw_gdelt,"(""Maitighar"" OR ""New Baneshwor"" OR ""Baneshwor"" OR ""Singha Durbar"") (Nepal OR Kathmandu)",included,
gdelt_e194bd3e0badbc5a,GDELT,gdelt_doc,onlinekhabar.com,news_index,https://www.onlinekhabar.com/2025/09/1758496/genjis-performance-could-be-a-challenge-administration-is-formulating-a-security-strategy,2025-09-07 15:00:00,Nepali,Nepal,"चुनौती बन्नसक्छ जेनजीको प्रदर्शन , सुरक्षा रणनीति बनाउँदै प्रशासन","चुनौती बन्नसक्छ जेनजीको प्रदर्शन , सुरक्षा रणनीति बनाउँदै प्रशासन",onlinekhabar.com,existing_raw_gdelt,"(""Maitighar"" OR ""New Baneshwor"" OR ""Baneshwor"" OR ""Singha Durbar"") (Nepal OR Kathmandu)",included,
gdelt_86d7f2d8a6859634,GDELT,gdelt_doc,timesofoman.com,news_index,https://timesofoman.com/article/162459-journalists-in-nepal-take-to-streets-against-social-media-ban-call-for-nationwide-protest,2025-09-07 14:30:00,English,Nepal,"Journalists in Nepal take to streets against social media ban , call for nationwide protest","Journalists in Nepal take to streets against social media ban , call for nationwide protest",timesofoman.com,existing_raw_gdelt,"(""Maitighar"" OR ""New Baneshwor"" OR ""Baneshwor"" OR ""Singha Durbar"") (Nepal OR Kathmandu)",included,
gdelt_52d5a4a3e7c3c067,GDELT,gdelt_doc,newsx.com,news_index,https://www.newsx.com/world/journalists-in-nepal-take-to-streets-against-social-media-ban-call-for-nationwide-protest20250907174606-60816/,2025-09-07 14:30:00,English,Nepal,"Journalists in Nepal take to streets against social media ban , call for nationwide protest","Journalists in Nepal take to streets against social media ban , call for nationwide protest",newsx.com,existing_raw_gdelt,"(""Maitighar"" OR ""New Baneshwor"" OR ""Baneshwor"" OR ""Singha Durbar"") (Nepal OR Kathmandu)",included,
gdelt_484f8791facc4e6a,GDELT,gdelt_doc,aninews.in,news_index,https://aninews.in/news/world/asia/journalists-in-nepal-take-to-streets-against-social-media-ban-call-for-nationwide-protest20250907174606/,2025-09-07 14:15:00,English,Nepal,"Journalists in Nepal take to streets against social media ban , call for nationwide protest","Journalists in Nepal take to streets against social media ban , call for nationwide protest",aninews.in,existing_raw_gdelt,"(""Maitighar"" OR ""New Baneshwor"" OR ""Baneshwor"" OR ""Singha Durbar"") (Nepal OR Kathmandu)",included,
gdelt_5352b47658be1ab5,GDELT,gdelt_doc,newkerala.com,news_index,https://www.newkerala.com/news/o/journalists-nepal-take-streets-against-social-media-ban-call-836,2025-09-07 14:00:00,English,Nepal,Nepal Journalists Protest Social Media Ban Call Nationwide Strike,Nepal Journalists Protest Social Media Ban Call Nationwide Strike,newkerala.com,existing_raw_gdelt,"(""Maitighar"" OR ""New Baneshwor"" OR ""Baneshwor"" OR ""Singha Durbar"") (Nepal OR Kathmandu)",included,
gdelt_b29817c087f034eb,GDELT,gdelt_doc,calcuttanews.net,news_index,http://www.calcuttanews.net/news/278558657/journalists-in-nepal-take-to-streets-against-social-media-ban-call-for-nationwide-protest,2025-09-07 13:45:00,English,Nepal,"Journalists in Nepal take to streets against social media ban , call for nationwide protest","Journalists in Nepal take to streets against social media ban , call for nationwide protest",calcuttanews.net,existing_raw_gdelt,"(""Maitighar"" OR ""New Baneshwor"" OR ""Baneshwor"" OR ""Singha Durbar"") (Nepal OR Kathmandu)",included,
external_excluded_e6d50a59c6b4af63,GDELT,gdelt_doc,ratopati.com,news_index,https://www.ratopati.com/story/511763/nepo-baby-winner-people-loser-youth-from-network-to-street,2025-09-07 13:45:00,Nepali,Nepal,"नेपो बेबी विनर , जनता लुजर : सञ्जालदेखि सडकसम्म युवा | Nepal first 24 - hour updated news portal","नेपो बेबी विनर , जनता लुजर : सञ्जालदेखि सडकसम्म युवा | Nepal first 24 - hour updated news portal",ratopati.com,existing_raw_gdelt,"(""Maitighar"" OR ""New Baneshwor"" OR ""Baneshwor"" OR ""Singha Durbar"") (Nepal OR Kathmandu)",excluded,not_relevant_after_nepal_anchor_and_trigger_filter
gdelt_33b9713a5bddc1ac,GDELT,gdelt_doc,ratopati.com,news_index,https://www.ratopati.com/story/511756/local-administration-allows-jenji-to-perform-at-maitighar,2025-09-07 12:30:00,Nepali,Nepal,जेनजीलाई माइतीघरमा प्रदर्शन गर्न प्रशासनको अनुमति | Nepal first 24 - hour updated news portal,जेनजीलाई माइतीघरमा प्रदर्शन गर्न प्रशासनको अनुमति | Nepal first 24 - hour updated news portal,ratopati.com,existing_raw_gdelt,"(""Maitighar"" OR ""New Baneshwor"" OR ""Baneshwor"" OR ""Singha Durbar"") (Nepal OR Kathmandu)",included,
external_excluded_4fd4f4c83eeb6864,GDELT,gdelt_doc,ratopati.com,news_index,https://www.ratopati.com/story/511720/child-dies-due-to-electrocution-demand-for-strict-action-against-the-culprits,2025-09-07 10:15:00,Nepali,Nepal,करेन्ट लागेर बालकको मृत्यु : दोषीलाई कडा कारबाही गर्न माग | Nepal first 24 - hour updated news portal,करेन्ट लागेर बालकको मृत्यु : दोषीलाई कडा कारबाही गर्न माग | Nepal first 24 - hour updated news portal,ratopati.com,existing_raw_gdelt,"(""Maitighar"" OR ""New Baneshwor"" OR ""Baneshwor"" OR ""Singha Durbar"") (Nepal OR Kathmandu)",excluded,not_relevant_after_nepal_anchor_and_trigger_filter
gdelt_36bfb47c0f857fe2,GDELT,gdelt_doc,ratopati.com,news_index,https://www.ratopati.com/story/511709/durga-prasai-will-also-participate-in-the-jng-generations-movement,2025-09-07 09:15:00,Nepali,Nepal,जेनजी पुस्ताको आन्दोलनमा दुर्गा प्रसाईं पनि सहभागी हुने | Nepal first 24 - hour updated news portal,जेनजी पुस्ताको आन्दोलनमा दुर्गा प्रसाईं पनि सहभागी हुने | Nepal first 24 - hour updated news portal,ratopati.com,existing_raw_gdelt,"(""Maitighar"" OR ""New Baneshwor"" OR ""Baneshwor"" OR ""Singha Durbar"") (Nepal OR Kathmandu)",included,
external_excluded_b900b8857fdc64d9,GDELT,gdelt_doc,ekantipur.com,news_index,https://ekantipur.com/Kantipur-Archive/2025/09/05/archive-the-order-of-the-minister-of-material-to-control-the-flood-of-anamnagar-14-36.html,2025-09-05 17:30:00,Nepali,Nepal,[ अर्काइभ ] अनामनगरको बाढी नियन्त्रण गर्न भौतिक मन्त्रीको तोकादेश !,[ अर्काइभ ] अनामनगरको बाढी नियन्त्रण गर्न भौतिक मन्त्रीको तोकादेश !,ekantipur.com,existing_raw_gdelt,"(""Maitighar"" OR ""New Baneshwor"" OR ""Baneshwor"" OR ""Singha Durbar"") (Nepal OR Kathmandu)",excluded,not_relevant_after_nepal_anchor_and_trigger_filter
external_excluded_10928f324c2394ec,GDELT,gdelt_doc,ekantipur.com,news_index,https://ekantipur.com/feature/2025/09/04/a-rickshaw-puller-from-thamel-who-wants-to-add-to-his-dogs-life-00-23.html,2025-09-05 07:00:00,Nepali,Nepal,पशु - मानव प्रेम : ठमेलका रिक्साचालक आफ्नै आयु कुकुरलाई थपिदिन चाहन्छन्,पशु - मानव प्रेम : ठमेलका रिक्साचालक आफ्नै आयु कुकुरलाई थपिदिन चाहन्छन्,ekantipur.com,existing_raw_gdelt,"(""Maitighar"" OR ""New Baneshwor"" OR ""Baneshwor"" OR ""Singha Durbar"") (Nepal OR Kathmandu)",excluded,not_relevant_after_nepal_anchor_and_trigger_filter
gdelt_b112237379d5cbb6,GDELT,gdelt_doc,karobardaily.com,news_index,https://www.karobardaily.com/news/299946,2025-09-05 06:45:00,Nepali,Nepal,"सामाजिक सञ्जाल बन्द गर्ने सरकारको निर्णयले सर्वत्र चासो , चिन्ता र विरोध «","सामाजिक सञ्जाल बन्द गर्ने सरकारको निर्णयले सर्वत्र चासो , चिन्ता र विरोध «",karobardaily.com,existing_raw_gdelt,"(""Maitighar"" OR ""New Baneshwor"" OR ""Baneshwor"" OR ""Singha Durbar"") (Nepal OR Kathmandu)",included,
external_excluded_c7dc8b760dda589a,GDELT,gdelt_doc,onlinekhabar.com,news_index,https://www.onlinekhabar.com/2025/09/1755038/why-are-filmmakers-arguing-about-tiger-and-jackal,2025-09-02 08:45:00,Nepali,Nepal,बाघ र स्याल भन्दै किन बाझाबाझ गर्दैछन् फिल्मकर्मी ? – Online Khabar,बाघ र स्याल भन्दै किन बाझाबाझ गर्दैछन् फिल्मकर्मी ? – Online Khabar,onlinekhabar.com,existing_raw_gdelt,"(""Maitighar"" OR ""New Baneshwor"" OR ""Baneshwor"" OR ""Singha Durbar"") (Nepal OR Kathmandu)",excluded,not_relevant_after_nepal_anchor_and_trigger_filter
external_excluded_9b128ee89d2e1438,GDELT,gdelt_doc,ekantipur.com,news_index,https://ekantipur.com/Kantipur-Archive/2025/09/01/archive-after-the-indian-police-started-coming-to-nepal-32-43.html,2025-09-01 12:00:00,Nepali,Nepal,[ अर्काइभ ] भारतीय प्रहरी तारन्तार नेपाल आउन थालेपछि ...,[ अर्काइभ ] भारतीय प्रहरी तारन्तार नेपाल आउन थालेपछि ...,ekantipur.com,existing_raw_gdelt,"(""Maitighar"" OR ""New Baneshwor"" OR ""Baneshwor"" OR ""Singha Durbar"") (Nepal OR Kathmandu)",excluded,not_relevant_after_nepal_anchor_and_trigger_filter
external_excluded_85029f760dbb4bba,GDELT,gdelt_doc,ratopati.com,news_index,https://www.ratopati.com/story/510395/libraries-should-be-the-center-of-overall-development-of-society-communications-minister-gurung,2025-08-31 19:00:00,Nepali,Nepal,पुस्तकालय समाजको समग्र विकासको केन्द्र हुनुपर्छ : सञ्चारमन्त्री गुरुङ | Nepal first 24 - hour updated news portal,पुस्तकालय समाजको समग्र विकासको केन्द्र हुनुपर्छ : सञ्चारमन्त्री गुरुङ | Nepal first 24 - hour updated news portal,ratopati.com,existing_raw_gdelt,"(""Maitighar"" OR ""New Baneshwor"" OR ""Baneshwor"" OR ""Singha Durbar"") (Nepal OR Kathmandu)",excluded,not_relevant_after_nepal_anchor_and_trigger_filter
external_excluded_a19dc236bee32b3a,GDELT,gdelt_doc,onlinekhabar.com,news_index,https://www.onlinekhabar.com/2025/08/1753948/jhalanath-ghanshyam-faction-leaders-hold-separate-discussions,2025-08-31 14:00:00,Nepali,Nepal,छुट्टै छलफलमा जुटे झलनाथ - घनश्याम पक्षीय नेताहरू,छुट्टै छलफलमा जुटे झलनाथ - घनश्याम पक्षीय नेताहरू,onlinekhabar.com,existing_raw_gdelt,"(""Maitighar"" OR ""New Baneshwor"" OR ""Baneshwor"" OR ""Singha Durbar"") (Nepal OR Kathmandu)",excluded,not_relevant_after_nepal_anchor_and_trigger_filter
external_excluded_32aa875f43cdc1b7,GDELT,gdelt_doc,ratopati.com,news_index,https://www.ratopati.com/story/510331/jhalanath-ghanshyam-bhusal-group-in-discussion-to-counter-madhav,2025-08-31 11:45:00,Nepali,Nepal,माधवलाई काउन्टर दिन झलनाथ – घनश्याम भुसाल समूह छलफलमा | Nepal first 24 - hour updated news portal,माधवलाई काउन्टर दिन झलनाथ – घनश्याम भुसाल समूह छलफलमा | Nepal first 24 - hour updated news portal,ratopati.com,existing_raw_gdelt,"(""Maitighar"" OR ""New Baneshwor"" OR ""Baneshwor"" OR ""Singha Durbar"") (Nepal OR Kathmandu)",excluded,not_relevant_after_nepal_anchor_and_trigger_filter
external_excluded_194eb1333c74185a,GDELT,gdelt_doc,kathmandupost.com,news_index,https://kathmandupost.com/columns/2025/08/31/of-nepali-theatre-and-performance,2025-08-31 06:15:00,English,Nepal,Of Nepali theatre and performance,Of Nepali theatre and performance,kathmandupost.com,existing_raw_gdelt,"(""Maitighar"" OR ""New Baneshwor"" OR ""Baneshwor"" OR ""Singha Durbar"") (Nepal OR Kathmandu)",excluded,not_relevant_after_nepal_anchor_and_trigger_filter
external_excluded_9e12fe6c29f6ea1e,GDELT,gdelt_doc,ratopati.com,news_index,https://www.ratopati.com/story/510219/congresss-many-excuses-for-not-being-able-to-hold-the-general-convention-on-time,2025-08-31 04:45:00,Nepali,Nepal,समयमै महाधिवेशन गर्न नसक्ने कांग्रेसका अनेक बहाना | Nepal first 24 - hour updated news portal,समयमै महाधिवेशन गर्न नसक्ने कांग्रेसका अनेक बहाना | Nepal first 24 - hour updated news portal,ratopati.com,existing_raw_gdelt,"(""Maitighar"" OR ""New Baneshwor"" OR ""Baneshwor"" OR ""Singha Durbar"") (Nepal OR Kathmandu)",excluded,not_relevant_after_nepal_anchor_and_trigger_filter
external_excluded_58a633a47d7900a8,GDELT,gdelt_doc,annapurnapost.com,news_index,https://www.annapurnapost.com/story/485115/,2025-08-30 09:15:00,Nepali,Nepal,"उखु किसानले पाउँदैनन् , लगानीअनुसारको आम्दानी","उखु किसानले पाउँदैनन् , लगानीअनुसारको आम्दानी",annapurnapost.com,existing_raw_gdelt,"(""Maitighar"" OR ""New Baneshwor"" OR ""Baneshwor"" OR ""Singha Durbar"") (Nepal OR Kathmandu)",excluded,not_relevant_after_nepal_anchor_and_trigger_filter
external_excluded_cc8d7f4c40ba2c70,GDELT,gdelt_doc,ehimalayatimes.com,news_index,https://ehimalayatimes.com/2025/08/372775/,2025-08-30 00:30:00,Nepali,Nepal,"कम्बोडियामा तीज पर्वः आस्था , नारी शक्ति र सांस्कृतिक एकताको उत्सव","कम्बोडियामा तीज पर्वः आस्था , नारी शक्ति र सांस्कृतिक एकताको उत्सव",ehimalayatimes.com,existing_raw_gdelt,"(""Maitighar"" OR ""New Baneshwor"" OR ""Baneshwor"" OR ""Singha Durbar"") (Nepal OR Kathmandu)",excluded,not_relevant_after_nepal_anchor_and_trigger_filter
external_excluded_3cf918d465b41db4,GDELT,gdelt_doc,onlinekhabar.com,news_index,https://www.onlinekhabar.com/2025/08/1752688/gyanendra-shahis-question-if-this-government-cannot-pay-sugarcane-farmers-how-can-it-be-two-thirds,2025-08-29 11:00:00,Nepali,Nepal,ज्ञानेन्द्र शाहीको प्रश्न : उखु किसानको पैसा दिन सक्दैन भने यो सरकार कसरी दुई तिहाइको ?,ज्ञानेन्द्र शाहीको प्रश्न : उखु किसानको पैसा दिन सक्दैन भने यो सरकार कसरी दुई तिहाइको ?,onlinekhabar.com,existing_raw_gdelt,"(""Maitighar"" OR ""New Baneshwor"" OR ""Baneshwor"" OR ""Singha Durbar"") (Nepal OR Kathmandu)",excluded,not_relevant_after_nepal_anchor_and_trigger_filter
external_excluded_0a2b89b73fb2750e,GDELT,gdelt_doc,onlinekhabar.com,news_index,https://www.onlinekhabar.com/2025/08/1752797/khapung-police-chief-survives-shot,2025-08-29 11:00:00,Nepali,Nepal,गोली लागेर बाँचेका खापुङ प्रहरीका सर्वोच्च कमान्डर,गोली लागेर बाँचेका खापुङ प्रहरीका सर्वोच्च कमान्डर,onlinekhabar.com,existing_raw_gdelt,"(""Maitighar"" OR ""New Baneshwor"" OR ""Baneshwor"" OR ""Singha Durbar"") (Nepal OR Kathmandu)",excluded,not_relevant_after_nepal_anchor_and_trigger_filter
external_excluded_81d44a181bf09200,GDELT,gdelt_doc,onlinekhabar.com,news_index,https://www.onlinekhabar.com/2025/08/1752727/pointing-at-sugarcane-farmers-and-tobacco-traders-mps-said-we-have-been-insulted,2025-08-29 11:00:00,Nepali,Nepal,उखु किसान र कवाड व्यवसायीलाई देखाएर सांसदहरूले भने - हाम्रो बेइज्जत भयो,उखु किसान र कवाड व्यवसायीलाई देखाएर सांसदहरूले भने - हाम्रो बेइज्जत भयो,onlinekhabar.com,existing_raw_gdelt,"(""Maitighar"" OR ""New Baneshwor"" OR ""Baneshwor"" OR ""Singha Durbar"") (Nepal OR Kathmandu)",excluded,not_relevant_after_nepal_anchor_and_trigger_filter
external_excluded_6557b116ddb5b5ab,GDELT,gdelt_doc,ratopati.com,news_index,https://www.ratopati.com/story/509933/the-historical-fact-that-the-kali-river-is-nepals-western-border-cannot-be-a-matter-of-dispute-rashtriya-swayamsevak-sangh-rss,2025-08-29 09:15:00,Nepali,Nepal,नेपालको पश्चिमी सीमा काली नदी ठहरिएको ऐतिहासिक तथ्य कुनै विवादको विषय बन्न सक्दैन : रास्वपा | Nepal first 24 - hour updated news portal,नेपालको पश्चिमी सीमा काली नदी ठहरिएको ऐतिहासिक तथ्य कुनै विवादको विषय बन्न सक्दैन : रास्वपा | Nepal first 24 - hour updated news portal,ratopati.com,existing_raw_gdelt,"(""Maitighar"" OR ""New Baneshwor"" OR ""Baneshwor"" OR ""Singha Durbar"") (Nepal OR Kathmandu)",excluded,not_relevant_after_nepal_anchor_and_trigger_filter
external_excluded_3822dc0cefbae455,GDELT,gdelt_doc,karobardaily.com,news_index,https://www.karobardaily.com/news/296544,2025-08-29 05:30:00,Nepali,Nepal,उद्यमशीलता प्रवर्द्धन गर्ने नीति आवश्यक «,उद्यमशीलता प्रवर्द्धन गर्ने नीति आवश्यक «,karobardaily.com,existing_raw_gdelt,"(""Maitighar"" OR ""New Baneshwor"" OR ""Baneshwor"" OR ""Singha Durbar"") (Nepal OR Kathmandu)",excluded,not_relevant_after_nepal_anchor_and_trigger_filter
external_excluded_c08812f2e139964a,GDELT,gdelt_doc,ekantipur.com,news_index,https://ekantipur.com/news/2025/08/29/the-government-reduced-the-subsidy-to-sugarcane-farmers-by-half-because-the-ministry-of-finance-said-there-is-no-money-in-dhukuti-18-18.html,2025-08-29 02:30:00,Nepali,Nepal,"सरकारले उखु किसानको अनुदान आधा घटायो , किनकि अर्थ मन्त्रालयले भन्यो - ढुकुटीमा पैसा छैन","सरकारले उखु किसानको अनुदान आधा घटायो , किनकि अर्थ मन्त्रालयले भन्यो - ढुकुटीमा पैसा छैन",ekantipur.com,existing_raw_gdelt,"(""Maitighar"" OR ""New Baneshwor"" OR ""Baneshwor"" OR ""Singha Durbar"") (Nepal OR Kathmandu)",excluded,not_relevant_after_nepal_anchor_and_trigger_filter
external_excluded_66dd1b9fcf56142e,GDELT,gdelt_doc,onlinekhabar.com,news_index,https://www.onlinekhabar.com/2025/08/1752238/the-much-loved-song-from-maitighar-spring-seeks-to-live-here-lolling-returns-to-the-film,2025-08-28 12:45:00,Nepali,Nepal,फिल्ममा फर्कियो माइतीघर को बहुचर्चित गीत वसन्त नै बस्न खोज्छ यहाँ लोलाएर – Online Khabar,फिल्ममा फर्कियो माइतीघर को बहुचर्चित गीत वसन्त नै बस्न खोज्छ यहाँ लोलाएर – Online Khabar,onlinekhabar.com,existing_raw_gdelt,"(""Maitighar"" OR ""New Baneshwor"" OR ""Baneshwor"" OR ""Singha Durbar"") (Nepal OR Kathmandu)",excluded,not_relevant_after_nepal_anchor_and_trigger_filter
external_excluded_7a36193f6f3e3580,GDELT,gdelt_doc,ratopati.com,news_index,https://www.ratopati.com/story/509549/power-outages-reduced-by-half-compared-to-last-year-executive-director,2025-08-27 14:00:00,Nepali,Nepal,गत वर्षको तुलनामा विद्युत् अवरोधमा आधा कमी आयो - कार्यकारी निर्देशक | Nepal first 24 - hour updated news portal,गत वर्षको तुलनामा विद्युत् अवरोधमा आधा कमी आयो - कार्यकारी निर्देशक | Nepal first 24 - hour updated news portal,ratopati.com,existing_raw_gdelt,"(""Maitighar"" OR ""New Baneshwor"" OR ""Baneshwor"" OR ""Singha Durbar"") (Nepal OR Kathmandu)",excluded,not_relevant_after_nepal_anchor_and_trigger_filter
external_excluded_196d24cc27ec44d5,GDELT,gdelt_doc,ratopati.com,news_index,https://www.ratopati.com/story/509471/kathmandus-potholes-are-being-filled-at-night-photos,2025-08-27 08:45:00,Nepali,Nepal,काठमाडौँका सडककाे खाल्डा राति पुरिँदै ( तस्बिरहरू ) | Nepal first 24 - hour updated news portal,काठमाडौँका सडककाे खाल्डा राति पुरिँदै ( तस्बिरहरू ) | Nepal first 24 - hour updated news portal,ratopati.com,existing_raw_gdelt,"(""Maitighar"" OR ""New Baneshwor"" OR ""Baneshwor"" OR ""Singha Durbar"") (Nepal OR Kathmandu)",excluded,not_relevant_after_nepal_anchor_and_trigger_filter
external_excluded_14854250c46dae99,GDELT,gdelt_doc,annapurnapost.com,news_index,https://www.annapurnapost.com/story/484917/,2025-08-27 03:30:00,Nepali,Nepal,सौभाग्य प्राप्तिका लागि हरितालिका पर्व,सौभाग्य प्राप्तिका लागि हरितालिका पर्व,annapurnapost.com,existing_raw_gdelt,"(""Maitighar"" OR ""New Baneshwor"" OR ""Baneshwor"" OR ""Singha Durbar"") (Nepal OR Kathmandu)",excluded,not_relevant_after_nepal_anchor_and_trigger_filter
gdelt_b2841a26fb787ebd,GDELT,gdelt_doc,onlinekhabar.com,news_index,https://www.onlinekhabar.com/2025/08/1750994/the-movement-of-the-victims-reaches-the-family-home-the-leaders-reach-there-to-take-them,2025-08-26 15:30:00,Nepali,Nepal,"माइतीघर पुग्छ पीडितको आन्दोलन , जस लिन आउँछन् नेता","माइतीघर पुग्छ पीडितको आन्दोलन , जस लिन आउँछन् नेता",onlinekhabar.com,existing_raw_gdelt,"(""Maitighar"" OR ""New Baneshwor"" OR ""Baneshwor"" OR ""Singha Durbar"") (Nepal OR Kathmandu)",included,
external_excluded_fb349aa36e4db418,GDELT,gdelt_doc,onlinekhabar.com,news_index,https://www.onlinekhabar.com/2025/08/1750793/sugarcane-prices-should-be-fixed-on-time-baburam-bhattarai,2025-08-26 13:30:00,Nepali,Nepal,उखुको मूल्य बेलैमा तोक्नुपर्छ : बाबुराम भट्टराई,उखुको मूल्य बेलैमा तोक्नुपर्छ : बाबुराम भट्टराई,onlinekhabar.com,existing_raw_gdelt,"(""Maitighar"" OR ""New Baneshwor"" OR ""Baneshwor"" OR ""Singha Durbar"") (Nepal OR Kathmandu)",excluded,not_relevant_after_nepal_anchor_and_trigger_filter
external_excluded_4c4b1deac88bb9de,GDELT,gdelt_doc,karobardaily.com,news_index,https://www.karobardaily.com/news/296321,2025-08-26 12:45:00,Nepali,Nepal,उखु किसानको अनुदान दिन ७० करोड निकासा «,उखु किसानको अनुदान दिन ७० करोड निकासा «,karobardaily.com,existing_raw_gdelt,"(""Maitighar"" OR ""New Baneshwor"" OR ""Baneshwor"" OR ""Singha Durbar"") (Nepal OR Kathmandu)",excluded,not_relevant_after_nepal_anchor_and_trigger_filter
external_excluded_3ef90d90f679a761,GDELT,gdelt_doc,thehimalayantimes.com,news_index,https://thehimalayantimes.com/kathmandu/koicas-30-years-in-nepal-is-a-journey-of-partnership-trust-and-shared-vision,2025-08-26 06:30:00,English,Nepal,"KOICA 30 Years in Nepal is a Journey of partnership , trust , and shared vision","KOICA 30 Years in Nepal is a Journey of partnership , trust , and shared vision",thehimalayantimes.com,existing_raw_gdelt,"(""Maitighar"" OR ""New Baneshwor"" OR ""Baneshwor"" OR ""Singha Durbar"") (Nepal OR Kathmandu)",excluded,not_relevant_after_nepal_anchor_and_trigger_filter
external_excluded_b390abe10c46fba7,GDELT,gdelt_doc,asianews.network,news_index,https://asianews.network/nepal-vietnam-eye-deeper-economic-and-cultural-ties/,2025-08-26 03:30:00,English,Nepal,"Nepal , Vietnam eye deeper economic and cultural ties","Nepal , Vietnam eye deeper economic and cultural ties",asianews.network,existing_raw_gdelt,"(""Maitighar"" OR ""New Baneshwor"" OR ""Baneshwor"" OR ""Singha Durbar"") (Nepal OR Kathmandu)",excluded,not_relevant_after_nepal_anchor_and_trigger_filter
external_excluded_4ca425873b3aa209,GDELT,gdelt_doc,laosnews.net,news_index,http://www.laosnews.net/news/278532287/vietnamese-vice-prez-tours-unesco-heritage-site-in-nepal-as-she-wraps-her-visit,2025-08-25 22:15:00,English,Nepal,Vietnamese Vice Prez tours UNESCO heritage site in Nepal as she wraps her visit,Vietnamese Vice Prez tours UNESCO heritage site in Nepal as she wraps her visit,laosnews.net,existing_raw_gdelt,"(""Maitighar"" OR ""New Baneshwor"" OR ""Baneshwor"" OR ""Singha Durbar"") (Nepal OR Kathmandu)",excluded,not_relevant_after_nepal_anchor_and_trigger_filter
external_excluded_bbfb7192b3d7c9db,GDELT,gdelt_doc,cambodiantimes.com,news_index,http://www.cambodiantimes.com/news/278532287/vietnamese-vice-prez-tours-unesco-heritage-site-in-nepal-as-she-wraps-her-visit,2025-08-25 20:30:00,English,Nepal,Vietnamese Vice Prez tours UNESCO heritage site in Nepal as she wraps her visit,Vietnamese Vice Prez tours UNESCO heritage site in Nepal as she wraps her visit,cambodiantimes.com,existing_raw_gdelt,"(""Maitighar"" OR ""New Baneshwor"" OR ""Baneshwor"" OR ""Singha Durbar"") (Nepal OR Kathmandu)",excluded,not_relevant_after_nepal_anchor_and_trigger_filter
external_excluded_3d38a4ea3c19526d,GDELT,gdelt_doc,news.webindia123.com,news_index,https://news.webindia123.com/news/Articles/World/20250825/4353864.html,2025-08-25 18:00:00,English,Nepal,Vietnamese Vice Prez tours UNESCO heritage site in Nepal as she wraps her visit,Vietnamese Vice Prez tours UNESCO heritage site in Nepal as she wraps her visit,news.webindia123.com,existing_raw_gdelt,"(""Maitighar"" OR ""New Baneshwor"" OR ""Baneshwor"" OR ""Singha Durbar"") (Nepal OR Kathmandu)",excluded,not_relevant_after_nepal_anchor_and_trigger_filter
gdelt_efa92ac5a2fae9db,GDELT,gdelt_doc,ratopati.com,news_index,https://www.ratopati.com/story/509116/the-situation-where-sugarcane-farmers-have-to-protest-every-year-should-end,2025-08-25 10:45:00,Nepali,Nepal,उखु किसानले वर्षेनी आन्दोलन गर्नुपर्ने अवस्था अन्त्य गरियोस् | Nepal first 24 - hour updated news portal,उखु किसानले वर्षेनी आन्दोलन गर्नुपर्ने अवस्था अन्त्य गरियोस् | Nepal first 24 - hour updated news portal,ratopati.com,existing_raw_gdelt,"(""Maitighar"" OR ""New Baneshwor"" OR ""Baneshwor"" OR ""Singha Durbar"") (Nepal OR Kathmandu)",included,
gdelt_acf945458b346ca1,GDELT,gdelt_doc,ehimalayatimes.com,news_index,https://ehimalayatimes.com/2025/08/371443/,2025-08-25 10:45:00,Nepali,Nepal,विद्यालय शिक्षा विधेयकको विरोध,विद्यालय शिक्षा विधेयकको विरोध,ehimalayatimes.com,existing_raw_gdelt,"(""Maitighar"" OR ""New Baneshwor"" OR ""Baneshwor"" OR ""Singha Durbar"") (Nepal OR Kathmandu)",included,
gdelt_1978658ac8febd2a,GDELT,gdelt_doc,onlinekhabar.com,news_index,https://www.onlinekhabar.com/2025/08/1749799/farmers-carrying-sugarcane-continue-to-protest-today-photos,2025-08-25 09:30:00,Nepali,Nepal,उखु बोकेर किसानहरू आज पनि प्रदर्शनमा ( तस्वीरहरू ),उखु बोकेर किसानहरू आज पनि प्रदर्शनमा ( तस्वीरहरू ),onlinekhabar.com,existing_raw_gdelt,"(""Maitighar"" OR ""New Baneshwor"" OR ""Baneshwor"" OR ""Singha Durbar"") (Nepal OR Kathmandu)",included,
external_excluded_eea46fcdce2dc9d5,GDELT,gdelt_doc,kathmandupost.com,news_index,https://kathmandupost.com/national/2025/08/25/nepal-vietnam-eye-deeper-economic-and-cultural-ties,2025-08-25 09:00:00,English,Nepal,"Nepal , Vietnam eye deeper economic and cultural ties","Nepal , Vietnam eye deeper economic and cultural ties",kathmandupost.com,existing_raw_gdelt,"(""Maitighar"" OR ""New Baneshwor"" OR ""Baneshwor"" OR ""Singha Durbar"") (Nepal OR Kathmandu)",excluded,not_relevant_after_nepal_anchor_and_trigger_filter
external_excluded_cc5b4a1c743cadd7,GDELT,gdelt_doc,ehimalayatimes.com,news_index,https://ehimalayatimes.com/2025/08/371343/,2025-08-25 02:00:00,Nepali,Nepal,गुलियो बालीको अमिलो पीडा,गुलियो बालीको अमिलो पीडा,ehimalayatimes.com,existing_raw_gdelt,"(""Maitighar"" OR ""New Baneshwor"" OR ""Baneshwor"" OR ""Singha Durbar"") (Nepal OR Kathmandu)",excluded,not_relevant_after_nepal_anchor_and_trigger_filter
external_excluded_6264b5a15ac701a7,GDELT,gdelt_doc,thehimalayantimes.com,news_index,https://thehimalayantimes.com/nepal/education-bill-in-the-house-as-teachers-take-to-the-streets,2025-08-24 16:15:00,English,Nepal,Education bill in the House as teachers take to the streets,Education bill in the House as teachers take to the streets,thehimalayantimes.com,existing_raw_gdelt,"(""Maitighar"" OR ""New Baneshwor"" OR ""Baneshwor"" OR ""Singha Durbar"") (Nepal OR Kathmandu)",excluded,not_relevant_after_nepal_anchor_and_trigger_filter
external_excluded_4e847852ef1ad1f6,GDELT,gdelt_doc,ratopati.com,news_index,https://www.ratopati.com/story/508977/ruby-murder-case-she-left-the-house-in-the-evening-to-go-shopping,2025-08-24 15:15:00,Nepali,Nepal,रुवी हत्या प्रकरण : साँझ किनमेल गर्छु भनेर डेराबाट निस्केकी थिइन् | Nepal first 24 - hour updated news portal,रुवी हत्या प्रकरण : साँझ किनमेल गर्छु भनेर डेराबाट निस्केकी थिइन् | Nepal first 24 - hour updated news portal,ratopati.com,existing_raw_gdelt,"(""Maitighar"" OR ""New Baneshwor"" OR ""Baneshwor"" OR ""Singha Durbar"") (Nepal OR Kathmandu)",excluded,not_relevant_after_nepal_anchor_and_trigger_filter
external_excluded_0b00d424dbfe9b5b,GDELT,gdelt_doc,kathmandupost.com,news_index,https://kathmandupost.com/national/2025/08/24/nepal-and-vietnam-vice-presidents-hold-bilateral-talks-in-kathmandu-to-boost-cooperation,2025-08-24 13:15:00,English,Nepal,Nepal and Vietnam vice presidents hold bilateral talks in Kathmandu to boost cooperation,Nepal and Vietnam vice presidents hold bilateral talks in Kathmandu to boost cooperation,kathmandupost.com,existing_raw_gdelt,"(""Maitighar"" OR ""New Baneshwor"" OR ""Baneshwor"" OR ""Singha Durbar"") (Nepal OR Kathmandu)",excluded,not_relevant_after_nepal_anchor_and_trigger_filter
external_excluded_15fc55e3db770f00,GDELT,gdelt_doc,onlinekhabar.com,news_index,https://www.onlinekhabar.com/2025/08/1749054/sugarcane-farmers-protest-in-kathmandu-demanding-subsidies-photos,2025-08-24 12:30:00,Nepali,Nepal,अनुदान माग्दै उखु किसान काठमाडौंको सडकमा ( तस्वीरहरू ),अनुदान माग्दै उखु किसान काठमाडौंको सडकमा ( तस्वीरहरू ),onlinekhabar.com,existing_raw_gdelt,"(""Maitighar"" OR ""New Baneshwor"" OR ""Baneshwor"" OR ""Singha Durbar"") (Nepal OR Kathmandu)",excluded,not_relevant_after_nepal_anchor_and_trigger_filter
gdelt_99c4e50860c96252,GDELT,gdelt_doc,ratopati.com,news_index,https://www.ratopati.com/story/508931/naked-demonstration-for-the-implementation-of-womens-rights-photos,2025-08-24 11:00:00,Nepali,Nepal,"महिला अधिकार कार्यान्वयनका लागि नाङ्लोसहित प्रदर्शन , तस्बिरहरू | Nepal first 24 - hour updated news portal","महिला अधिकार कार्यान्वयनका लागि नाङ्लोसहित प्रदर्शन , तस्बिरहरू | Nepal first 24 - hour updated news portal",ratopati.com,existing_raw_gdelt,"(""Maitighar"" OR ""New Baneshwor"" OR ""Baneshwor"" OR ""Singha Durbar"") (Nepal OR Kathmandu)",included,
gdelt_1fa12bd286ebe008,GDELT,gdelt_doc,onlinekhabar.com,news_index,https://www.onlinekhabar.com/2025/08/1748958/sugarcane-farmers-gather-in-kathmandu-demanding-subsidy-say-they-will-not-stop-protesting-until-their-demands-are-met,2025-08-24 09:30:00,Nepali,Nepal,"अनुदान रकम माग्दै काठमाडौंमा उखु किसान , भन्छन् – माग पूरा नभएसम्म आन्दोलन छाड्दैनौं","अनुदान रकम माग्दै काठमाडौंमा उखु किसान , भन्छन् – माग पूरा नभएसम्म आन्दोलन छाड्दैनौं",onlinekhabar.com,existing_raw_gdelt,"(""Maitighar"" OR ""New Baneshwor"" OR ""Baneshwor"" OR ""Singha Durbar"") (Nepal OR Kathmandu)",included,
external_excluded_b7a0f65f3c7126b7,GDELT,gdelt_doc,ratopati.com,news_index,https://www.ratopati.com/story/508873/farmers-sit-on-a-sit-in-at-maitighar-carrying-sugarcane-demanding-dues-photos,2025-08-24 08:30:00,Nepali,Nepal,"बक्यौता माग्दै किसानहरू उखु बोकेरै माइतीघरमा धर्नामा बसे , तस्बिरहरू | Nepal first 24 - hour updated news portal","बक्यौता माग्दै किसानहरू उखु बोकेरै माइतीघरमा धर्नामा बसे , तस्बिरहरू | Nepal first 24 - hour updated news portal",ratopati.com,existing_raw_gdelt,"(""Maitighar"" OR ""New Baneshwor"" OR ""Baneshwor"" OR ""Singha Durbar"") (Nepal OR Kathmandu)",excluded,not_relevant_after_nepal_anchor_and_trigger_filter
external_excluded_9f4fc29cbf757c5b,GDELT,gdelt_doc,ratopati.com,news_index,https://www.ratopati.com/story/508879/umls-view-of-vidya-bhandari-a-year-ago-she-was-the-pride-of-the-republic-now-she-is-a-threat,2025-08-24 08:30:00,Nepali,Nepal,"विद्या भण्डारीलाई हेर्ने एमाले नजर : एक वर्षअघि गणतन्त्र गौरव , अहिले भइन् खतरा ! | Nepal first 24 - hour updated news portal","विद्या भण्डारीलाई हेर्ने एमाले नजर : एक वर्षअघि गणतन्त्र गौरव , अहिले भइन् खतरा ! | Nepal first 24 - hour updated news portal",ratopati.com,existing_raw_gdelt,"(""Maitighar"" OR ""New Baneshwor"" OR ""Baneshwor"" OR ""Singha Durbar"") (Nepal OR Kathmandu)",excluded,not_relevant_after_nepal_anchor_and_trigger_filter
external_excluded_f23006c94518d1f6,GDELT,gdelt_doc,ratopati.com,news_index,https://www.ratopati.com/story/508878/sugarcane-farmers-say-we-know-how-to-bring-the-government-to-its-knees,2025-08-24 08:30:00,Nepali,Nepal,"उखु किसान भन्छन् – सरकारलाई कसरी घुँडा टेकाउनुपर्छ , हामीलाई थाहा छ | Nepal first 24 - hour updated news portal","उखु किसान भन्छन् – सरकारलाई कसरी घुँडा टेकाउनुपर्छ , हामीलाई थाहा छ | Nepal first 24 - hour updated news portal",ratopati.com,existing_raw_gdelt,"(""Maitighar"" OR ""New Baneshwor"" OR ""Baneshwor"" OR ""Singha Durbar"") (Nepal OR Kathmandu)",excluded,not_relevant_after_nepal_anchor_and_trigger_filter
gdelt_2cb2019d292102a5,GDELT,gdelt_doc,ratopati.com,news_index,https://www.ratopati.com/story/508575/education-bill-in-parliament-teachers-and-administrators-on-strike,2025-08-22 12:15:00,Nepali,Nepal,"शिक्षा विधेयक संसद्‍मा , शिक्षक र सञ्चालक आन्दोलनमा | Nepal first 24 - hour updated news portal","शिक्षा विधेयक संसद्‍मा , शिक्षक र सञ्चालक आन्दोलनमा | Nepal first 24 - hour updated news portal",ratopati.com,existing_raw_gdelt,"(""Maitighar"" OR ""New Baneshwor"" OR ""Baneshwor"" OR ""Singha Durbar"") (Nepal OR Kathmandu)",included,
external_excluded_f0690052cec580f9,GDELT,gdelt_doc,ratopati.com,news_index,https://www.ratopati.com/story/508487/private-school-bus-with-black-flag-on-road-circling-ring-road-photos,2025-08-22 07:45:00,Nepali,Nepal,"कालो झण्डासहित निजी विद्यालयको बस सडकमा , चक्रपथ परिक्रमा गर्ने , तस्बिरहरू | Nepal first 24 - hour updated news portal","कालो झण्डासहित निजी विद्यालयको बस सडकमा , चक्रपथ परिक्रमा गर्ने , तस्बिरहरू | Nepal first 24 - hour updated news portal",ratopati.com,existing_raw_gdelt,"(""Maitighar"" OR ""New Baneshwor"" OR ""Baneshwor"" OR ""Singha Durbar"") (Nepal OR Kathmandu)",excluded,not_relevant_after_nepal_anchor_and_trigger_filter
external_excluded_e6fd18ce7d4a7623,GDELT,gdelt_doc,ratopati.com,news_index,https://www.ratopati.com/story/508378/shoes-thrown-at-modi-and-xi-jinpings-effigies-at-maitighar-8-arrested,2025-08-21 13:45:00,Nepali,Nepal,"माइतीघरमा मोदी र सी जिनपिङको पुत्लामा जुत्ता हानियो , ८ जना पक्राउ | Nepal first 24 - hour updated news portal","माइतीघरमा मोदी र सी जिनपिङको पुत्लामा जुत्ता हानियो , ८ जना पक्राउ | Nepal first 24 - hour updated news portal",ratopati.com,existing_raw_gdelt,"(""Maitighar"" OR ""New Baneshwor"" OR ""Baneshwor"" OR ""Singha Durbar"") (Nepal OR Kathmandu)",excluded,not_relevant_after_nepal_anchor_and_trigger_filter
gdelt_5e456969bcc4ebc6,GDELT,gdelt_doc,thehimalayantimes.com,news_index,https://thehimalayantimes.com/nepal/teachers-gear-up-for-fresh-wave-of-protests,2025-08-21 09:15:00,English,Nepal,Teachers gear up for fresh wave of protests,Teachers gear up for fresh wave of protests,thehimalayantimes.com,existing_raw_gdelt,"(""Maitighar"" OR ""New Baneshwor"" OR ""Baneshwor"" OR ""Singha Durbar"") (Nepal OR Kathmandu)",included,
external_excluded_fbeb286f0f7ce3bc,GDELT,gdelt_doc,onlinekhabar.com,news_index,https://www.onlinekhabar.com/2025/08/1747068/continuous-discussion-in-the-education-committee-chairman-thapa-said-zero-hour-is-here,2025-08-21 09:00:00,Nepali,Nepal,"शिक्षा समितिमा निरन्तर छलफल , सभापति थापाले भने - शून्य समय यहीँ हुन्छ","शिक्षा समितिमा निरन्तर छलफल , सभापति थापाले भने - शून्य समय यहीँ हुन्छ",onlinekhabar.com,existing_raw_gdelt,"(""Maitighar"" OR ""New Baneshwor"" OR ""Baneshwor"" OR ""Singha Durbar"") (Nepal OR Kathmandu)",excluded,not_relevant_after_nepal_anchor_and_trigger_filter
gdelt_976a62bab1bb5330,GDELT,gdelt_doc,onlinekhabar.com,news_index,https://www.onlinekhabar.com/2025/08/1746970/private-school-administrators-protest-at-maitighar-photos,2025-08-21 09:00:00,Nepali,Nepal,माइतीघरमा निजी विद्यालय सञ्चालकहरूको प्रदर्शन ( तस्वीरहरू ),माइतीघरमा निजी विद्यालय सञ्चालकहरूको प्रदर्शन ( तस्वीरहरू ),onlinekhabar.com,existing_raw_gdelt,"(""Maitighar"" OR ""New Baneshwor"" OR ""Baneshwor"" OR ""Singha Durbar"") (Nepal OR Kathmandu)",included,
gdelt_a30bafcb8bce089e,GDELT,gdelt_doc,annapurnapost.com,news_index,https://www.annapurnapost.com/story/484612/,2025-08-21 07:45:00,Nepali,Nepal,सरकारले आफ्ना मागलाई बेवास्ता गरेको भन्दै निजी विद्यालयका शिक्षक आन्दोलनमा ( तस्बिर ),सरकारले आफ्ना मागलाई बेवास्ता गरेको भन्दै निजी विद्यालयका शिक्षक आन्दोलनमा ( तस्बिर ),annapurnapost.com,existing_raw_gdelt,"(""Maitighar"" OR ""New Baneshwor"" OR ""Baneshwor"" OR ""Singha Durbar"") (Nepal OR Kathmandu)",included,
gdelt_8ad928ea2d38eabd,GDELT,gdelt_doc,onlinekhabar.com,news_index,https://www.onlinekhabar.com/2025/08/1746877/efforts-to-reach-consensus-on-school-education-bill-continue-private-school-operators-in-protest,2025-08-21 06:30:00,Nepali,Nepal,"विद्यालय शिक्षा विधेयकमा सहमतिको प्रयास जारी , निजी विद्यालय सञ्चालक आन्दोलनमा","विद्यालय शिक्षा विधेयकमा सहमतिको प्रयास जारी , निजी विद्यालय सञ्चालक आन्दोलनमा",onlinekhabar.com,existing_raw_gdelt,"(""Maitighar"" OR ""New Baneshwor"" OR ""Baneshwor"" OR ""Singha Durbar"") (Nepal OR Kathmandu)",included,
gdelt_0504a83bf5ac38ea,GDELT,gdelt_doc,annapurnapost.com,news_index,https://www.annapurnapost.com/story/484598/,2025-08-21 03:45:00,Nepali,Nepal,"गिजोलिँदै विद्यालय शिक्षा विधेयक , निजी विद्यालय सञ्चालक आन्दोलनमा","गिजोलिँदै विद्यालय शिक्षा विधेयक , निजी विद्यालय सञ्चालक आन्दोलनमा",annapurnapost.com,existing_raw_gdelt,"(""Maitighar"" OR ""New Baneshwor"" OR ""Baneshwor"" OR ""Singha Durbar"") (Nepal OR Kathmandu)",included,
gdelt_b80933d54806c6ba,GDELT,gdelt_doc,ratopati.com,news_index,https://www.ratopati.com/story/508214/school-education-bill-parliamentary-committee-meeting-today-private-school-operators-in-protest,2025-08-21 01:45:00,Nepali,Nepal,"विद्यालय शिक्षा विधेयक : संसदीय समितिको बैठक आज , निजी विद्यालय सञ्चालक भने आन्दोलनमा | Nepal first 24 - hour updated news portal","विद्यालय शिक्षा विधेयक : संसदीय समितिको बैठक आज , निजी विद्यालय सञ्चालक भने आन्दोलनमा | Nepal first 24 - hour updated news portal",ratopati.com,existing_raw_gdelt,"(""Maitighar"" OR ""New Baneshwor"" OR ""Baneshwor"" OR ""Singha Durbar"") (Nepal OR Kathmandu)",included,
external_excluded_f97dbbf2d9d543d6,GDELT,gdelt_doc,thehimalayantimes.com,news_index,https://thehimalayantimes.com/kathmandu/pakistani-parliamentarians-delegation-calls-on-speaker-ghimire,2025-08-20 09:45:00,English,Nepal,Pakistani parliamentarian delegation calls on Speaker Ghimire,Pakistani parliamentarian delegation calls on Speaker Ghimire,thehimalayantimes.com,existing_raw_gdelt,"(""Maitighar"" OR ""New Baneshwor"" OR ""Baneshwor"" OR ""Singha Durbar"") (Nepal OR Kathmandu)",excluded,not_relevant_after_nepal_anchor_and_trigger_filter
gdelt_54fe3741842ff7b2,GDELT,gdelt_doc,ratopati.com,news_index,https://www.ratopati.com/story/508082/private-school-operators-announce-protest-with-5-point-demands-first-demand-is-to-remove-full-scholarship,2025-08-20 08:45:00,Nepali,Nepal,"५ बुँदे मागसहित निजी विद्यालय सञ्चालकद्वारा आन्दोलन घोषणा , पहिलो माग नै पूर्ण छात्रवृत्ति हटाइनुपर्ने | Nepal first 24 - hour updated news portal","५ बुँदे मागसहित निजी विद्यालय सञ्चालकद्वारा आन्दोलन घोषणा , पहिलो माग नै पूर्ण छात्रवृत्ति हटाइनुपर्ने | Nepal first 24 - hour updated news portal",ratopati.com,existing_raw_gdelt,"(""Maitighar"" OR ""New Baneshwor"" OR ""Baneshwor"" OR ""Singha Durbar"") (Nepal OR Kathmandu)",included,
external_excluded_8822a1317f8eb5fa,GDELT,gdelt_doc,kathmandupost.com,news_index,https://kathmandupost.com/politics/2025/08/20/parties-warn-coalition-over-new-attempt-to-oust-deputy-speaker,2025-08-20 05:00:00,English,Nepal,Parties warn coalition over new attempt to oust Deputy Speaker,Parties warn coalition over new attempt to oust Deputy Speaker,kathmandupost.com,existing_raw_gdelt,"(""Maitighar"" OR ""New Baneshwor"" OR ""Baneshwor"" OR ""Singha Durbar"") (Nepal OR Kathmandu)",excluded,not_relevant_after_nepal_anchor_and_trigger_filter
gdelt_748c14725e586a90,GDELT,gdelt_doc,onlinekhabar.com,news_index,https://www.onlinekhabar.com/2025/08/1745853/socialist-student-union-protest-at-maitighar-against-supreme-court-order-photos,2025-08-19 13:30:00,Nepali,Nepal,सर्वोच्चको आदेशविरुद्ध माइतीघरमा समाजवादी विद्यार्थी युनियनको प्रदर्शन ( तस्वीरहरू ),सर्वोच्चको आदेशविरुद्ध माइतीघरमा समाजवादी विद्यार्थी युनियनको प्रदर्शन ( तस्वीरहरू ),onlinekhabar.com,existing_raw_gdelt,"(""Maitighar"" OR ""New Baneshwor"" OR ""Baneshwor"" OR ""Singha Durbar"") (Nepal OR Kathmandu)",included,
external_excluded_a3440c4130cf94e5,GDELT,gdelt_doc,ekantipur.com,news_index,https://ekantipur.com/photo_feature/2025/08/19/youth-vigil-for-bipins-release-photos-12-55.html,2025-08-19 13:00:00,Nepali,Nepal,विपिनको रिहाइका लागि युवाहरुको खबरदारी [ तस्बिरहरु ],विपिनको रिहाइका लागि युवाहरुको खबरदारी [ तस्बिरहरु ],ekantipur.com,existing_raw_gdelt,"(""Maitighar"" OR ""New Baneshwor"" OR ""Baneshwor"" OR ""Singha Durbar"") (Nepal OR Kathmandu)",excluded,not_relevant_after_nepal_anchor_and_trigger_filter
external_excluded_50508346add76e06,GDELT,gdelt_doc,news24online.com,news_index,https://news24online.com/india/india-hands-over-medical-defence-equipment-vehicles-to-nepal-army/616122/,2025-08-18 11:00:00,English,Nepal,"India Hands Over Medical , Defence Equipment , Vehicles To Nepal Army News24 -","India Hands Over Medical , Defence Equipment , Vehicles To Nepal Army News24 -",news24online.com,existing_raw_gdelt,"(""Maitighar"" OR ""New Baneshwor"" OR ""Baneshwor"" OR ""Singha Durbar"") (Nepal OR Kathmandu)",excluded,not_relevant_after_nepal_anchor_and_trigger_filter
external_excluded_d82b89cc66f39e73,GDELT,gdelt_doc,malaysiasun.com,news_index,http://www.malaysiasun.com/news/278516899/india-hands-over-medical-defence-equipment-vehicles-to-nepal-army,2025-08-18 10:45:00,English,Nepal,"India hands over medical , defence equipment vehicles to Nepal Army","India hands over medical , defence equipment vehicles to Nepal Army",malaysiasun.com,existing_raw_gdelt,"(""Maitighar"" OR ""New Baneshwor"" OR ""Baneshwor"" OR ""Singha Durbar"") (Nepal OR Kathmandu)",excluded,not_relevant_after_nepal_anchor_and_trigger_filter
external_excluded_cc2c2ab06489f788,GDELT,gdelt_doc,orissadiary.com,news_index,https://orissadiary.com/foreign-secretary-vikram-misri-meets-nepalese-dignitaries-holds-talks-with-counterpart/,2025-08-18 04:00:00,English,Nepal,"Foreign Secretary Vikram Misri Meets Nepalese Dignitaries , Holds Talks with Counterpart","Foreign Secretary Vikram Misri Meets Nepalese Dignitaries , Holds Talks with Counterpart",orissadiary.com,existing_raw_gdelt,"(""Maitighar"" OR ""New Baneshwor"" OR ""Baneshwor"" OR ""Singha Durbar"") (Nepal OR Kathmandu)",excluded,not_relevant_after_nepal_anchor_and_trigger_filter
external_excluded_1f1053a25d1ac2a7,GDELT,gdelt_doc,tribuneindia.com,news_index,https://www.tribuneindia.com/news/india/ahead-of-olis-india-visit-misri-meets-nepal-leaders/,2025-08-17 23:15:00,English,Nepal,"Ahead of Oli India visit , Misri meets Nepal leaders","Ahead of Oli India visit , Misri meets Nepal leaders",tribuneindia.com,existing_raw_gdelt,"(""Maitighar"" OR ""New Baneshwor"" OR ""Baneshwor"" OR ""Singha Durbar"") (Nepal OR Kathmandu)",excluded,not_relevant_after_nepal_anchor_and_trigger_filter
external_excluded_3038d30fc09e8e24,GDELT,gdelt_doc,calcuttanews.net,news_index,http://www.calcuttanews.net/news/278515692/foreign-secretary-vikram-misri-calls-on-nepali-foreign-minister-in-kathmandu,2025-08-17 19:30:00,English,Nepal,Foreign Secretary Vikram Misri calls on Nepali Foreign Minister in Kathmandu,Foreign Secretary Vikram Misri calls on Nepali Foreign Minister in Kathmandu,calcuttanews.net,existing_raw_gdelt,"(""Maitighar"" OR ""New Baneshwor"" OR ""Baneshwor"" OR ""Singha Durbar"") (Nepal OR Kathmandu)",excluded,not_relevant_after_nepal_anchor_and_trigger_filter
external_excluded_833046a19c00e6eb,GDELT,gdelt_doc,ratopati.com,news_index,https://www.ratopati.com/story/507489/when-bhuwanlal-pradhan-reached-the-palace-to-return-the-envelope-given-by-the-king,2025-08-17 11:45:00,Nepali,Nepal,राजाले दिएको खाम फिर्ता गर्न जब भुवनलाल प्रधान दरबार पुगे ... | Nepal first 24 - hour updated news portal,राजाले दिएको खाम फिर्ता गर्न जब भुवनलाल प्रधान दरबार पुगे ... | Nepal first 24 - hour updated news portal,ratopati.com,existing_raw_gdelt,"(""Maitighar"" OR ""New Baneshwor"" OR ""Baneshwor"" OR ""Singha Durbar"") (Nepal OR Kathmandu)",excluded,not_relevant_after_nepal_anchor_and_trigger_filter
external_excluded_19b742765ace78bb,GDELT,gdelt_doc,thehimalayantimes.com,news_index,https://thehimalayantimes.com/nepal/indian-foreign-secretary-pays-courtesy-call-on-pm-oli,2025-08-17 08:45:00,English,Nepal,Indian Foreign Secretary pays courtesy call on PM Oli,Indian Foreign Secretary pays courtesy call on PM Oli,thehimalayantimes.com,existing_raw_gdelt,"(""Maitighar"" OR ""New Baneshwor"" OR ""Baneshwor"" OR ""Singha Durbar"") (Nepal OR Kathmandu)",excluded,not_relevant_after_nepal_anchor_and_trigger_filter
external_excluded_f6508436e44aed9d,GDELT,gdelt_doc,tribuneindia.com,news_index,https://www.tribuneindia.com/news/world/foreign-secretary-vikram-misri-calls-on-nepal-pm-oli-during-two-day-visit/,2025-08-17 08:15:00,English,Nepal,Foreign Secretary Vikram Misri calls on Nepal PM Oli during two - day visit,Foreign Secretary Vikram Misri calls on Nepal PM Oli during two - day visit,tribuneindia.com,existing_raw_gdelt,"(""Maitighar"" OR ""New Baneshwor"" OR ""Baneshwor"" OR ""Singha Durbar"") (Nepal OR Kathmandu)",excluded,not_relevant_after_nepal_anchor_and_trigger_filter
external_excluded_3c432cead4300345,GDELT,gdelt_doc,ratopati.com,news_index,https://www.ratopati.com/story/506658/dance-competition-to-the-top-song-of-maitighar-winner-gets-rs-5-lakh-prize,2025-08-13 07:45:00,Nepali,Nepal,"माइतीघर को शीर्ष गीतमा नृत्य प्रतियोगिता , विजेतालाई ५ लाख पुरस्कार | Nepal first 24 - hour updated news portal","माइतीघर को शीर्ष गीतमा नृत्य प्रतियोगिता , विजेतालाई ५ लाख पुरस्कार | Nepal first 24 - hour updated news portal",ratopati.com,existing_raw_gdelt,"(""Maitighar"" OR ""New Baneshwor"" OR ""Baneshwor"" OR ""Singha Durbar"") (Nepal OR Kathmandu)",excluded,not_relevant_after_nepal_anchor_and_trigger_filter
external_excluded_860f4e77dfac9db6,GDELT,gdelt_doc,onlinekhabar.com,news_index,https://www.onlinekhabar.com/2025/08/1741288/dalits-badis-and-backward-classes-have-been-on-the-streets-for-162-days-what-are-their-demands,2025-08-12 14:45:00,Nepali,Nepal,"दलित , बादी र पिछडावर्ग १६२ दिनदेखि सडकमा , के छन् माग ?","दलित , बादी र पिछडावर्ग १६२ दिनदेखि सडकमा , के छन् माग ?",onlinekhabar.com,existing_raw_gdelt,"(""Maitighar"" OR ""New Baneshwor"" OR ""Baneshwor"" OR ""Singha Durbar"") (Nepal OR Kathmandu)",excluded,not_relevant_after_nepal_anchor_and_trigger_filter
external_excluded_0d27aa840c6bb552,GDELT,gdelt_doc,ratopati.com,news_index,https://www.ratopati.com/story/506341/two-arrested-from-baneshwor-with-brown-heroin,2025-08-11 15:15:00,Nepali,Nepal,खैरो हेरोइनसहित बानेश्वरबाट दुई जना पक्राउ | Nepal first 24 - hour updated news portal,खैरो हेरोइनसहित बानेश्वरबाट दुई जना पक्राउ | Nepal first 24 - hour updated news portal,ratopati.com,existing_raw_gdelt,"(""Maitighar"" OR ""New Baneshwor"" OR ""Baneshwor"" OR ""Singha Durbar"") (Nepal OR Kathmandu)",excluded,not_relevant_after_nepal_anchor_and_trigger_filter
external_excluded_9e0b91dcbfb401a8,GDELT,gdelt_doc,ratopati.com,news_index,https://www.ratopati.com/story/505998/janardhanjis-statement-is-incorrect-the-party-has-suggested-self-criticism,2025-08-10 06:30:00,Nepali,Nepal,"जनार्दनजीको अभिव्यक्ति बेठीक , आत्माआलोचना गर्न पार्टीले सुझाव दिएको छ | Nepal first 24 - hour updated news portal","जनार्दनजीको अभिव्यक्ति बेठीक , आत्माआलोचना गर्न पार्टीले सुझाव दिएको छ | Nepal first 24 - hour updated news portal",ratopati.com,existing_raw_gdelt,"(""Maitighar"" OR ""New Baneshwor"" OR ""Baneshwor"" OR ""Singha Durbar"") (Nepal OR Kathmandu)",excluded,not_relevant_after_nepal_anchor_and_trigger_filter
external_excluded_e38e8d6ad7086f94,GDELT,gdelt_doc,kathmandupost.com,news_index,https://kathmandupost.com/books/2025/08/09/when-oral-histories-become-the-archivewhen-oral-histories-become-the-archive,2025-08-09 02:45:00,English,Nepal,When oral histories become the archive,When oral histories become the archive,kathmandupost.com,existing_raw_gdelt,"(""Maitighar"" OR ""New Baneshwor"" OR ""Baneshwor"" OR ""Singha Durbar"") (Nepal OR Kathmandu)",excluded,not_relevant_after_nepal_anchor_and_trigger_filter
external_excluded_06c9827e3b3d8942,GDELT,gdelt_doc,ehimalayatimes.com,news_index,https://ehimalayatimes.com/2025/08/365974/,2025-08-07 14:00:00,Nepali,Nepal,पूर्व राष्ट्रपति भण्डारीको थापागाउँमा सम्पर्क कार्यालय,पूर्व राष्ट्रपति भण्डारीको थापागाउँमा सम्पर्क कार्यालय,ehimalayatimes.com,existing_raw_gdelt,"(""Maitighar"" OR ""New Baneshwor"" OR ""Baneshwor"" OR ""Singha Durbar"") (Nepal OR Kathmandu)",excluded,not_relevant_after_nepal_anchor_and_trigger_filter
external_excluded_dc00c9b7803b0436,GDELT,gdelt_doc,ekantipur.com,news_index,https://ekantipur.com/news/2025/08/07/vidya-bhandari-group-took-a-house-on-rent-to-open-a-liaison-office-47-14.html,2025-08-07 10:30:00,Nepali,Nepal,विद्या भण्डारी समूहले सम्पर्क कार्यालय खोल्न लियो भाडामा घर,विद्या भण्डारी समूहले सम्पर्क कार्यालय खोल्न लियो भाडामा घर,ekantipur.com,existing_raw_gdelt,"(""Maitighar"" OR ""New Baneshwor"" OR ""Baneshwor"" OR ""Singha Durbar"") (Nepal OR Kathmandu)",excluded,not_relevant_after_nepal_anchor_and_trigger_filter
external_excluded_0d857b53311b1895,GDELT,gdelt_doc,ekantipur.com,news_index,https://ekantipur.com/politics/2025/08/07/what-is-vidya-bhandari-group-doing-53-29.html,2025-08-07 07:00:00,Nepali,Nepal,के गर्दैछ विद्या भण्डारी समूह ?,के गर्दैछ विद्या भण्डारी समूह ?,ekantipur.com,existing_raw_gdelt,"(""Maitighar"" OR ""New Baneshwor"" OR ""Baneshwor"" OR ""Singha Durbar"") (Nepal OR Kathmandu)",excluded,not_relevant_after_nepal_anchor_and_trigger_filter
external_excluded_8d7715c95ebed97f,GDELT,gdelt_doc,thehimalayantimes.com,news_index,https://thehimalayantimes.com/school-times/a-savior-of-the-environment-tirtha-raj-bhattarai-a-saint-politician-in-the-making,2025-08-06 08:45:00,English,Nepal,"A savior of the environment : Tirtha Raj Bhattarai , a saint politician in the making","A savior of the environment : Tirtha Raj Bhattarai , a saint politician in the making",thehimalayantimes.com,existing_raw_gdelt,"(""Maitighar"" OR ""New Baneshwor"" OR ""Baneshwor"" OR ""Singha Durbar"") (Nepal OR Kathmandu)",excluded,not_relevant_after_nepal_anchor_and_trigger_filter
gdelt_c136fcfbdd0e76bf,GDELT,gdelt_doc,ratopati.com,news_index,https://www.ratopati.com/story/505169/sugarcane-farmers-protest-in-rautahat-against-government-policy,2025-08-06 08:00:00,Nepali,Nepal,सरकारको नीतिविरुद्ध उखु किसानद्वारा रौतहटमा प्रदर्शन | Nepal first 24 - hour updated news portal,सरकारको नीतिविरुद्ध उखु किसानद्वारा रौतहटमा प्रदर्शन | Nepal first 24 - hour updated news portal,ratopati.com,existing_raw_gdelt,"(""Maitighar"" OR ""New Baneshwor"" OR ""Baneshwor"" OR ""Singha Durbar"") (Nepal OR Kathmandu)",included,
external_excluded_afeafc7b5fb7be0a,GDELT,gdelt_doc,ratopati.com,news_index,https://www.ratopati.com/story/505153/the-government-did-not-acknowledge-the-real-estate-slump-and-the-governments-valuation-increased-significantly,2025-08-06 05:30:00,Nepali,Nepal,"सरकारले स्वीकार गरेन घरजग्गाको मन्दी , सरकारी मूल्यांकन बढेको बढ्यै | Nepal first 24 - hour updated news portal","सरकारले स्वीकार गरेन घरजग्गाको मन्दी , सरकारी मूल्यांकन बढेको बढ्यै | Nepal first 24 - hour updated news portal",ratopati.com,existing_raw_gdelt,"(""Maitighar"" OR ""New Baneshwor"" OR ""Baneshwor"" OR ""Singha Durbar"") (Nepal OR Kathmandu)",excluded,not_relevant_after_nepal_anchor_and_trigger_filter
external_excluded_86291b9aea817313,GDELT,gdelt_doc,ekantipur.com,news_index,https://ekantipur.com/opinion/2025/08/06/madheshs-climate-concerns-23-12.html,2025-08-06 03:45:00,Nepali,Nepal,मधेशको मौसमी चिन्ता - विचार - कान्तिपुर समाचार,मधेशको मौसमी चिन्ता - विचार - कान्तिपुर समाचार,ekantipur.com,existing_raw_gdelt,"(""Maitighar"" OR ""New Baneshwor"" OR ""Baneshwor"" OR ""Singha Durbar"") (Nepal OR Kathmandu)",excluded,not_relevant_after_nepal_anchor_and_trigger_filter
gdelt_521b9cb84780aa7a,GDELT,gdelt_doc,karobardaily.com,news_index,https://www.karobardaily.com/news/294649,2025-08-05 18:30:00,Nepali,Nepal,अनुदान कटौतीको विरोधमा उत्रिए उखु किसान,अनुदान कटौतीको विरोधमा उत्रिए उखु किसान,karobardaily.com,existing_raw_gdelt,"(""Maitighar"" OR ""New Baneshwor"" OR ""Baneshwor"" OR ""Singha Durbar"") (Nepal OR Kathmandu)",included,
external_excluded_2ee1950fbc6d9ea1,GDELT,gdelt_doc,annapurnapost.com,news_index,https://www.annapurnapost.com/story/483643/,2025-08-05 11:15:00,Nepali,Nepal,एनआईसी एशिया बैंकका ग्राहकलाई फ्रन्टलाइन हस्पिटलका सेवाहरुमा डिजिटल भुक्तानी गर्दा १० प्रतिशत छुटको सुविधा,एनआईसी एशिया बैंकका ग्राहकलाई फ्रन्टलाइन हस्पिटलका सेवाहरुमा डिजिटल भुक्तानी गर्दा १० प्रतिशत छुटको सुविधा,annapurnapost.com,existing_raw_gdelt,"(""Maitighar"" OR ""New Baneshwor"" OR ""Baneshwor"" OR ""Singha Durbar"") (Nepal OR Kathmandu)",excluded,not_relevant_after_nepal_anchor_and_trigger_filter
external_excluded_a0e921cfc9a24e62,GDELT,gdelt_doc,ehimalayatimes.com,news_index,https://ehimalayatimes.com/2025/08/365063/,2025-08-05 04:00:00,Nepali,Nepal,कानुनको आडमा बहुविवाह ?,कानुनको आडमा बहुविवाह ?,ehimalayatimes.com,existing_raw_gdelt,"(""Maitighar"" OR ""New Baneshwor"" OR ""Baneshwor"" OR ""Singha Durbar"") (Nepal OR Kathmandu)",excluded,not_relevant_after_nepal_anchor_and_trigger_filter
gdelt_547ac0df80cd8a6d,GDELT,gdelt_doc,ehimalayatimes.com,news_index,https://ehimalayatimes.com/2025/08/365114/,2025-08-05 04:00:00,Nepali,Nepal,अनुदान कटौतीविरुद्ध उखु किसान आन्दोलनमा,अनुदान कटौतीविरुद्ध उखु किसान आन्दोलनमा,ehimalayatimes.com,existing_raw_gdelt,"(""Maitighar"" OR ""New Baneshwor"" OR ""Baneshwor"" OR ""Singha Durbar"") (Nepal OR Kathmandu)",included,
external_excluded_2db14576840532ce,GDELT,gdelt_doc,ratopati.com,news_index,https://www.ratopati.com/story/504915/traffic-lights-in-kathmandu-are-a-problem-due-to-traffic,2025-08-05 02:45:00,Nepali,Nepal,काठमाडौँका ट्राफिक लाइटलाई ट्राफिककै समस्या | Nepal first 24 - hour updated news portal,काठमाडौँका ट्राफिक लाइटलाई ट्राफिककै समस्या | Nepal first 24 - hour updated news portal,ratopati.com,existing_raw_gdelt,"(""Maitighar"" OR ""New Baneshwor"" OR ""Baneshwor"" OR ""Singha Durbar"") (Nepal OR Kathmandu)",excluded,not_relevant_after_nepal_anchor_and_trigger_filter
external_excluded_ad13c104e170ba3d,GDELT,gdelt_doc,ratopati.com,news_index,https://www.ratopati.com/story/504682/fast-unto-death-demanding-use-of-bamboo-ends,2025-08-03 18:15:00,Nepali,Nepal,बाँसको उपयोगको माग राखी सुरु गरिएको आमरण अनशन अन्त्य | Nepal first 24 - hour updated news portal,बाँसको उपयोगको माग राखी सुरु गरिएको आमरण अनशन अन्त्य | Nepal first 24 - hour updated news portal,ratopati.com,existing_raw_gdelt,"(""Maitighar"" OR ""New Baneshwor"" OR ""Baneshwor"" OR ""Singha Durbar"") (Nepal OR Kathmandu)",excluded,not_relevant_after_nepal_anchor_and_trigger_filter
gdelt_ba08c370365559ec,GDELT,gdelt_doc,ratopati.com,news_index,https://www.ratopati.com/story/504672/sugarcane-farmers-angry-over-suspension-of-rs-16-billion-subsidy-declare-protest,2025-08-03 16:15:00,Nepali,Nepal,"१ अर्ब ६० करोडको अनुदान रोकिँदा उखु किसान आक्रोशित , आन्दोलनको घोषणा | Nepal first 24 - hour updated news portal","१ अर्ब ६० करोडको अनुदान रोकिँदा उखु किसान आक्रोशित , आन्दोलनको घोषणा | Nepal first 24 - hour updated news portal",ratopati.com,existing_raw_gdelt,"(""Maitighar"" OR ""New Baneshwor"" OR ""Baneshwor"" OR ""Singha Durbar"") (Nepal OR Kathmandu)",included,
external_excluded_943d558022793bde,GDELT,gdelt_doc,kathmandupost.com,news_index,https://kathmandupost.com/province-no-2/2025/08/02/madheshi-activists-take-to-the-streets-to-call-for-long-term-solutions-to-tarai-water-crisis,2025-08-02 04:00:00,English,Nepal,Madheshi activists take to the streets to call for long - term solutions to Tarai water crisis,Madheshi activists take to the streets to call for long - term solutions to Tarai water crisis,kathmandupost.com,existing_raw_gdelt,"(""Maitighar"" OR ""New Baneshwor"" OR ""Baneshwor"" OR ""Singha Durbar"") (Nepal OR Kathmandu)",excluded,not_relevant_after_nepal_anchor_and_trigger_filter
external_excluded_d4721a83737cd79a,GDELT,gdelt_doc,ehimalayatimes.com,news_index,https://ehimalayatimes.com/2025/08/363747/,2025-08-01 02:45:00,Nepali,Nepal,स्थानीय उत्पादनको प्रवद्र्धनमा मेयरको सत्याग्रह,स्थानीय उत्पादनको प्रवद्र्धनमा मेयरको सत्याग्रह,ehimalayatimes.com,existing_raw_gdelt,"(""Maitighar"" OR ""New Baneshwor"" OR ""Baneshwor"" OR ""Singha Durbar"") (Nepal OR Kathmandu)",excluded,not_relevant_after_nepal_anchor_and_trigger_filter
external_excluded_332e41dff70991d2,GDELT,gdelt_doc,onlinekhabar.com,news_index,https://www.onlinekhabar.com/2025/07/1733593/commission-urges-to-save-the-life-of-mayor-bhattarai-who-is-on-hunger-strike,2025-07-31 12:30:00,Nepali,Nepal,अनशनरत मेयर भट्टराईको जीवन रक्षाका लागि आयोगको आग्रह,अनशनरत मेयर भट्टराईको जीवन रक्षाका लागि आयोगको आग्रह,onlinekhabar.com,existing_raw_gdelt,"(""Maitighar"" OR ""New Baneshwor"" OR ""Baneshwor"" OR ""Singha Durbar"") (Nepal OR Kathmandu)",excluded,not_relevant_after_nepal_anchor_and_trigger_filter
external_excluded_a4ce36389433d54a,GDELT,gdelt_doc,annapurnapost.com,news_index,https://www.annapurnapost.com/story/483319/,2025-07-31 11:45:00,Nepali,Nepal,एनआईसी एशिया बैंकका ग्राहकहरुलाई लेट मेइनका विभिन्न सेवाहरु र कोरियन प्रोडक्टहरुमा विशेष छुट उपलब्ध,एनआईसी एशिया बैंकका ग्राहकहरुलाई लेट मेइनका विभिन्न सेवाहरु र कोरियन प्रोडक्टहरुमा विशेष छुट उपलब्ध,annapurnapost.com,existing_raw_gdelt,"(""Maitighar"" OR ""New Baneshwor"" OR ""Baneshwor"" OR ""Singha Durbar"") (Nepal OR Kathmandu)",excluded,not_relevant_after_nepal_anchor_and_trigger_filter
external_excluded_c484ed00f384e4ee,GDELT,gdelt_doc,ehimalayatimes.com,news_index,https://ehimalayatimes.com/2025/07/363600/,2025-07-31 11:15:00,Nepali,Nepal,"आमरण अनसनमा रहेका मेयर भट्टराई अस्पताल भर्ना , स्वास्थ्यमन्त्रीले अस्पतालमै पुगेर भेटे","आमरण अनसनमा रहेका मेयर भट्टराई अस्पताल भर्ना , स्वास्थ्यमन्त्रीले अस्पतालमै पुगेर भेटे",ehimalayatimes.com,existing_raw_gdelt,"(""Maitighar"" OR ""New Baneshwor"" OR ""Baneshwor"" OR ""Singha Durbar"") (Nepal OR Kathmandu)",excluded,not_relevant_after_nepal_anchor_and_trigger_filter
external_excluded_3773e2bc7f90863a,GDELT,gdelt_doc,ratopati.com,news_index,https://www.ratopati.com/story/503953/12-oclock-12-news-negligence-of-contractor-mp-kancharam-factional-clash-in-rpp,2025-07-30 19:45:00,Nepali,Nepal,"१२ बजे १२ समाचार : ठेकदार सांसद कान्छाराम को लापर्बाही , राप्रपामा गुटगत टक्कर | Nepal first 24 - hour updated news portal","१२ बजे १२ समाचार : ठेकदार सांसद कान्छाराम को लापर्बाही , राप्रपामा गुटगत टक्कर | Nepal first 24 - hour updated news portal",ratopati.com,existing_raw_gdelt,"(""Maitighar"" OR ""New Baneshwor"" OR ""Baneshwor"" OR ""Singha Durbar"") (Nepal OR Kathmandu)",excluded,not_relevant_after_nepal_anchor_and_trigger_filter
external_excluded_ddba6d84677e9a71,GDELT,gdelt_doc,ratopati.com,news_index,https://www.ratopati.com/story/503936/10-news-at-10,2025-07-30 17:45:00,Nepali,Nepal,"१० बजे १० समाचार : बागमतीमा बानियाँ इन् , नाउपामा रञ्जिता आउट | Nepal first 24 - hour updated news portal","१० बजे १० समाचार : बागमतीमा बानियाँ इन् , नाउपामा रञ्जिता आउट | Nepal first 24 - hour updated news portal",ratopati.com,existing_raw_gdelt,"(""Maitighar"" OR ""New Baneshwor"" OR ""Baneshwor"" OR ""Singha Durbar"") (Nepal OR Kathmandu)",excluded,not_relevant_after_nepal_anchor_and_trigger_filter
external_excluded_953fb285437e8a44,GDELT,gdelt_doc,onlinekhabar.com,news_index,https://www.onlinekhabar.com/2025/07/1733002/mayor-on-satyagraha-says-negotiation-committee-should-not-bargain,2025-07-30 12:45:00,Nepali,Nepal,सत्याग्रहमा बसेका मेयर भन्छन् - वार्ता समितिले बार्गेनिङ नगरोस्,सत्याग्रहमा बसेका मेयर भन्छन् - वार्ता समितिले बार्गेनिङ नगरोस्,onlinekhabar.com,existing_raw_gdelt,"(""Maitighar"" OR ""New Baneshwor"" OR ""Baneshwor"" OR ""Singha Durbar"") (Nepal OR Kathmandu)",excluded,not_relevant_after_nepal_anchor_and_trigger_filter
external_excluded_88d95811c7b76101,GDELT,gdelt_doc,avenues.tv,news_index,http://avenues.tv/news/detail/27777/,2025-07-30 08:30:00,Nepali,Nepal,मेयर भट्टराईले शुरु गरे आमरण अनसन Avenueskhabar,मेयर भट्टराईले शुरु गरे आमरण अनसन Avenueskhabar,avenues.tv,existing_raw_gdelt,"(""Maitighar"" OR ""New Baneshwor"" OR ""Baneshwor"" OR ""Singha Durbar"") (Nepal OR Kathmandu)",excluded,not_relevant_after_nepal_anchor_and_trigger_filter
external_excluded_594194ca66f0d74a,GDELT,gdelt_doc,onlinekhabar.com,news_index,https://www.onlinekhabar.com/2025/07/1732478/the-vip-saw-the-mayor-but-not-the-meter-badge-victim,2025-07-29 16:15:00,Nepali,Nepal,"भीआईपीले देखे मेयर , देखेनन् मिटरब्याज पीडित","भीआईपीले देखे मेयर , देखेनन् मिटरब्याज पीडित",onlinekhabar.com,existing_raw_gdelt,"(""Maitighar"" OR ""New Baneshwor"" OR ""Baneshwor"" OR ""Singha Durbar"") (Nepal OR Kathmandu)",excluded,not_relevant_after_nepal_anchor_and_trigger_filter
external_excluded_1d43f66632822722,GDELT,gdelt_doc,ekantipur.com,news_index,https://ekantipur.com/national/2025/07/29/25-falchas-are-being-built-in-kathmandu-metropolis-37-05.html,2025-07-29 05:15:00,Nepali,Nepal,काठमाडौं महानगरमा २५ फल्चा बन्दै,काठमाडौं महानगरमा २५ फल्चा बन्दै,ekantipur.com,existing_raw_gdelt,"(""Maitighar"" OR ""New Baneshwor"" OR ""Baneshwor"" OR ""Singha Durbar"") (Nepal OR Kathmandu)",excluded,not_relevant_after_nepal_anchor_and_trigger_filter
external_excluded_326d1e6e796db6ff,GDELT,gdelt_doc,ratopati.com,news_index,https://www.ratopati.com/story/503477/two-arrested-in-motorcycle-theft-case,2025-07-28 12:15:00,Nepali,Nepal,मोटरसाइकल चोरीमा संलग्न दुई जना ट्राफिक प्रहरीको नियन्त्रणमा | Nepal first 24 - hour updated news portal,मोटरसाइकल चोरीमा संलग्न दुई जना ट्राफिक प्रहरीको नियन्त्रणमा | Nepal first 24 - hour updated news portal,ratopati.com,existing_raw_gdelt,"(""Maitighar"" OR ""New Baneshwor"" OR ""Baneshwor"" OR ""Singha Durbar"") (Nepal OR Kathmandu)",excluded,not_relevant_after_nepal_anchor_and_trigger_filter
external_excluded_50b98439bdb010aa,GDELT,gdelt_doc,ratopati.com,news_index,https://www.ratopati.com/story/503409/after-five-years-there-should-not-be-a-situation-where-monkeys-blue-cows-and-wild-boars-vote-in-the-village,2025-07-28 08:45:00,Nepali,Nepal,"पाँच वर्षपछि गाउँमा बाँदर , नील गाई र बँदेलले मतदान गर्ने स्थिति नआओस् | Nepal first 24 - hour updated news portal","पाँच वर्षपछि गाउँमा बाँदर , नील गाई र बँदेलले मतदान गर्ने स्थिति नआओस् | Nepal first 24 - hour updated news portal",ratopati.com,existing_raw_gdelt,"(""Maitighar"" OR ""New Baneshwor"" OR ""Baneshwor"" OR ""Singha Durbar"") (Nepal OR Kathmandu)",excluded,not_relevant_after_nepal_anchor_and_trigger_filter
external_excluded_de69222f9fd38d37,GDELT,gdelt_doc,ekantipur.com,news_index,https://ekantipur.com/photo_feature/2025/07/28/bhattarai-the-mayor-of-satyagraha-says-after-5-years-there-should-not-be-a-situation-where-monkeys-nilgai-and-wild-boars-vote-in-the-village-17-27.html,2025-07-28 08:30:00,Nepali,Nepal,"सत्याग्रहमा बसेका नगरप्रमुख भट्टराई भन्छन् : ५ वर्षपछि गाउँमा बाँदर , नीलगाई र बँदेलले मतदान गर्ने स्थिति नआओस्","सत्याग्रहमा बसेका नगरप्रमुख भट्टराई भन्छन् : ५ वर्षपछि गाउँमा बाँदर , नीलगाई र बँदेलले मतदान गर्ने स्थिति नआओस्",ekantipur.com,existing_raw_gdelt,"(""Maitighar"" OR ""New Baneshwor"" OR ""Baneshwor"" OR ""Singha Durbar"") (Nepal OR Kathmandu)",excluded,not_relevant_after_nepal_anchor_and_trigger_filter
external_excluded_9f91a66c36e16867,GDELT,gdelt_doc,ratopati.com,news_index,https://www.ratopati.com/story/503142/mayor-bhattarai-shaves-his-head-and-begins-satyagraha-at-his-ancestral-home,2025-07-27 06:30:00,Nepali,Nepal,नगरप्रमुख भट्टराईले कपाल मुण्डन गरी माइतीघरमा सुरु गरे सत्याग्रह | Nepal first 24 - hour updated news portal,नगरप्रमुख भट्टराईले कपाल मुण्डन गरी माइतीघरमा सुरु गरे सत्याग्रह | Nepal first 24 - hour updated news portal,ratopati.com,existing_raw_gdelt,"(""Maitighar"" OR ""New Baneshwor"" OR ""Baneshwor"" OR ""Singha Durbar"") (Nepal OR Kathmandu)",excluded,not_relevant_after_nepal_anchor_and_trigger_filter
external_excluded_61983fc320a6e4c2,GDELT,gdelt_doc,ehimalayatimes.com,news_index,https://ehimalayatimes.com/2025/07/362063/,2025-07-27 04:45:00,Nepali,Nepal,स्वार्थ समूहको चलखेलले अन्योलमा विद्यालय शिक्षा विधेयक,स्वार्थ समूहको चलखेलले अन्योलमा विद्यालय शिक्षा विधेयक,ehimalayatimes.com,existing_raw_gdelt,"(""Maitighar"" OR ""New Baneshwor"" OR ""Baneshwor"" OR ""Singha Durbar"") (Nepal OR Kathmandu)",excluded,not_relevant_after_nepal_anchor_and_trigger_filter
external_excluded_45d2135aa72a12bb,GDELT,gdelt_doc,thehimalayantimes.com,news_index,https://thehimalayantimes.com/nepal/government-deploys-officials-to-study-and-address-water-crisis-in-madhes,2025-07-25 07:15:00,English,Nepal,Government deploys officials to study and address water crisis in Madhes,Government deploys officials to study and address water crisis in Madhes,thehimalayantimes.com,existing_raw_gdelt,"(""Maitighar"" OR ""New Baneshwor"" OR ""Baneshwor"" OR ""Singha Durbar"") (Nepal OR Kathmandu)",excluded,not_relevant_after_nepal_anchor_and_trigger_filter
external_excluded_06a8ca7178fd96da,GDELT,gdelt_doc,ratopati.com,news_index,https://www.ratopati.com/story/502531/former-soldier-arrested-for-allegedly-defrauding-people-by-promising-them-a-job-at-the-ministry-of-home-affairs,2025-07-23 16:00:00,Nepali,Nepal,गृह मन्त्रालयमा जागिर मिलाइदिन्छु भनेर ठगेको आरोपमा पूर्व सैनिक पक्राउ | Nepal first 24 - hour updated news portal,गृह मन्त्रालयमा जागिर मिलाइदिन्छु भनेर ठगेको आरोपमा पूर्व सैनिक पक्राउ | Nepal first 24 - hour updated news portal,ratopati.com,existing_raw_gdelt,"(""Maitighar"" OR ""New Baneshwor"" OR ""Baneshwor"" OR ""Singha Durbar"") (Nepal OR Kathmandu)",excluded,not_relevant_after_nepal_anchor_and_trigger_filter
external_excluded_32085a9378669e89,GDELT,gdelt_doc,annapurnapost.com,news_index,https://www.annapurnapost.com/story/482560/,2025-07-19 10:15:00,Nepali,Nepal,"विभेदको धरती , न्यायको आकाश","विभेदको धरती , न्यायको आकाश",annapurnapost.com,existing_raw_gdelt,"(""Maitighar"" OR ""New Baneshwor"" OR ""Baneshwor"" OR ""Singha Durbar"") (Nepal OR Kathmandu)",excluded,not_relevant_after_nepal_anchor_and_trigger_filter
external_excluded_7542b34755c517c2,GDELT,gdelt_doc,kashmirreader.com,news_index,https://kashmirreader.com/2025/09/09/nepal-bans-social-media-protesters-breach-parliament-premises-9-killed-army-deployed/,2025-09-08 23:30:00,English,Nepal,"Nepal Bans Social Media : Protesters breach parliament premises , 9 killed ; Army deployed","Nepal Bans Social Media : Protesters breach parliament premises , 9 killed ; Army deployed",kashmirreader.com,existing_raw_gdelt,"(""Hami Nepal"" OR ""WakeUpGenZ"" OR ""Wake Up Gen Z"" OR ""#GenZNepal"")",excluded,published_at_or_seen_at_is_at_or_after_2025-09-08T00:00:00
external_excluded_297028ca136056d4,GDELT,gdelt_doc,ummid.com,news_index,https://www.ummid.com/news/2025/september/08-09-2025/nepal-gen-z-protest-leaves-14-dead-un-body-calls-for-probe.html,2025-09-08 21:30:00,English,Nepal,"Nepal Gen Z protest leaves 14 dead , UN body calls for probe","Nepal Gen Z protest leaves 14 dead , UN body calls for probe",ummid.com,existing_raw_gdelt,"(""Hami Nepal"" OR ""WakeUpGenZ"" OR ""Wake Up Gen Z"" OR ""#GenZNepal"")",excluded,published_at_or_seen_at_is_at_or_after_2025-09-08T00:00:00
external_excluded_ddfa194ed62a9b7f,GDELT,gdelt_doc,newsx.com,news_index,https://www.newsx.com/world/breaking-nepal-revokes-social-media-ban-after-violent-protest-19-killed-home-minister-offers-resignation-62476/,2025-09-08 21:15:00,English,Nepal,"Breaking : Nepal Revokes Social Media Ban After Violent Protest , 19 Killed , Home Minister Offers Resignation","Breaking : Nepal Revokes Social Media Ban After Violent Protest , 19 Killed , Home Minister Offers Resignation",newsx.com,existing_raw_gdelt,"(""Hami Nepal"" OR ""WakeUpGenZ"" OR ""Wake Up Gen Z"" OR ""#GenZNepal"")",excluded,published_at_or_seen_at_is_at_or_after_2025-09-08T00:00:00
external_excluded_470a0af334542ad0,GDELT,gdelt_doc,thestatesman.com,news_index,https://www.thestatesman.com/world/nepal-crisis-home-minister-resigns-after-19-killed-in-gen-z-led-protests-over-corruption-social-media-ban-1503483241.html,2025-09-08 17:15:00,English,Nepal,"Nepal crisis : Home Minister resigns after 19 killed in Gen Z - led protests over corruption , social media ban","Nepal crisis : Home Minister resigns after 19 killed in Gen Z - led protests over corruption , social media ban",thestatesman.com,existing_raw_gdelt,"(""Hami Nepal"" OR ""WakeUpGenZ"" OR ""Wake Up Gen Z"" OR ""#GenZNepal"")",excluded,published_at_or_seen_at_is_at_or_after_2025-09-08T00:00:00
external_excluded_fe74fafd014e0484,GDELT,gdelt_doc,firstpost.com,news_index,https://www.firstpost.com/explainers/nepal-protests-social-media-ban-death-13931962.html,2025-09-08 17:00:00,English,Nepal,Nepal protests : What we know about NGO Hami Nepal behind the stir ? – Firstpost,Nepal protests : What we know about NGO Hami Nepal behind the stir ? – Firstpost,firstpost.com,existing_raw_gdelt,"(""Hami Nepal"" OR ""WakeUpGenZ"" OR ""Wake Up Gen Z"" OR ""#GenZNepal"")",excluded,published_at_or_seen_at_is_at_or_after_2025-09-08T00:00:00
external_excluded_e1f00665fa21debf,GDELT,gdelt_doc,ibtimes.co.uk,news_index,https://www.ibtimes.co.uk/gen-z-protest-nepal-whats-happening-why-does-govt-want-social-media-ban-1743415,2025-09-08 15:30:00,English,Nepal,Gen Z Protest in Nepal : What Happening and Why Does The Govt . Want a Social Media Ban ?,Gen Z Protest in Nepal : What Happening and Why Does The Govt . Want a Social Media Ban ?,ibtimes.co.uk,existing_raw_gdelt,"(""Hami Nepal"" OR ""WakeUpGenZ"" OR ""Wake Up Gen Z"" OR ""#GenZNepal"")",excluded,published_at_or_seen_at_is_at_or_after_2025-09-08T00:00:00
external_excluded_c3342c7f65bb8299,GDELT,gdelt_doc,aljazeera.com,news_index,https://www.aljazeera.com/news/2025/9/8/six-killed-in-nepal-amid-gen-z-protests-after-social-media-ban-all-to-know,2025-09-08 15:00:00,English,Nepal,"Nepal Gen Z protests amid social media ban , clashes kill 19 : All to know","Nepal Gen Z protests amid social media ban , clashes kill 19 : All to know",aljazeera.com,existing_raw_gdelt,"(""Hami Nepal"" OR ""WakeUpGenZ"" OR ""Wake Up Gen Z"" OR ""#GenZNepal"")",excluded,published_at_or_seen_at_is_at_or_after_2025-09-08T00:00:00
external_excluded_7a77831b12b3eccf,GDELT,gdelt_doc,timesofindia.indiatimes.com,news_index,https://timesofindia.indiatimes.com/india/on-close-watch-india-nepal-border-on-alert-as-protests-rage-in-kathmandu-ssb-tightens-vigilance/articleshow/123767686.cms,2025-09-08 15:00:00,English,Nepal,On close watch : India - Nepal border on alert as protests rage in Kathmandu ; SSB tightens vigilance | India News,On close watch : India - Nepal border on alert as protests rage in Kathmandu ; SSB tightens vigilance | India News,timesofindia.indiatimes.com,existing_raw_gdelt,"(""Hami Nepal"" OR ""WakeUpGenZ"" OR ""Wake Up Gen Z"" OR ""#GenZNepal"")",excluded,published_at_or_seen_at_is_at_or_after_2025-09-08T00:00:00
external_excluded_1bc6a0361dc0e7bd,GDELT,gdelt_doc,organiser.org,news_index,https://organiser.org/2025/09/08/314797/world/nepal-boils-in-violent-protest-gen-z-flood-to-streets-opposing-corruption-and-social-media-ban-16-protestors-dies/,2025-09-08 14:15:00,English,Nepal,Gen Z Protest in Nepal over Social Media Ban,Gen Z Protest in Nepal over Social Media Ban,organiser.org,existing_raw_gdelt,"(""Hami Nepal"" OR ""WakeUpGenZ"" OR ""Wake Up Gen Z"" OR ""#GenZNepal"")",excluded,published_at_or_seen_at_is_at_or_after_2025-09-08T00:00:00
external_excluded_28f54d0d53dbb479,GDELT,gdelt_doc,grenadachronicle.com,news_index,https://grenadachronicle.com/six-killed-in-nepal-amid-gen-z-protests-after-social-media-ban-all-to-know/,2025-09-08 13:30:00,English,Nepal,"Six killed in Nepal amid Gen Z protests after social media ban : All to know - Grenada Chronicle – Daily Grenada & Caribbean News , Culture & Business","Six killed in Nepal amid Gen Z protests after social media ban : All to know - Grenada Chronicle – Daily Grenada & Caribbean News , Culture & Business",grenadachronicle.com,existing_raw_gdelt,"(""Hami Nepal"" OR ""WakeUpGenZ"" OR ""Wake Up Gen Z"" OR ""#GenZNepal"")",excluded,published_at_or_seen_at_is_at_or_after_2025-09-08T00:00:00
external_excluded_b94b8607d06fc7bf,GDELT,gdelt_doc,thestatesman.com,news_index,https://www.thestatesman.com/world/massive-protests-in-nepal-over-social-media-ban-curfew-imposed-in-kathmandu-protestors-enter-parliament-premises-1503482975.html,2025-09-08 12:45:00,English,Nepal,14 dead in massive Nepal protests against social media ban ; PM Oli attends National Security Council meet in wake of demonstrations,14 dead in massive Nepal protests against social media ban ; PM Oli attends National Security Council meet in wake of demonstrations,thestatesman.com,existing_raw_gdelt,"(""Hami Nepal"" OR ""WakeUpGenZ"" OR ""Wake Up Gen Z"" OR ""#GenZNepal"")",excluded,published_at_or_seen_at_is_at_or_after_2025-09-08T00:00:00
external_excluded_d6714e7d7cab9bf7,GDELT,gdelt_doc,yahoo.com,news_index,https://www.yahoo.com/news/articles/six-killed-nepal-amid-gen-111451354.html,2025-09-08 11:45:00,English,Nepal,Six killed in Nepal amid Gen Z protests after social media ban : All to know,Six killed in Nepal amid Gen Z protests after social media ban : All to know,yahoo.com,existing_raw_gdelt,"(""Hami Nepal"" OR ""WakeUpGenZ"" OR ""Wake Up Gen Z"" OR ""#GenZNepal"")",excluded,published_at_or_seen_at_is_at_or_after_2025-09-08T00:00:00
external_excluded_7e0a001bc0936d3b,GDELT,gdelt_doc,bignewsnetwork.com,news_index,http://www.bignewsnetwork.com/news/278560390/nine-dead-curfew-imposed-in-parts-of-nepal-as-gen-z-protest-over-social-media-ban-turns-violent,2025-09-08 11:30:00,English,Nepal,"Nine dead , curfew imposed in parts of Nepal as Gen Z protest over social media ban turns violent","Nine dead , curfew imposed in parts of Nepal as Gen Z protest over social media ban turns violent",bignewsnetwork.com,existing_raw_gdelt,"(""Hami Nepal"" OR ""WakeUpGenZ"" OR ""Wake Up Gen Z"" OR ""#GenZNepal"")",excluded,published_at_or_seen_at_is_at_or_after_2025-09-08T00:00:00
external_excluded_f49cc0d93eb97857,GDELT,gdelt_doc,kathmandupost.com,news_index,https://kathmandupost.com/national/2025/09/08/few-injured-in-police-firing-during-new-baneshwar-protest,2025-09-08 10:00:00,English,Nepal,Few injured in police firing during New Baneshwar protest,Few injured in police firing during New Baneshwar protest,kathmandupost.com,existing_raw_gdelt,"(""Hami Nepal"" OR ""WakeUpGenZ"" OR ""Wake Up Gen Z"" OR ""#GenZNepal"")",excluded,published_at_or_seen_at_is_at_or_after_2025-09-08T00:00:00
external_excluded_7542b34755c517c2,GDELT,gdelt_doc,kashmirreader.com,news_index,https://kashmirreader.com/2025/09/09/nepal-bans-social-media-protesters-breach-parliament-premises-9-killed-army-deployed/,2025-09-08 23:30:00,English,Nepal,"Nepal Bans Social Media : Protesters breach parliament premises , 9 killed ; Army deployed","Nepal Bans Social Media : Protesters breach parliament premises , 9 killed ; Army deployed",kashmirreader.com,existing_raw_gdelt,"Nepal ""social media ban""",excluded,published_at_or_seen_at_is_at_or_after_2025-09-08T00:00:00
external_excluded_33920c141957f883,GDELT,gdelt_doc,india.com,news_index,https://www.india.com/news/india/social-media-restored-in-nepal-after-violent-protest-8062549/,2025-09-08 22:45:00,English,Nepal,Social media restored in Nepal after violent protest,Social media restored in Nepal after violent protest,india.com,existing_raw_gdelt,"Nepal ""social media ban""",excluded,published_at_or_seen_at_is_at_or_after_2025-09-08T00:00:00
external_excluded_a87cfb7ed4564c57,GDELT,gdelt_doc,india.com,news_index,https://www.india.com/news/india/nepal-social-media-ban-protest-how-many-people-use-facebook-instagram-youtube-x-in-nepal-numbers-will-shock-you-report-8061942/,2025-09-08 22:45:00,English,Nepal,"Nepal social media ban protest : How many people use Facebook , Instagram and X in Nepal ? Numbers will shock you","Nepal social media ban protest : How many people use Facebook , Instagram and X in Nepal ? Numbers will shock you",india.com,existing_raw_gdelt,"Nepal ""social media ban""",excluded,published_at_or_seen_at_is_at_or_after_2025-09-08T00:00:00
external_excluded_0c7eb4ff97b5591f,GDELT,gdelt_doc,article.wn.com,news_index,https://article.wn.com/view/2025/09/08/At_least_17_killed_in_Nepal_protest_over_corruption_social_m/,2025-09-08 22:30:00,English,Nepal,"At least 17 killed in Nepal protest over corruption , social media ban","At least 17 killed in Nepal protest over corruption , social media ban",article.wn.com,existing_raw_gdelt,"Nepal ""social media ban""",excluded,published_at_or_seen_at_is_at_or_after_2025-09-08T00:00:00
external_excluded_12cbda82cd0100fc,GDELT,gdelt_doc,gujaratsamachar.com,news_index,https://www.gujaratsamachar.com/news/international/nepal-gen-z-protest-china-angle-social-media-ban-army-deployed,2025-09-08 22:30:00,Gujarati,Nepal,નેપાળમાં શાળા - કોલેજમાં ભણતા યુવાનોએ કેમ કર્યો બળવો ? શું માત્ર સોશિયલ મીડિયા જ જવાબદાર ?,નેપાળમાં શાળા - કોલેજમાં ભણતા યુવાનોએ કેમ કર્યો બળવો ? શું માત્ર સોશિયલ મીડિયા જ જવાબદાર ?,gujaratsamachar.com,existing_raw_gdelt,"Nepal ""social media ban""",excluded,published_at_or_seen_at_is_at_or_after_2025-09-08T00:00:00
external_excluded_e2890aa0f55c7353,GDELT,gdelt_doc,sirajlive.com,news_index,https://www.sirajlive.com/nepal-protests-death-toll-rises-to-20-home-minister-resigns.html,2025-09-08 22:30:00,Malayalam,Nepal,നേപ്പാളിലെ ജെന്‍ സി പ്രക്ഷോഭം ; കൊല്ലപ്പെട്ടവരുടെ എണ്ണം 20 ആയി ; രാജി നല്‍കി ആഭ്യന്തര മന്ത്രി,നേപ്പാളിലെ ജെന്‍ സി പ്രക്ഷോഭം ; കൊല്ലപ്പെട്ടവരുടെ എണ്ണം 20 ആയി ; രാജി നല്‍കി ആഭ്യന്തര മന്ത്രി,sirajlive.com,existing_raw_gdelt,"Nepal ""social media ban""",excluded,published_at_or_seen_at_is_at_or_after_2025-09-08T00:00:00
external_excluded_8b9e2920894fbb6b,GDELT,gdelt_doc,nepalnational.com,news_index,http://www.nepalnational.com/news/278561134/nepal-home-minister-ramesh-lekhak-resigns-from-post-after-worst-violence-in-two-decades-which-claimed-19-lives,2025-09-08 22:15:00,English,Nepal,Nepal Home Minister Ramesh Lekhak resigns from post after worst violence in two decades which claimed 19 lives,Nepal Home Minister Ramesh Lekhak resigns from post after worst violence in two decades which claimed 19 lives,nepalnational.com,existing_raw_gdelt,"Nepal ""social media ban""",excluded,published_at_or_seen_at_is_at_or_after_2025-09-08T00:00:00
external_excluded_13981c47cf390147,GDELT,gdelt_doc,timesofmalta.com,news_index,https://timesofmalta.com/article/nepal-police-open-fire-killing-17-protesting-social-media-ban.1115890,2025-09-08 22:00:00,English,Nepal,"Nepal police open fire , killing 17 protesting corruption and social media ban","Nepal police open fire , killing 17 protesting corruption and social media ban",timesofmalta.com,existing_raw_gdelt,"Nepal ""social media ban""",excluded,published_at_or_seen_at_is_at_or_after_2025-09-08T00:00:00
external_excluded_a52612a9c276e1fe,GDELT,gdelt_doc,ashleycountyledger.com,news_index,https://www.ashleycountyledger.com/news/national/at-least-19-killed-in-nepal-protest-over-social-media-ban-corruption/article_86e82c42-a3a0-56b5-aaa5-29735e996ec3.html,2025-09-08 21:45:00,English,Nepal,"At least 19 killed in Nepal protest over social media ban , corruption","At least 19 killed in Nepal protest over social media ban , corruption",ashleycountyledger.com,existing_raw_gdelt,"Nepal ""social media ban""",excluded,published_at_or_seen_at_is_at_or_after_2025-09-08T00:00:00
external_excluded_7d9540949b9d9089,GDELT,gdelt_doc,hometownregister.com,news_index,https://www.hometownregister.com/news/national/at-least-19-killed-in-nepal-protest-over-social-media-ban-corruption/article_0cc59f27-fbc6-5931-b855-cc65aa6cff3e.html,2025-09-08 21:30:00,English,Nepal,"At least 19 killed in Nepal protest over social media ban , corruption","At least 19 killed in Nepal protest over social media ban , corruption",hometownregister.com,existing_raw_gdelt,"Nepal ""social media ban""",excluded,published_at_or_seen_at_is_at_or_after_2025-09-08T00:00:00
external_excluded_58cfcd509ec5363f,GDELT,gdelt_doc,indiablooms.com,news_index,https://www.indiablooms.com/world/19-dead-as-nepal-erupts-in-violence-over-gen-z-protests-against-corruption-social-media-ban/details,2025-09-08 21:30:00,English,Nepal,"19 dead as Nepal erupts in violence over Gen - Z protest against corruption , social media ban | Indiablooms","19 dead as Nepal erupts in violence over Gen - Z protest against corruption , social media ban | Indiablooms",indiablooms.com,existing_raw_gdelt,"Nepal ""social media ban""",excluded,published_at_or_seen_at_is_at_or_after_2025-09-08T00:00:00
external_excluded_a5165627995afe49,GDELT,gdelt_doc,nzherald.co.nz,news_index,https://www.nzherald.co.nz/world/nepal-protests-17-killed-as-police-clash-with-crowds-over-social-media-ban/3WWL5E6JZ5BHHEWYDTOJF73FNE/,2025-09-08 21:00:00,English,Nepal,Nepal protests : 17 killed as police clash with crowds over social media ban,Nepal protests : 17 killed as police clash with crowds over social media ban,nzherald.co.nz,existing_raw_gdelt,"Nepal ""social media ban""",excluded,published_at_or_seen_at_is_at_or_after_2025-09-08T00:00:00
external_excluded_54ea0f2eec588906,GDELT,gdelt_doc,wataugademocrat.com,news_index,https://www.wataugademocrat.com/news/national/at-least-19-killed-in-nepal-protest-over-social-media-ban-corruption/article_6b6e841a-4af9-5e0f-91bd-1b180e45eb15.html,2025-09-08 21:00:00,English,Nepal,"At least 19 killed in Nepal protest over social media ban , corruption","At least 19 killed in Nepal protest over social media ban , corruption",wataugademocrat.com,existing_raw_gdelt,"Nepal ""social media ban""",excluded,published_at_or_seen_at_is_at_or_after_2025-09-08T00:00:00
external_excluded_9985fd077d9183e6,GDELT,gdelt_doc,mykxlg.com,news_index,https://www.mykxlg.com/news/national/at-least-19-killed-in-nepal-protest-over-social-media-ban-corruption/article_f490d015-5759-5765-89b7-9692cc4c6aca.html,2025-09-08 20:45:00,English,Nepal,"At least 19 killed in Nepal protest over social media ban , corruption","At least 19 killed in Nepal protest over social media ban , corruption",mykxlg.com,existing_raw_gdelt,"Nepal ""social media ban""",excluded,published_at_or_seen_at_is_at_or_after_2025-09-08T00:00:00
external_excluded_db58623cf720dc97,GDELT,gdelt_doc,the-messenger.com,news_index,https://www.the-messenger.com/news/national/article_35563409-0056-5b33-95a8-b94fd206a3f8.html,2025-09-08 20:45:00,English,Nepal,"At least 19 killed in Nepal protest over social media ban , corruption","At least 19 killed in Nepal protest over social media ban , corruption",the-messenger.com,existing_raw_gdelt,"Nepal ""social media ban""",excluded,published_at_or_seen_at_is_at_or_after_2025-09-08T00:00:00
external_excluded_eb34108fa51c29e0,GDELT,gdelt_doc,dailynayadiganta.com,news_index,https://dailynayadiganta.com/international/asia/pPWiVbzdsHaB,2025-09-08 20:30:00,Bengali,Nepal,পদত্যাগ করলেন নেপালের স্বরাষ্ট্রমন্ত্রী,পদত্যাগ করলেন নেপালের স্বরাষ্ট্রমন্ত্রী,dailynayadiganta.com,existing_raw_gdelt,"Nepal ""social media ban""",excluded,published_at_or_seen_at_is_at_or_after_2025-09-08T00:00:00
external_excluded_0074983fb201c58a,GDELT,gdelt_doc,livemint.com,news_index,https://www.livemint.com/news/world/nepal-home-minister-ramesh-lekhak-resigns-after-19-killed-in-gen-z-protests-over-corruption-social-media-ban-11757342835513.html,2025-09-08 19:45:00,English,Nepal,"Nepal Home Minister Ramesh Lekhak resigns after 19 killed in Gen Z protests over corruption , social media ban","Nepal Home Minister Ramesh Lekhak resigns after 19 killed in Gen Z protests over corruption , social media ban",livemint.com,existing_raw_gdelt,"Nepal ""social media ban""",excluded,published_at_or_seen_at_is_at_or_after_2025-09-08T00:00:00
external_excluded_ade6ac84f836cb3c,GDELT,gdelt_doc,livemint.com,news_index,https://www.livemint.com/news/world/nepal-lifts-social-media-ban-after-deadly-youth-protests-facebook-x-and-whatsapp-restored-following-19-deaths-11757358567146.html,2025-09-08 19:45:00,English,Nepal,Nepal lifts social media ban after 19 killed and over 300 injured in youth protests,Nepal lifts social media ban after 19 killed and over 300 injured in youth protests,livemint.com,existing_raw_gdelt,"Nepal ""social media ban""",excluded,published_at_or_seen_at_is_at_or_after_2025-09-08T00:00:00
external_excluded_c637218ada94c0e5,GDELT,gdelt_doc,manilatimes.net,news_index,https://www.manilatimes.net/2025/09/09/world/asia-oceania/thousands-protest-in-nepal-over-social-media-ban-corruption/2180810,2025-09-08 19:45:00,English,Nepal,"Thousands protest in Nepal over social media ban , corruption","Thousands protest in Nepal over social media ban , corruption",manilatimes.net,existing_raw_gdelt,"Nepal ""social media ban""",excluded,published_at_or_seen_at_is_at_or_after_2025-09-08T00:00:00
external_excluded_6f8d603ec6e951ef,GDELT,gdelt_doc,channelstv.com,news_index,https://www.channelstv.com/2025/09/08/at-least-16-killed-in-nepal-protest-over-social-media-ban/,2025-09-08 19:30:00,English,Nepal,At Least 16 Killed In Nepal Protest Over Social Media Ban,At Least 16 Killed In Nepal Protest Over Social Media Ban,channelstv.com,existing_raw_gdelt,"Nepal ""social media ban""",excluded,published_at_or_seen_at_is_at_or_after_2025-09-08T00:00:00
external_excluded_824ea3ba0142561a,GDELT,gdelt_doc,aninews.in,news_index,https://aninews.in/news/world/asia/nepal-sees-deadliest-protests-in-20-years-19-killed-amid-social-media-ban-unrest20250908231728/,2025-09-08 19:30:00,English,Nepal,Nepal sees deadliest protests in nearly 20 years ; 19 killed amid social media ban unrest,Nepal sees deadliest protests in nearly 20 years ; 19 killed amid social media ban unrest,aninews.in,existing_raw_gdelt,"Nepal ""social media ban""",excluded,published_at_or_seen_at_is_at_or_after_2025-09-08T00:00:00
external_excluded_7804a76b31f2d60f,GDELT,gdelt_doc,news.webindia123.com,news_index,https://news.webindia123.com/news/Articles/World/20250908/4359014.html,2025-09-08 19:30:00,English,Nepal,Nepal sees deadliest protests in 20 years ; 19 killed amid social media ban unrest,Nepal sees deadliest protests in 20 years ; 19 killed amid social media ban unrest,news.webindia123.com,existing_raw_gdelt,"Nepal ""social media ban""",excluded,published_at_or_seen_at_is_at_or_after_2025-09-08T00:00:00
external_excluded_7bf7e5aa00ba8b17,GDELT,gdelt_doc,article.wn.com,news_index,https://article.wn.com/view/2025/09/08/At_least_17_killed_in_Nepal_protest_over_social_media_ban_co_f/,2025-09-08 19:30:00,English,Nepal,"At least 17 killed in Nepal protest over social media ban , corruption","At least 17 killed in Nepal protest over social media ban , corruption",article.wn.com,existing_raw_gdelt,"Nepal ""social media ban""",excluded,published_at_or_seen_at_is_at_or_after_2025-09-08T00:00:00
external_excluded_c801b19e39e2a133,GDELT,gdelt_doc,article.wn.com,news_index,https://article.wn.com/view/2025/09/08/Nepal_in_turmoil_Social_media_ban_sparks_Gen_Z_revolution/,2025-09-08 19:30:00,English,Nepal,Nepal in turmoil : Social media ban sparks Gen Z revolution,Nepal in turmoil : Social media ban sparks Gen Z revolution,article.wn.com,existing_raw_gdelt,"Nepal ""social media ban""",excluded,published_at_or_seen_at_is_at_or_after_2025-09-08T00:00:00
external_excluded_0af6e61fcdc3432e,GDELT,gdelt_doc,worthynews.com,news_index,https://www.worthynews.com/108533-nepals-social-media-ban-unrest-kills-14,2025-09-08 19:15:00,English,Nepal,Nepal Social Media Ban Unrest Kills 14 - Worthy Christian News,Nepal Social Media Ban Unrest Kills 14 - Worthy Christian News,worthynews.com,existing_raw_gdelt,"Nepal ""social media ban""",excluded,published_at_or_seen_at_is_at_or_after_2025-09-08T00:00:00
external_excluded_3ade165f7f59c3e3,GDELT,gdelt_doc,thehimalayantimes.com,news_index,https://thehimalayantimes.com/nepal/home-minister-ramesh-lekhak-resigns-after-deadly-gen-z-protests,2025-09-08 19:15:00,English,Nepal,Home Minister Ramesh Lekhak resigns after deadly Gen Z protests,Home Minister Ramesh Lekhak resigns after deadly Gen Z protests,thehimalayantimes.com,existing_raw_gdelt,"Nepal ""social media ban""",excluded,published_at_or_seen_at_is_at_or_after_2025-09-08T00:00:00
external_excluded_15edc20b95824407,GDELT,gdelt_doc,news18.com,news_index,https://www.news18.com/explainers/whats-behind-the-deadly-protests-in-nepal-its-more-than-just-a-social-media-ban-ws-l-9557218.html,2025-09-08 19:15:00,English,Nepal,What Behind The Deadly Protests In Nepal ? It More Than Just A Social Media Ban | Explainers News,What Behind The Deadly Protests In Nepal ? It More Than Just A Social Media Ban | Explainers News,news18.com,existing_raw_gdelt,"Nepal ""social media ban""",excluded,published_at_or_seen_at_is_at_or_after_2025-09-08T00:00:00
external_excluded_e3cd76eeb09e8041,GDELT,gdelt_doc,jamaicaobserver.com,news_index,https://www.jamaicaobserver.com/2025/09/08/least-16-killed-nepal-protest-social-media-ban/,2025-09-08 19:15:00,English,Nepal,At least 16 killed in Nepal protest over social media ban,At least 16 killed in Nepal protest over social media ban,jamaicaobserver.com,existing_raw_gdelt,"Nepal ""social media ban""",excluded,published_at_or_seen_at_is_at_or_after_2025-09-08T00:00:00
external_excluded_941629c1063e66f5,GDELT,gdelt_doc,dnaindia.com,news_index,https://www.dnaindia.com/world/report-breaking-pm-kp-oli-revokes-social-media-ban-in-nepal-after-19-killed-in-huge-protest-3179361,2025-09-08 19:00:00,English,Nepal,"Nepal Protests : PM KP Oli revokes social media ban in country as 19 killed , 347 injured","Nepal Protests : PM KP Oli revokes social media ban in country as 19 killed , 347 injured",dnaindia.com,existing_raw_gdelt,"Nepal ""social media ban""",excluded,published_at_or_seen_at_is_at_or_after_2025-09-08T00:00:00
external_excluded_e084b76cbbf4aba4,GDELT,gdelt_doc,economictimes.indiatimes.com,news_index,https://economictimes.indiatimes.com/news/international/world-news/violent-protests-in-nepal-19-killed/articleshow/123771659.cms,2025-09-08 18:45:00,English,Nepal,Violent protests in Nepal ; 19 killed,Violent protests in Nepal ; 19 killed,economictimes.indiatimes.com,existing_raw_gdelt,"Nepal ""social media ban""",excluded,published_at_or_seen_at_is_at_or_after_2025-09-08T00:00:00
external_excluded_312e55e3b1683724,GDELT,gdelt_doc,thepeninsulaqatar.com,news_index,http://thepeninsulaqatar.com/article/08/09/2025/at-least-17-killed-in-nepal-protest-over-social-media-ban-corruption,2025-09-08 18:45:00,English,Nepal,"At least 17 killed in Nepal protest over social media ban , corruption","At least 17 killed in Nepal protest over social media ban , corruption",thepeninsulaqatar.com,existing_raw_gdelt,"Nepal ""social media ban""",excluded,published_at_or_seen_at_is_at_or_after_2025-09-08T00:00:00
external_excluded_c46ae9e65df1995b,GDELT,gdelt_doc,theweek.in,news_index,https://www.theweek.in/news/world/2025/09/08/nepal-protest-home-minister-ramesh-lekhak-quits-as-death-toll-in-violent-gen-z-rebellion-rises-to-19.html,2025-09-08 18:30:00,English,Nepal,Nepal protest : Home Minister Ramesh Lekhak quits as death toll in violent Gen - Z rebellion rises to 19,Nepal protest : Home Minister Ramesh Lekhak quits as death toll in violent Gen - Z rebellion rises to 19,theweek.in,existing_raw_gdelt,"Nepal ""social media ban""",excluded,published_at_or_seen_at_is_at_or_after_2025-09-08T00:00:00
external_excluded_e4207d788781fd9c,GDELT,gdelt_doc,article.wn.com,news_index,https://article.wn.com/view/2025/09/08/Nepal_PM_Faces_Gen_Z_Wrath_19_Killed_in_Violent_Protests_Ove/,2025-09-08 18:15:00,English,Nepal,"Nepal PM Faces Gen Z Wrath , 19 Killed in Violent Protests Over Social Media , Army ...","Nepal PM Faces Gen Z Wrath , 19 Killed in Violent Protests Over Social Media , Army ...",article.wn.com,existing_raw_gdelt,"Nepal ""social media ban""",excluded,published_at_or_seen_at_is_at_or_after_2025-09-08T00:00:00
external_excluded_f3e48f71ed140ecb,GDELT,gdelt_doc,gujaratsamachar.com,news_index,https://www.gujaratsamachar.com/news/international/nepal-gen-z-revolution-youth-protests-social-media-ban-looks-like-bangladesh-sri-lanka,2025-09-08 18:15:00,Gujarati,Nepal,"પહેલા બાંગ્લાદેશ - શ્રીલંકા , હવે નેપાળ ? ભારતના પડોશી દેશોમાં કેમ ડગમગી રહ્યું છે સત્તાનું સિંહાસન","પહેલા બાંગ્લાદેશ - શ્રીલંકા , હવે નેપાળ ? ભારતના પડોશી દેશોમાં કેમ ડગમગી રહ્યું છે સત્તાનું સિંહાસન",gujaratsamachar.com,existing_raw_gdelt,"Nepal ""social media ban""",excluded,published_at_or_seen_at_is_at_or_after_2025-09-08T00:00:00
external_excluded_776236e78b4f10a2,GDELT,gdelt_doc,article.wn.com,news_index,https://article.wn.com/view/2025/09/08/20_dead_over_250_injured_in_Nepals_Gen_Z_protests_over_socia/,2025-09-08 18:15:00,English,Nepal,"20 dead , over 250 injured in Nepal Gen Z protests over social media ban","20 dead , over 250 injured in Nepal Gen Z protests over social media ban",article.wn.com,existing_raw_gdelt,"Nepal ""social media ban""",excluded,published_at_or_seen_at_is_at_or_after_2025-09-08T00:00:00
external_excluded_2ba3f795a2f672a3,GDELT,gdelt_doc,nepalnational.com,news_index,http://www.nepalnational.com/news/278560820/14-dead-as-protests-turn-violent-in-nepal-over-social-media-ban,2025-09-08 18:15:00,English,Nepal,14 dead as protests turn violent in Nepal over social media ban,14 dead as protests turn violent in Nepal over social media ban,nepalnational.com,existing_raw_gdelt,"Nepal ""social media ban""",excluded,published_at_or_seen_at_is_at_or_after_2025-09-08T00:00:00
external_excluded_fe092f50355d6cd3,GDELT,gdelt_doc,nepalnational.com,news_index,http://www.nepalnational.com/news/278560851/18-killed-200-injured-as-nepal-protests-against-social-media-ban-turn-violent,2025-09-08 18:15:00,English,Nepal,"18 killed , 200 injured as Nepal protests against social media ban turn violent","18 killed , 200 injured as Nepal protests against social media ban turn violent",nepalnational.com,existing_raw_gdelt,"Nepal ""social media ban""",excluded,published_at_or_seen_at_is_at_or_after_2025-09-08T00:00:00
external_excluded_b28653f2697feba9,GDELT,gdelt_doc,nepalnational.com,news_index,http://www.nepalnational.com/news/278560877/death-toll-rises-to-19-in-nepal-gen-z-protest-highest-since-2006-movement-to-overthrow-king-gyanendra,2025-09-08 18:15:00,English,Nepal,"Death toll rises to 19 in Nepal Gen Z protest , highest since 2006 movement to overthrow King Gyanendra","Death toll rises to 19 in Nepal Gen Z protest , highest since 2006 movement to overthrow King Gyanendra",nepalnational.com,existing_raw_gdelt,"Nepal ""social media ban""",excluded,published_at_or_seen_at_is_at_or_after_2025-09-08T00:00:00
external_excluded_366e5a1cc3d32373,GDELT,gdelt_doc,gujaratsamachar.com,news_index,https://www.gujaratsamachar.com/news/international/why-did-nepal-ban-social-media-including-facebook-instagram-and-youtube,2025-09-08 18:15:00,Gujarati,Nepal,"નેપાળે ફેસબુક , ઇન્સ્ટાગ્રામ અને યુ ટયૂબ સહિતના સોશિયલ મીડિયા પર કેમ પ્રતિબંધ મુકયો ?","નેપાળે ફેસબુક , ઇન્સ્ટાગ્રામ અને યુ ટયૂબ સહિતના સોશિયલ મીડિયા પર કેમ પ્રતિબંધ મુકયો ?",gujaratsamachar.com,existing_raw_gdelt,"Nepal ""social media ban""",excluded,published_at_or_seen_at_is_at_or_after_2025-09-08T00:00:00
external_excluded_5b20b20d687309bb,GDELT,gdelt_doc,thedailystar.net,news_index,https://www.thedailystar.net/news/world/news/un-urges-probe-after-protesters-killed-nepal-3981226,2025-09-08 17:45:00,English,Nepal,UN urges probe after protesters killed in Nepal,UN urges probe after protesters killed in Nepal,thedailystar.net,existing_raw_gdelt,"Nepal ""social media ban""",excluded,published_at_or_seen_at_is_at_or_after_2025-09-08T00:00:00
external_excluded_3b97204b2886aebd,GDELT,gdelt_doc,punchng.com,news_index,https://punchng.com/un-demands-probe-after-17-protesters-killed-in-nepal/,2025-09-08 17:45:00,English,Nepal,UN Demands Probe into 17 Deaths at Nepal Protests,UN Demands Probe into 17 Deaths at Nepal Protests,punchng.com,existing_raw_gdelt,"Nepal ""social media ban""",excluded,published_at_or_seen_at_is_at_or_after_2025-09-08T00:00:00
external_excluded_29e7e289dd11e335,GDELT,gdelt_doc,ibtimes.com.au,news_index,https://www.ibtimes.com.au/least-17-killed-nepal-protest-over-social-media-ban-corruption-1860419,2025-09-08 17:45:00,English,Nepal,"At Least 17 Killed In Nepal Protest Over Social Media Ban , Corruption","At Least 17 Killed In Nepal Protest Over Social Media Ban , Corruption",ibtimes.com.au,existing_raw_gdelt,"Nepal ""social media ban""",excluded,published_at_or_seen_at_is_at_or_after_2025-09-08T00:00:00
external_excluded_184242646b3c5e39,GDELT,gdelt_doc,hometownregister.com,news_index,https://www.hometownregister.com/news/national/at-least-17-killed-in-nepal-protest-over-social-media-ban-corruption/article_0cc59f27-fbc6-5931-b855-cc65aa6cff3e.html,2025-09-08 17:30:00,English,Nepal,"At least 17 killed in Nepal protest over social media ban , corruption","At least 17 killed in Nepal protest over social media ban , corruption",hometownregister.com,existing_raw_gdelt,"Nepal ""social media ban""",excluded,published_at_or_seen_at_is_at_or_after_2025-09-08T00:00:00
external_excluded_a5b3da4ee5cb170d,GDELT,gdelt_doc,madhyamam.com,news_index,https://www.madhyamam.com/world/nepal-gen-z-protests-home-minister-ramesh-lekhak-resigns-1445200,2025-09-08 17:30:00,Malayalam,Nepal,"ജെൻ സി പ്രക്ഷോഭം : നേപ്പാൾ ആഭ്യന്തര മന്ത്രി രാജിവെച്ചു , പ്രധാനമന്ത്രി ഒഴിയണമെന്ന് പ്രതിപക്ഷം | Nepal Gen Z protests : Home Minister Ramesh Lekhak resigns","ജെൻ സി പ്രക്ഷോഭം : നേപ്പാൾ ആഭ്യന്തര മന്ത്രി രാജിവെച്ചു , പ്രധാനമന്ത്രി ഒഴിയണമെന്ന് പ്രതിപക്ഷം | Nepal Gen Z protests : Home Minister Ramesh Lekhak resigns",madhyamam.com,existing_raw_gdelt,"Nepal ""social media ban""",excluded,published_at_or_seen_at_is_at_or_after_2025-09-08T00:00:00
external_excluded_0ba24e8f6b88d9a3,GDELT,gdelt_doc,dailyinqilab.com,news_index,https://dailyinqilab.com/international/news/805590,2025-09-08 17:30:00,Bengali,Nepal,তীব্র সমালোচনার মুখে নেপালের স্বরাষ্ট্রমন্ত্রী পদত্যাগ,তীব্র সমালোচনার মুখে নেপালের স্বরাষ্ট্রমন্ত্রী পদত্যাগ,dailyinqilab.com,existing_raw_gdelt,"Nepal ""social media ban""",excluded,published_at_or_seen_at_is_at_or_after_2025-09-08T00:00:00
external_excluded_15f922716971602d,GDELT,gdelt_doc,divyabhaskar.co.in,news_index,https://www.divyabhaskar.co.in/international/news/nepal-kathmandu-gen-z-protest-social-media-instagram-banned-facebook-youtube-135871734.html,2025-09-08 17:30:00,Gujarati,Nepal,"Nepal Kathmandu Gen Z Protest ; Social Media | Instagram Banned | Facebook YouTube | નેપાળમાં Gen - Z વિરોધ પ્રદર્શનો શા માટે શરૂ થયા ?: ફેસબુક , ઇન્સ્ટાગ્રામ , યુટ્યુબ સહિત 26 સોશિયલ પ્લેટફોર્મ પર પ્રતિબંધ ; રાજકારણીઓના બાળકોની વૈભવી જીવનશૈલી પર રોષ...","Nepal Kathmandu Gen Z Protest ; Social Media | Instagram Banned | Facebook YouTube | નેપાળમાં Gen - Z વિરોધ પ્રદર્શનો શા માટે શરૂ થયા ?: ફેસબુક , ઇન્સ્ટાગ્રામ , યુટ્યુબ સહિત 26 સોશિયલ પ્લેટફોર્મ પર પ્રતિબંધ ; રાજકારણીઓના બાળકોની વૈભવી જીવનશૈલી પર રોષ...",divyabhaskar.co.in,existing_raw_gdelt,"Nepal ""social media ban""",excluded,published_at_or_seen_at_is_at_or_after_2025-09-08T00:00:00
external_excluded_35d415f5d47bb66b,GDELT,gdelt_doc,newsx.com,news_index,https://www.newsx.com/world/18-killed-200-injured-as-nepal-protests-against-social-media-ban-turn-violent20250908185043-62172/,2025-09-08 17:15:00,English,Nepal,"18 killed , 200 injured as Nepal protests against social media ban turn violent","18 killed , 200 injured as Nepal protests against social media ban turn violent",newsx.com,existing_raw_gdelt,"Nepal ""social media ban""",excluded,published_at_or_seen_at_is_at_or_after_2025-09-08T00:00:00
external_excluded_951090badd825501,GDELT,gdelt_doc,arabnews.com,news_index,https://www.arabnews.com/node/2614575/world,2025-09-08 17:15:00,English,Nepal,"Nepal police open fire , killing 17 protesting social media ban","Nepal police open fire , killing 17 protesting social media ban",arabnews.com,existing_raw_gdelt,"Nepal ""social media ban""",excluded,published_at_or_seen_at_is_at_or_after_2025-09-08T00:00:00
external_excluded_3e1284110ea54e4f,GDELT,gdelt_doc,breitbart.com,news_index,https://www.breitbart.com/politics/2025/09/08/nepal-protests-against-social-media-ban-leave-19-dead-150-injured/,2025-09-08 17:15:00,English,Nepal,"Nepal Protests Against Social Media Ban Leave 19 Dead , 150 Injured","Nepal Protests Against Social Media Ban Leave 19 Dead , 150 Injured",breitbart.com,existing_raw_gdelt,"Nepal ""social media ban""",excluded,published_at_or_seen_at_is_at_or_after_2025-09-08T00:00:00
external_excluded_470a0af334542ad0,GDELT,gdelt_doc,thestatesman.com,news_index,https://www.thestatesman.com/world/nepal-crisis-home-minister-resigns-after-19-killed-in-gen-z-led-protests-over-corruption-social-media-ban-1503483241.html,2025-09-08 17:15:00,English,Nepal,"Nepal crisis : Home Minister resigns after 19 killed in Gen Z - led protests over corruption , social media ban","Nepal crisis : Home Minister resigns after 19 killed in Gen Z - led protests over corruption , social media ban",thestatesman.com,existing_raw_gdelt,"Nepal ""social media ban""",excluded,published_at_or_seen_at_is_at_or_after_2025-09-08T00:00:00
external_excluded_9cbc2227392d5d6d,GDELT,gdelt_doc,timesofindia.indiatimes.com,news_index,https://timesofindia.indiatimes.com/technology/social/after-nepal-turkey-temporarily-bans-youtube-x-instagram-and-whatsapp-heres-why/articleshow/123770108.cms,2025-09-08 17:15:00,English,Nepal,"After Nepal , Turkey temporarily bans ​​YouTube , X , Instagram and WhatsApp ; here why","After Nepal , Turkey temporarily bans ​​YouTube , X , Instagram and WhatsApp ; here why",timesofindia.indiatimes.com,existing_raw_gdelt,"Nepal ""social media ban""",excluded,published_at_or_seen_at_is_at_or_after_2025-09-08T00:00:00
external_excluded_e32471c33a19e1f9,GDELT,gdelt_doc,economictimes.indiatimes.com,news_index,https://economictimes.indiatimes.com/news/new-updates/nepal-protests-how-the-viral-nepo-kids-trend-targeting-politicians-children-exploded-from-social-media-onto-the-streets/articleshow/123769124.cms,2025-09-08 17:15:00,English,Nepal,Nepal Protests : What is viral nepo kid trend targeting politician children that erupted from social media onto the streets ?,Nepal Protests : What is viral nepo kid trend targeting politician children that erupted from social media onto the streets ?,economictimes.indiatimes.com,existing_raw_gdelt,"Nepal ""social media ban""",excluded,published_at_or_seen_at_is_at_or_after_2025-09-08T00:00:00
external_excluded_14afc84552171384,GDELT,gdelt_doc,newsx.com,news_index,https://www.newsx.com/world/nepal-home-minister-ramesh-lekhak-resigns-from-post-after-worst-violence-in-two-decades-which-claimed-19-lives20250908203033-62296/,2025-09-08 17:15:00,English,Nepal,Nepal Home Minister Ramesh Lekhak resigns from post after worst violence in two decades which claimed 19 lives,Nepal Home Minister Ramesh Lekhak resigns from post after worst violence in two decades which claimed 19 lives,newsx.com,existing_raw_gdelt,"Nepal ""social media ban""",excluded,published_at_or_seen_at_is_at_or_after_2025-09-08T00:00:00
external_excluded_7b024daa5384d910,GDELT,gdelt_doc,hngn.com,news_index,https://www.hngn.com/articles/267983/20250908/least-10-killed-nepal-protest-over-social-media-ban.htm,2025-09-08 17:00:00,English,Nepal,At Least 10 Killed In Nepal Protest Over Social Media Ban,At Least 10 Killed In Nepal Protest Over Social Media Ban,hngn.com,existing_raw_gdelt,"Nepal ""social media ban""",excluded,published_at_or_seen_at_is_at_or_after_2025-09-08T00:00:00
external_excluded_cc0e42c9e6b58c9c,GDELT,gdelt_doc,economictimes.indiatimes.com,news_index,https://economictimes.indiatimes.com/news/international/us/nepal-protests-gen-z-whats-happening-in-nepal-as-19-are-killed-in-widespread-gen-z-protests-and-why-are-they-protesting/articleshow/123769837.cms,2025-09-08 16:45:00,English,Nepal,Nepal protests Gen Z : Nepal protests Gen Z : What happening in Nepal as 19 are killed in widespread Gen Z protests – and why are they protesting ?,Nepal protests Gen Z : Nepal protests Gen Z : What happening in Nepal as 19 are killed in widespread Gen Z protests – and why are they protesting ?,economictimes.indiatimes.com,existing_raw_gdelt,"Nepal ""social media ban""",excluded,published_at_or_seen_at_is_at_or_after_2025-09-08T00:00:00
external_excluded_3e10392506588314,GDELT,gdelt_doc,freepressjournal.in,news_index,https://www.freepressjournal.in/world/nepal-home-minister-ramesh-lekhak-resigns-after-deadly-violence-claims-19-lives,2025-09-08 16:30:00,English,Nepal,Nepal Home Minister Ramesh Lekhak Resigns After Deadly Violence Claims 19 Lives,Nepal Home Minister Ramesh Lekhak Resigns After Deadly Violence Claims 19 Lives,freepressjournal.in,existing_raw_gdelt,"Nepal ""social media ban""",excluded,published_at_or_seen_at_is_at_or_after_2025-09-08T00:00:00
external_excluded_eb5235b0be0af09d,GDELT,gdelt_doc,dawnnews.tv,news_index,https://www.dawnnews.tv/news/1268754,2025-09-08 16:30:00,Urdu,Nepal,نیپال : سوشل میڈیا پر پابندی کیخلاف جنریشن زی کا احتجاج ، جھڑپوں میں 19 افراد ہلاک - World,نیپال : سوشل میڈیا پر پابندی کیخلاف جنریشن زی کا احتجاج ، جھڑپوں میں 19 افراد ہلاک - World,dawnnews.tv,existing_raw_gdelt,"Nepal ""social media ban""",excluded,published_at_or_seen_at_is_at_or_after_2025-09-08T00:00:00
external_excluded_5671e8d9dc897e18,GDELT,gdelt_doc,dawnnews.tv,news_index,https://www.dawnnews.tv/news/1268754/,2025-09-08 16:30:00,Urdu,Nepal,نیپال : سوشل میڈیا پر پابندی کیخلاف جنریشن زی کا احتجاج ، جھڑپوں میں 19 افراد ہلاک - World,نیپال : سوشل میڈیا پر پابندی کیخلاف جنریشن زی کا احتجاج ، جھڑپوں میں 19 افراد ہلاک - World,dawnnews.tv,existing_raw_gdelt,"Nepal ""social media ban""",excluded,published_at_or_seen_at_is_at_or_after_2025-09-08T00:00:00
external_excluded_41e5c78d6e4044d4,GDELT,gdelt_doc,euronews.com,news_index,https://www.euronews.com/next/2025/09/08/nepal-police-shoot-and-kill-some-17-people-protesting-a-social-media-ban,2025-09-08 16:30:00,English,Nepal,Nepal police shoot and kill some 17 people protesting a social media ban,Nepal police shoot and kill some 17 people protesting a social media ban,euronews.com,existing_raw_gdelt,"Nepal ""social media ban""",excluded,published_at_or_seen_at_is_at_or_after_2025-09-08T00:00:00
external_excluded_092b77f1bc770d55,GDELT,gdelt_doc,theindianawaaz.com,news_index,https://theindianawaaz.com/kathmandu-protest-turns-deadly-14-killed-over-100-2/,2025-09-08 16:30:00,Urdu,Nepal,نیپال : کٹھمنڈو میں سوشل میڈیا پابندی کے خلاف مظاہرے خونریز : 14 ہلاک ، 100 سے زائد زخمی ، – The Indian Awaaz,نیپال : کٹھمنڈو میں سوشل میڈیا پابندی کے خلاف مظاہرے خونریز : 14 ہلاک ، 100 سے زائد زخمی ، – The Indian Awaaz,theindianawaaz.com,existing_raw_gdelt,"Nepal ""social media ban""",excluded,published_at_or_seen_at_is_at_or_after_2025-09-08T00:00:00
external_excluded_5da8e57387a7dc83,GDELT,gdelt_doc,calcuttanews.net,news_index,http://www.calcuttanews.net/news/278560820/14-dead-as-protests-turn-violent-in-nepal-over-social-media-ban,2025-09-08 15:45:00,English,Nepal,14 dead as protests turn violent in Nepal over social media ban,14 dead as protests turn violent in Nepal over social media ban,calcuttanews.net,existing_raw_gdelt,"Nepal ""social media ban""",excluded,published_at_or_seen_at_is_at_or_after_2025-09-08T00:00:00
external_excluded_7b432b96fe52a264,GDELT,gdelt_doc,calcuttanews.net,news_index,http://www.calcuttanews.net/news/278560851/18-killed-200-injured-as-nepal-protests-against-social-media-ban-turn-violent,2025-09-08 15:45:00,English,Nepal,"18 killed , 200 injured as Nepal protests against social media ban turn violent","18 killed , 200 injured as Nepal protests against social media ban turn violent",calcuttanews.net,existing_raw_gdelt,"Nepal ""social media ban""",excluded,published_at_or_seen_at_is_at_or_after_2025-09-08T00:00:00
external_excluded_52f12958b2056fce,GDELT,gdelt_doc,news.webindia123.com,news_index,https://news.webindia123.com/news/Articles/World/20250908/4358965.html,2025-09-08 15:45:00,English,Nepal,Nepal Home Minister Ramesh Lekhak resigns from post after worst violence in two decades which claimed 19 lives,Nepal Home Minister Ramesh Lekhak resigns from post after worst violence in two decades which claimed 19 lives,news.webindia123.com,existing_raw_gdelt,"Nepal ""social media ban""",excluded,published_at_or_seen_at_is_at_or_after_2025-09-08T00:00:00
external_excluded_ade954ace4064d08,GDELT,gdelt_doc,dhakatribune.com,news_index,https://www.dhakatribune.com/world/south-asia/390965/police-at-east-10-dead-in-nepal-protest-over,2025-09-08 15:45:00,English,Nepal,16 dead in Nepal protest over social media ban,16 dead in Nepal protest over social media ban,dhakatribune.com,existing_raw_gdelt,"Nepal ""social media ban""",excluded,published_at_or_seen_at_is_at_or_after_2025-09-08T00:00:00
external_excluded_d2658501fe773a66,GDELT,gdelt_doc,calcuttanews.net,news_index,http://www.calcuttanews.net/news/278560877/death-toll-rises-to-19-in-nepal-gen-z-protest-highest-since-2006-movement-to-overthrow-king-gyanendra,2025-09-08 15:45:00,English,Nepal,"Death toll rises to 19 in Nepal Gen Z protest , highest since 2006 movement to overthrow King Gyanendra","Death toll rises to 19 in Nepal Gen Z protest , highest since 2006 movement to overthrow King Gyanendra",calcuttanews.net,existing_raw_gdelt,"Nepal ""social media ban""",excluded,published_at_or_seen_at_is_at_or_after_2025-09-08T00:00:00
external_excluded_572de2de1237f47b,GDELT,gdelt_doc,financialexpress.com,news_index,https://www.financialexpress.com/world-news/how-nepobaby-trend-gave-birth-to-nepal-protests-anger-is-beyond-social-media-crackdown/3970626/,2025-09-08 15:45:00,English,Nepal,How # Nepobaby trend gave birth to Nepal protests - anger is beyond social media crackdown - World News,How # Nepobaby trend gave birth to Nepal protests - anger is beyond social media crackdown - World News,financialexpress.com,existing_raw_gdelt,"Nepal ""social media ban""",excluded,published_at_or_seen_at_is_at_or_after_2025-09-08T00:00:00
external_excluded_d0b40c163e69ddb3,GDELT,gdelt_doc,upi.com,news_index,https://www.upi.com/Top_News/World-News/2025/09/08/kathmandu-13-dead-nepal-protests-social-media-ban/1771757340467/,2025-09-08 15:30:00,English,Nepal,13 dead in Nepal in protests against government social media ban,13 dead in Nepal in protests against government social media ban,upi.com,existing_raw_gdelt,"Nepal ""social media ban""",excluded,published_at_or_seen_at_is_at_or_after_2025-09-08T00:00:00
external_excluded_d32bf24ab0236ac4,GDELT,gdelt_doc,independent.co.uk,news_index,https://www.independent.co.uk/asia/south-asia/nepal-protests-curfew-social-media-ban-gen-z-latest-news-b2822192.html,2025-09-08 15:30:00,English,Nepal,At least 14 reportedly killed as Nepal Gen - Z protestors take to streets against social media ban,At least 14 reportedly killed as Nepal Gen - Z protestors take to streets against social media ban,independent.co.uk,existing_raw_gdelt,"Nepal ""social media ban""",excluded,published_at_or_seen_at_is_at_or_after_2025-09-08T00:00:00
external_excluded_09271c87524f1697,GDELT,gdelt_doc,bignewsnetwork.com,news_index,http://www.bignewsnetwork.com/news/278560877/death-toll-rises-to-19-in-nepal-gen-z-protest-highest-since-2006-movement-to-overthrow-king-gyanendra,2025-09-08 15:30:00,English,Nepal,"Death toll rises to 19 in Nepal Gen Z protest , highest since 2006 movement to overthrow King Gyanendra","Death toll rises to 19 in Nepal Gen Z protest , highest since 2006 movement to overthrow King Gyanendra",bignewsnetwork.com,existing_raw_gdelt,"Nepal ""social media ban""",excluded,published_at_or_seen_at_is_at_or_after_2025-09-08T00:00:00
external_excluded_8781f4ba8348277f,GDELT,gdelt_doc,bignewsnetwork.com,news_index,http://www.bignewsnetwork.com/news/278560851/18-killed-200-injured-as-nepal-protests-against-social-media-ban-turn-violent,2025-09-08 15:30:00,English,Nepal,"18 killed , 200 injured as Nepal protests against social media ban turn violent","18 killed , 200 injured as Nepal protests against social media ban turn violent",bignewsnetwork.com,existing_raw_gdelt,"Nepal ""social media ban""",excluded,published_at_or_seen_at_is_at_or_after_2025-09-08T00:00:00
external_excluded_96713d846310d4f4,GDELT,gdelt_doc,bangkokpost.com,news_index,https://www.bangkokpost.com/world/3100942/at-least-16-killed-in-nepal-protest-over-social-media-ban,2025-09-08 15:30:00,English,Nepal,Bangkok Post - At least 16 killed in Nepal protest over social media ban,Bangkok Post - At least 16 killed in Nepal protest over social media ban,bangkokpost.com,existing_raw_gdelt,"Nepal ""social media ban""",excluded,published_at_or_seen_at_is_at_or_after_2025-09-08T00:00:00
external_excluded_a42623690851ce22,GDELT,gdelt_doc,divyamarathi.bhaskar.com,news_index,https://divyamarathi.bhaskar.com/international/news/protesters-jump-over-the-wall-of-nepals-parliament-photos-135870716.html,2025-09-08 15:15:00,Marathi,Nepal,"Protesters Jump Over The Wall Of Nepal Parliament , PHOTOS | नेपाळी संसदेच्या भिंतीवरून मारली उडी , निदर्शनाचे फोटो : पोलिसांकडून पाण्याच्या तोफांचा वापर , गोळीबार , अश्रुधुराच्या नळकांड्या सोडल्या ; Gen - Z ला रोखू शकले नाहीत","Protesters Jump Over The Wall Of Nepal Parliament , PHOTOS | नेपाळी संसदेच्या भिंतीवरून मारली उडी , निदर्शनाचे फोटो : पोलिसांकडून पाण्याच्या तोफांचा वापर , गोळीबार , अश्रुधुराच्या नळकांड्या सोडल्या ; Gen - Z ला रोखू शकले नाहीत",divyamarathi.bhaskar.com,existing_raw_gdelt,"Nepal ""social media ban""",excluded,published_at_or_seen_at_is_at_or_after_2025-09-08T00:00:00
external_excluded_9535f64c644c3c22,GDELT,gdelt_doc,bbc.co.uk,news_index,https://www.bbc.co.uk/news/articles/c78nd2zy9jgo,2025-09-08 15:15:00,English,Nepal,Nepal : 19 dead in Gen Z protests at corruption and social media ban,Nepal : 19 dead in Gen Z protests at corruption and social media ban,bbc.co.uk,existing_raw_gdelt,"Nepal ""social media ban""",excluded,published_at_or_seen_at_is_at_or_after_2025-09-08T00:00:00
external_excluded_7ecf0da40e67576d,GDELT,gdelt_doc,news.webindia123.com,news_index,https://news.webindia123.com/news/Articles/World/20250908/4358939.html,2025-09-08 15:00:00,English,Nepal,"Death toll rises to 19 in Nepal Gen Z protest , highest since 2006 movement to overthrow King Gyanendra","Death toll rises to 19 in Nepal Gen Z protest , highest since 2006 movement to overthrow King Gyanendra",news.webindia123.com,existing_raw_gdelt,"Nepal ""social media ban""",excluded,published_at_or_seen_at_is_at_or_after_2025-09-08T00:00:00
external_excluded_5199b028c0c447f6,GDELT,gdelt_doc,woonsocketcall.com,news_index,https://www.woonsocketcall.com/news/national_and_world_news/ap-news-summary-at-10-29-a-m-edt/article_7dad4f6b-ad54-55b2-8957-0cb90c0cde49.html,2025-09-08 15:00:00,English,Nepal,AP News Summary at 10 : 29 a . m . EDT,AP News Summary at 10 : 29 a . m . EDT,woonsocketcall.com,existing_raw_gdelt,"Nepal ""social media ban""",excluded,published_at_or_seen_at_is_at_or_after_2025-09-08T00:00:00
external_excluded_fa45e3159b49b8b3,GDELT,gdelt_doc,dw.com,news_index,https://www.dw.com/tr/nepalde-sosyal-medya-yasa%C4%9F%C4%B1-protestolar%C4%B1na-polis-m%C3%BCdahalesi-onlarca-%C3%B6l%C3%BC/a-73920979,2025-09-08 15:00:00,Turkish,Nepal,Nepalde sosyal medya yasağı protestoları : Onlarca ölü – DW – 08 . 09 . 2025,Nepalde sosyal medya yasağı protestoları : Onlarca ölü – DW – 08 . 09 . 2025,dw.com,existing_raw_gdelt,"Nepal ""social media ban""",excluded,published_at_or_seen_at_is_at_or_after_2025-09-08T00:00:00
external_excluded_cc4f74b854f6b0fe,GDELT,gdelt_doc,aljazeera.com,news_index,https://www.aljazeera.com/news/2025/9/8/at-least-14-killed-in-nepal-protests-over-social-media-ban-corruption,2025-09-08 15:00:00,English,Nepal,"At least 19 killed in Nepal protests over social media ban , corruption","At least 19 killed in Nepal protests over social media ban , corruption",aljazeera.com,existing_raw_gdelt,"Nepal ""social media ban""",excluded,published_at_or_seen_at_is_at_or_after_2025-09-08T00:00:00
external_excluded_40147511cb5a5303,GDELT,gdelt_doc,haberler.com,news_index,http://www.haberler.com/3-sayfa/nepal-de-sosyal-medya-yasagina-karsi-buyuk-protesto-13-olu-19025700-haberi/,2025-09-08 15:00:00,Turkish,Nepal,Nepalde sosyal medya yasağı sokakları karıştırdı : 13 ölü,Nepalde sosyal medya yasağı sokakları karıştırdı : 13 ölü,haberler.com,existing_raw_gdelt,"Nepal ""social media ban""",excluded,published_at_or_seen_at_is_at_or_after_2025-09-08T00:00:00
external_excluded_6c2999a440cc7c39,GDELT,gdelt_doc,thehimalayantimes.com,news_index,https://thehimalayantimes.com/nepal/gen-z-protest-death-toll-rises-to-18-over-200-injured-nationwide,2025-09-08 15:00:00,English,Nepal,"Gen Z protest death toll rises to 18 , over 200 injured nationwide","Gen Z protest death toll rises to 18 , over 200 injured nationwide",thehimalayantimes.com,existing_raw_gdelt,"Nepal ""social media ban""",excluded,published_at_or_seen_at_is_at_or_after_2025-09-08T00:00:00
external_excluded_85f6158a2b69d60a,GDELT,gdelt_doc,freepressjournal.in,news_index,https://www.freepressjournal.in/world/nepal-gen-z-protest-lakhs-of-youths-hit-streets-against-entrenched-corruption-in-govt-know-charges-against-pm-oli,2025-09-08 15:00:00,English,Nepal,Nepal Gen - Z Protest : Lakhs Of Youths Hit Streets Against Entrenched Corruption In Govt ; Know Charges Against PM Oli,Nepal Gen - Z Protest : Lakhs Of Youths Hit Streets Against Entrenched Corruption In Govt ; Know Charges Against PM Oli,freepressjournal.in,existing_raw_gdelt,"Nepal ""social media ban""",excluded,published_at_or_seen_at_is_at_or_after_2025-09-08T00:00:00
external_excluded_f10899a95398729a,GDELT,gdelt_doc,bhaskar.com,news_index,https://www.bhaskar.com/international/news/nepal-kathmandu-gen-z-protest-instagram-banned-facebook-youtube-135870899.html,2025-09-08 14:45:00,Hindi,Nepal,"Nepal Kathmandu Gen Z Protest ; Instagram Banned | Facebook YouTube | नेपाल में Gen - Z प्रदर्शन क्यों शुरू हुआ : 26 सोशल मीडिया प्लेटफॉर्म बैन ; करप्शन , नेताओं के बच्चों की आलीशान जिंदगी से नाराजगी","Nepal Kathmandu Gen Z Protest ; Instagram Banned | Facebook YouTube | नेपाल में Gen - Z प्रदर्शन क्यों शुरू हुआ : 26 सोशल मीडिया प्लेटफॉर्म बैन ; करप्शन , नेताओं के बच्चों की आलीशान जिंदगी से नाराजगी",bhaskar.com,existing_raw_gdelt,"Nepal ""social media ban""",excluded,published_at_or_seen_at_is_at_or_after_2025-09-08T00:00:00
external_excluded_b5f712f0de8ff2ab,GDELT,gdelt_doc,nepalnational.com,news_index,http://www.nepalnational.com/news/278560493/police-are-firing-on-the-people-anti-corruption-protests-being-suppressed-says-kathmandu-protester,2025-09-08 14:30:00,English,Nepal,"Police are firing on the people , anti - corruption protests being suppressed , says Kathmandu protester","Police are firing on the people , anti - corruption protests being suppressed , says Kathmandu protester",nepalnational.com,existing_raw_gdelt,"Nepal ""social media ban""",excluded,published_at_or_seen_at_is_at_or_after_2025-09-08T00:00:00
external_excluded_80fa56532cd29c16,GDELT,gdelt_doc,orientaldaily.com.my,news_index,https://www.orientaldaily.com.my/news/international/2025/09/08/760227,2025-09-08 14:15:00,Chinese,Nepal,尼泊尔民众反对网络禁令 警方射催泪弹驱散示威者 | 国际,尼泊尔民众反对网络禁令 警方射催泪弹驱散示威者 | 国际,orientaldaily.com.my,existing_raw_gdelt,"Nepal ""social media ban""",excluded,published_at_or_seen_at_is_at_or_after_2025-09-08T00:00:00
external_excluded_dbdbd9fc8036612a,GDELT,gdelt_doc,marketscreener.com,news_index,https://www.marketscreener.com/news/why-is-nepal-s-gen-z-protesting-ce7d59dede8df22d,2025-09-08 14:15:00,English,Nepal,Why is Nepal Gen Z protesting ?,Why is Nepal Gen Z protesting ?,marketscreener.com,existing_raw_gdelt,"Nepal ""social media ban""",excluded,published_at_or_seen_at_is_at_or_after_2025-09-08T00:00:00
external_excluded_879c70983149aac0,GDELT,gdelt_doc,news.webindia123.com,news_index,https://news.webindia123.com/news/Articles/World/20250908/4358929.html,2025-09-08 14:15:00,English,Nepal,"18 killed , 200 injured as Nepal protests against social media ban turn violent","18 killed , 200 injured as Nepal protests against social media ban turn violent",news.webindia123.com,existing_raw_gdelt,"Nepal ""social media ban""",excluded,published_at_or_seen_at_is_at_or_after_2025-09-08T00:00:00
external_excluded_95eaa7362842eb73,GDELT,gdelt_doc,news.webindia123.com,news_index,https://news.webindia123.com/news/Articles/World/20250908/4358931.html,2025-09-08 14:15:00,English,Nepal,14 dead as protests turn violent in Nepal over social media ban,14 dead as protests turn violent in Nepal over social media ban,news.webindia123.com,existing_raw_gdelt,"Nepal ""social media ban""",excluded,published_at_or_seen_at_is_at_or_after_2025-09-08T00:00:00
external_excluded_562f5726fbbc2a8d,GDELT,gdelt_doc,bransontrilakesnews.com,news_index,https://www.bransontrilakesnews.com/news/national/article_cdee3292-501d-5fcd-8ba3-b697095ba409.html,2025-09-08 14:15:00,English,Nepal,At least 16 killed in Nepal protest over social media ban,At least 16 killed in Nepal protest over social media ban,bransontrilakesnews.com,existing_raw_gdelt,"Nepal ""social media ban""",excluded,published_at_or_seen_at_is_at_or_after_2025-09-08T00:00:00
external_excluded_1bc6a0361dc0e7bd,GDELT,gdelt_doc,organiser.org,news_index,https://organiser.org/2025/09/08/314797/world/nepal-boils-in-violent-protest-gen-z-flood-to-streets-opposing-corruption-and-social-media-ban-16-protestors-dies/,2025-09-08 14:15:00,English,Nepal,Gen Z Protest in Nepal over Social Media Ban,Gen Z Protest in Nepal over Social Media Ban,organiser.org,existing_raw_gdelt,"Nepal ""social media ban""",excluded,published_at_or_seen_at_is_at_or_after_2025-09-08T00:00:00
external_excluded_98a9c6cedba5f03a,GDELT,gdelt_doc,dogruhaber.com.tr,news_index,https://dogruhaber.com.tr/nepalin-baskentindeki-protestolarda-14-kisi-oldu,2025-09-08 14:15:00,Turkish,Nepal,Nepalin başkentindeki protestolarda 14 kişi öldü,Nepalin başkentindeki protestolarda 14 kişi öldü,dogruhaber.com.tr,existing_raw_gdelt,"Nepal ""social media ban""",excluded,published_at_or_seen_at_is_at_or_after_2025-09-08T00:00:00
external_excluded_fd51a7ca03fbeeca,GDELT,gdelt_doc,jagonews24.com,news_index,https://www.jagonews24.com/en/international/news/85434,2025-09-08 14:00:00,English,Nepal,19 killed in Gen Z protests across Nepal as police open fire,19 killed in Gen Z protests across Nepal as police open fire,jagonews24.com,existing_raw_gdelt,"Nepal ""social media ban""",excluded,published_at_or_seen_at_is_at_or_after_2025-09-08T00:00:00
external_excluded_f9257c0b77ee0d3b,GDELT,gdelt_doc,digitaljournal.com,news_index,https://www.digitaljournal.com/world/at-least-16-killed-in-nepal-protest-over-social-media-ban/article,2025-09-08 14:00:00,English,Nepal,At least 16 killed in Nepal protest over social media ban,At least 16 killed in Nepal protest over social media ban,digitaljournal.com,existing_raw_gdelt,"Nepal ""social media ban""",excluded,published_at_or_seen_at_is_at_or_after_2025-09-08T00:00:00
external_excluded_4698d2d109cd24d8,GDELT,gdelt_doc,haber3.com,news_index,https://www.haber3.com/foto-galeri/haber/sosyal-medya-yasagi-halki-sokaga-doktu-cok-sayida-olu-var-galeri-6236105,2025-09-08 14:00:00,Turkish,Nepal,Sosyal medya yasağı halkı sokağa döktü : Çok sayıda ölü var,Sosyal medya yasağı halkı sokağa döktü : Çok sayıda ölü var,haber3.com,existing_raw_gdelt,"Nepal ""social media ban""",excluded,published_at_or_seen_at_is_at_or_after_2025-09-08T00:00:00
external_excluded_02e3e384950a24d5,GDELT,gdelt_doc,timesofindia.indiatimes.com,news_index,https://timesofindia.indiatimes.com/world/south-asia/nepal-clashes-demonstrators-were-planning-to-hold-peaceful-protest-police-shot-friend-in-the-head/articleshow/123767141.cms,2025-09-08 14:00:00,English,Nepal,Nepal clashes : Demonstrators were planning to hold peaceful protest ; police shot friend in the head,Nepal clashes : Demonstrators were planning to hold peaceful protest ; police shot friend in the head,timesofindia.indiatimes.com,existing_raw_gdelt,"Nepal ""social media ban""",excluded,published_at_or_seen_at_is_at_or_after_2025-09-08T00:00:00
external_excluded_e599e9c79d7f8a6a,GDELT,gdelt_doc,nobat.com,news_index,https://www.nobat.com/news3467-nd-a0b1a0a4323133343036.html,2025-09-08 13:45:00,Gujarati,Nepal,નેપાળમાં સોશિયલ મીડિયા બંધ કરાતા મોટી સંખ્યામાં યુવાનો સંસદમાં ઘૂસી ગયા,નેપાળમાં સોશિયલ મીડિયા બંધ કરાતા મોટી સંખ્યામાં યુવાનો સંસદમાં ઘૂસી ગયા,nobat.com,existing_raw_gdelt,"Nepal ""social media ban""",excluded,published_at_or_seen_at_is_at_or_after_2025-09-08T00:00:00
external_excluded_efb4bf5cc37e7d93,GDELT,gdelt_doc,thetimes.com,news_index,https://www.thetimes.com/world/asia/article/nepal-protests-news-gen-z-social-media-tvn65rg6b,2025-09-08 13:30:00,English,Nepal,Nepal protests : 16 dead in Gen Z riots over social media ban,Nepal protests : 16 dead in Gen Z riots over social media ban,thetimes.com,existing_raw_gdelt,"Nepal ""social media ban""",excluded,published_at_or_seen_at_is_at_or_after_2025-09-08T00:00:00
external_excluded_ae5f7f2cefb1cb49,GDELT,gdelt_doc,indianexpress.com,news_index,https://indianexpress.com/article/world/nepal-gen-z-protest-what-triggered-the-deadly-protests-in-nepal-key-questions-answered-in-8-points-10237715/,2025-09-08 13:30:00,English,Nepal,What triggered the deadly protests in Nepal ? Key questions answered in 10 points,What triggered the deadly protests in Nepal ? Key questions answered in 10 points,indianexpress.com,existing_raw_gdelt,"Nepal ""social media ban""",excluded,published_at_or_seen_at_is_at_or_after_2025-09-08T00:00:00
external_excluded_bea748b55597992d,GDELT,gdelt_doc,dailyaaj.com.pk,news_index,https://dailyaaj.com.pk/news/133896,2025-09-08 13:15:00,Urdu,Nepal,نیپال میں سوشل میڈیا پر پابندی کیخلاف پرُتشدد مظاہرے ، 14 ہلاک ، 50 زخمی ، فوج تعینات,نیپال میں سوشل میڈیا پر پابندی کیخلاف پرُتشدد مظاہرے ، 14 ہلاک ، 50 زخمی ، فوج تعینات,dailyaaj.com.pk,existing_raw_gdelt,"Nepal ""social media ban""",excluded,published_at_or_seen_at_is_at_or_after_2025-09-08T00:00:00
external_excluded_1db85caf842ee5ee,GDELT,gdelt_doc,rrdailyherald.com,news_index,https://www.rrdailyherald.com/news/national/at-least-10-killed-in-nepal-protest-over-social-media-ban/article_a241a9e0-1791-55bd-9a3c-4f365705f14d.html,2025-09-08 12:45:00,English,Nepal,At least 10 killed in Nepal protest over social media ban,At least 10 killed in Nepal protest over social media ban,rrdailyherald.com,existing_raw_gdelt,"Nepal ""social media ban""",excluded,published_at_or_seen_at_is_at_or_after_2025-09-08T00:00:00
external_excluded_f0554720df23d617,GDELT,gdelt_doc,prabhatkhabar.com,news_index,https://www.prabhatkhabar.com/education/general-knowledge/countries-with-social-media-ban-and-strict-punishments,2025-09-08 12:45:00,Hindi,Nepal,Social Media Ban : सोशल मीडिया की आजादी यहां है सिर्फ एक सपना ! इन देशों में एक गलत पोस्ट के लिए मिल जाती है खौफनाक सजा,Social Media Ban : सोशल मीडिया की आजादी यहां है सिर्फ एक सपना ! इन देशों में एक गलत पोस्ट के लिए मिल जाती है खौफनाक सजा,prabhatkhabar.com,existing_raw_gdelt,"Nepal ""social media ban""",excluded,published_at_or_seen_at_is_at_or_after_2025-09-08T00:00:00
external_excluded_6ccdef377a58cb85,GDELT,gdelt_doc,article.wn.com,news_index,https://article.wn.com/view/2025/09/08/Nepal_protests_14_dead_curfew_in_Kathmandu_Pokhara_over_soci/,2025-09-08 12:45:00,English,Nepal,"Nepal protests : 14 dead , curfew in Kathmandu , Pokhara over social media ban","Nepal protests : 14 dead , curfew in Kathmandu , Pokhara over social media ban",article.wn.com,existing_raw_gdelt,"Nepal ""social media ban""",excluded,published_at_or_seen_at_is_at_or_after_2025-09-08T00:00:00
external_excluded_68579e8aedd62285,GDELT,gdelt_doc,newsx.com,news_index,https://www.newsx.com/world/two-gen-z-protesters-killed-as-police-stop-demonstrators-breaking-into-nepal-parliament-amid-social-media-ban20250908151719-61920/,2025-09-08 12:00:00,English,Nepal,Two Gen Z protesters killed as police stop demonstrators from breaking into Nepal Parliament amid social media ban,Two Gen Z protesters killed as police stop demonstrators from breaking into Nepal Parliament amid social media ban,newsx.com,existing_raw_gdelt,"Nepal ""social media ban""",excluded,published_at_or_seen_at_is_at_or_after_2025-09-08T00:00:00
external_excluded_346a18fd3bec16b9,GDELT,gdelt_doc,indiablooms.com,news_index,https://www.indiablooms.com/world/nepal-gen-zs-lead-protests-on-streets-against-social-media-ban-clash-with-police/details,2025-09-08 11:45:00,English,Nepal,"Nepal Gen - Zs lead protests on streets against social media ban , clash with police | Indiablooms - First Portal on Digital News Management","Nepal Gen - Zs lead protests on streets against social media ban , clash with police | Indiablooms - First Portal on Digital News Management",indiablooms.com,existing_raw_gdelt,"Nepal ""social media ban""",excluded,published_at_or_seen_at_is_at_or_after_2025-09-08T00:00:00
external_excluded_1102d07d3c15b746,GDELT,gdelt_doc,udayavani.com,news_index,https://udayavani.com/world-news/youth-take-to-the-streets-against-nepal-governments-ban-on-social-media-20250908T092145860Z,2025-09-08 11:30:00,English,Nepal,"Social Media ಬ್ಯಾನ್‌ ಮಾಡಿದ ನೇಪಾಳ ಸರ್ಕಾರದ ವಿರುದ್ಧ ರಸ್ತೆಗಿಳಿದ ಯುವ ಜನತೆ | Udayavani - Latest Kannada News , Udayavani Newspaper","Social Media ಬ್ಯಾನ್‌ ಮಾಡಿದ ನೇಪಾಳ ಸರ್ಕಾರದ ವಿರುದ್ಧ ರಸ್ತೆಗಿಳಿದ ಯುವ ಜನತೆ | Udayavani - Latest Kannada News , Udayavani Newspaper",udayavani.com,existing_raw_gdelt,"Nepal ""social media ban""",excluded,published_at_or_seen_at_is_at_or_after_2025-09-08T00:00:00
external_excluded_352c87085bf802d3,GDELT,gdelt_doc,news.webindia123.com,news_index,https://news.webindia123.com/news/Articles/World/20250908/4358802.html,2025-09-08 11:30:00,English,Nepal,Two Gen Z protesters killed as police stop demonstrators breaking into Nepal Parliament amid social media ban,Two Gen Z protesters killed as police stop demonstrators breaking into Nepal Parliament amid social media ban,news.webindia123.com,existing_raw_gdelt,"Nepal ""social media ban""",excluded,published_at_or_seen_at_is_at_or_after_2025-09-08T00:00:00
external_excluded_95d2b34d51fad9a8,GDELT,gdelt_doc,moneycontrol.com,news_index,https://www.moneycontrol.com/world/nepal-social-media-ban-protest-news-live-updates-liveblog-13529684.html,2025-09-08 11:30:00,English,Nepal,"Nepal News Live : Death toll climbs to 14 as unrest over social media ban reaches Pokhara , Bharatpur , injured flood emergency wards in Kathmandu","Nepal News Live : Death toll climbs to 14 as unrest over social media ban reaches Pokhara , Bharatpur , injured flood emergency wards in Kathmandu",moneycontrol.com,existing_raw_gdelt,"Nepal ""social media ban""",excluded,published_at_or_seen_at_is_at_or_after_2025-09-08T00:00:00
external_excluded_e769d8ecd79c9635,GDELT,gdelt_doc,yahoo.com,news_index,https://www.yahoo.com/news/articles/least-10-dead-youth-protests-104654646.html,2025-09-08 11:30:00,English,Nepal,At least 13 dead after protests against Nepal social media ban,At least 13 dead after protests against Nepal social media ban,yahoo.com,existing_raw_gdelt,"Nepal ""social media ban""",excluded,published_at_or_seen_at_is_at_or_after_2025-09-08T00:00:00
external_excluded_c9788f3217d71581,GDELT,gdelt_doc,calcuttanews.net,news_index,http://www.calcuttanews.net/news/278560337/two-gen-z-protesters-killed-as-police-stop-demonstrators-breaking-into-nepal-parliament-amidst-social-media-ban,2025-09-08 11:15:00,English,Nepal,Two Gen Z protesters killed as police stop demonstrators breaking into Nepal Parliament amidst social media ban,Two Gen Z protesters killed as police stop demonstrators breaking into Nepal Parliament amidst social media ban,calcuttanews.net,existing_raw_gdelt,"Nepal ""social media ban""",excluded,published_at_or_seen_at_is_at_or_after_2025-09-08T00:00:00
external_excluded_5a1b959424a81227,GDELT,gdelt_doc,firstpost.com,news_index,https://www.firstpost.com/world/nepal-1-killed-several-injured-in-kathmandu-as-massive-youth-protest-erupts-over-social-media-ban-13931842.html,2025-09-08 10:30:00,English,Nepal,"Nepal : 9 killed , many injured in Kathmandu as Gen - Z protest turns bloody over social media ban","Nepal : 9 killed , many injured in Kathmandu as Gen - Z protest turns bloody over social media ban",firstpost.com,existing_raw_gdelt,"Nepal ""social media ban""",excluded,published_at_or_seen_at_is_at_or_after_2025-09-08T00:00:00
external_excluded_dc0e1096708ac5c7,GDELT,gdelt_doc,moneycontrol.com,news_index,https://www.moneycontrol.com/world/nepal-s-gen-z-revolution-how-a-social-media-shutdown-sparked-a-nationwide-youth-protest-explained-article-13529240.html,2025-09-08 10:00:00,English,Nepal,Nepal Gen Z revolution : How a social media shutdown sparked a nationwide youth protest,Nepal Gen Z revolution : How a social media shutdown sparked a nationwide youth protest,moneycontrol.com,existing_raw_gdelt,"Nepal ""social media ban""",excluded,published_at_or_seen_at_is_at_or_after_2025-09-08T00:00:00
external_excluded_888560b8ec4a81c0,GDELT,gdelt_doc,thehimalayantimes.com,news_index,https://thehimalayantimes.com/kathmandu/second-gen-z-protester-dies-in-kathmandu-amid-escalating-clashes,2025-09-08 10:00:00,English,Nepal,Second Gen Z protester dies in Kathmandu amid escalating clashes,Second Gen Z protester dies in Kathmandu amid escalating clashes,thehimalayantimes.com,existing_raw_gdelt,"Nepal ""social media ban""",excluded,published_at_or_seen_at_is_at_or_after_2025-09-08T00:00:00
external_excluded_10b64aed5a9d8f07,GDELT,gdelt_doc,news.webindia123.com,news_index,https://news.webindia123.com/news/Articles/World/20250908/4358778.html,2025-09-08 10:00:00,English,Nepal,"Nepal : One killed , dozens injured in Gen Z protest as police use teargas , rubber bullets to disperse demonstrators","Nepal : One killed , dozens injured in Gen Z protest as police use teargas , rubber bullets to disperse demonstrators",news.webindia123.com,existing_raw_gdelt,"Nepal ""social media ban""",excluded,published_at_or_seen_at_is_at_or_after_2025-09-08T00:00:00
external_excluded_38aa4241e967f483,GDELT,gdelt_doc,livemint.com,news_index,https://www.livemint.com/news/world/nepal-protest-today-live-updates-gen-z-protest-against-pm-oli-after-ban-on-facebook-instagram-x-11757320723118.html,2025-09-08 10:00:00,English,Nepal,"Nepal protest today live updates : 9 dead , 42 injured as police fire rubber bullets at GenZ protesters","Nepal protest today live updates : 9 dead , 42 injured as police fire rubber bullets at GenZ protesters",livemint.com,existing_raw_gdelt,"Nepal ""social media ban""",excluded,published_at_or_seen_at_is_at_or_after_2025-09-08T00:00:00
external_excluded_6d8b106c9797bc98,GDELT,gdelt_doc,thehimalayantimes.com,news_index,https://thehimalayantimes.com/school-times/curfew-extended-across-key-areas-of-kathmandu-following-escalation-of-gen-z-protests,2025-09-08 10:00:00,English,Nepal,Curfew extended across key areas of Kathmandu following escalation of Gen Z protests,Curfew extended across key areas of Kathmandu following escalation of Gen Z protests,thehimalayantimes.com,existing_raw_gdelt,"Nepal ""social media ban""",excluded,published_at_or_seen_at_is_at_or_after_2025-09-08T00:00:00
external_excluded_623ed01e5259bc35,GDELT,gdelt_doc,divyabhaskar.co.in,news_index,https://www.divyabhaskar.co.in/international/news/gen-z-enters-nepals-parliament-violent-protests-135868865.html,2025-09-08 09:45:00,Gujarati,Nepal,"Nepal Corruption ; Kathmandu Protest Situation Photos Video Update | નેપાળની સંસદમાં Gen - Z ઘૂસી ગયા , ઉગ્ર પ્રદર્શન : સોશિયલ મીડિયા પ્રતિબંધ સામે આંદોલન હિંસક બન્યું , પોલીસના અનેક રાઉન્ડ ગોળીબારમાં એકનું મોત","Nepal Corruption ; Kathmandu Protest Situation Photos Video Update | નેપાળની સંસદમાં Gen - Z ઘૂસી ગયા , ઉગ્ર પ્રદર્શન : સોશિયલ મીડિયા પ્રતિબંધ સામે આંદોલન હિંસક બન્યું , પોલીસના અનેક રાઉન્ડ ગોળીબારમાં એકનું મોત",divyabhaskar.co.in,existing_raw_gdelt,"Nepal ""social media ban""",excluded,published_at_or_seen_at_is_at_or_after_2025-09-08T00:00:00
external_excluded_83557ed7e472678e,GDELT,gdelt_doc,aninews.in,news_index,https://aninews.in/news/world/asia/nepal-one-killed-dozens-injured-in-gen-z-protest-as-police-use-teargas-rubber-bullets-to-disperse-demonstrators20250908143512/,2025-09-08 09:45:00,English,Nepal,"Nepal : One killed , dozens injured in Gen Z protest as police use teargas , rubber bullets to disperse demonstrators","Nepal : One killed , dozens injured in Gen Z protest as police use teargas , rubber bullets to disperse demonstrators",aninews.in,existing_raw_gdelt,"Nepal ""social media ban""",excluded,published_at_or_seen_at_is_at_or_after_2025-09-08T00:00:00
external_excluded_f7e824e6a9231fe0,GDELT,gdelt_doc,news18.com,news_index,https://www.news18.com/world/nepal-social-media-ban-gen-z-protests-demonstrations-kathmandu-9557000.html,2025-09-08 09:45:00,English,Nepal,"Violence Erupts At Massive Gen Z Protests Against Nepal Social Media Ban , 1 Killed","Violence Erupts At Massive Gen Z Protests Against Nepal Social Media Ban , 1 Killed",news18.com,existing_raw_gdelt,"Nepal ""social media ban""",excluded,published_at_or_seen_at_is_at_or_after_2025-09-08T00:00:00
external_excluded_ab756fe003ec0f63,GDELT,gdelt_doc,freepressjournal.in,news_index,https://www.freepressjournal.in/world/nepal-on-boil-several-injured-as-youngsters-protest-against-social-media-ban,2025-09-08 09:45:00,English,Nepal,"Nepal On Boil : 1 Killed , Several Injured in Gen Z Protest Against Social Media Ban","Nepal On Boil : 1 Killed , Several Injured in Gen Z Protest Against Social Media Ban",freepressjournal.in,existing_raw_gdelt,"Nepal ""social media ban""",excluded,published_at_or_seen_at_is_at_or_after_2025-09-08T00:00:00
external_excluded_64ecf85600f8fd77,GDELT,gdelt_doc,news18.com,news_index,https://www.news18.com/world/caught-on-camera-genz-floods-kathmandu-streets-after-nepal-bans-fb-instagram-x-9557188.html,2025-09-08 09:45:00,English,Nepal,"Caught On Camera : GenZ Floods Kathmandu Streets After Nepal Bans FB , Instagram , X","Caught On Camera : GenZ Floods Kathmandu Streets After Nepal Bans FB , Instagram , X",news18.com,existing_raw_gdelt,"Nepal ""social media ban""",excluded,published_at_or_seen_at_is_at_or_after_2025-09-08T00:00:00
external_excluded_ef4156c0813437a2,GDELT,gdelt_doc,indiatoday.in,news_index,https://www.indiatoday.in/world/story/gen-z-protests-nepal-kp-sharma-oli-corruption-social-media-restrictions-2783683-2025-09-08,2025-09-08 08:45:00,English,Nepal,Gen Z protests in Nepal against KP Sharma Oli government corruption and social media restrictions,Gen Z protests in Nepal against KP Sharma Oli government corruption and social media restrictions,indiatoday.in,existing_raw_gdelt,"Nepal ""social media ban""",excluded,published_at_or_seen_at_is_at_or_after_2025-09-08T00:00:00
external_excluded_97e19ddda9d5e225,GDELT,gdelt_doc,bssnews.net,news_index,https://www.bssnews.net/international/309656,2025-09-08 08:45:00,English,Nepal,"Thousands protest in Nepal over social media ban , corruption","Thousands protest in Nepal over social media ban , corruption",bssnews.net,existing_raw_gdelt,"Nepal ""social media ban""",excluded,published_at_or_seen_at_is_at_or_after_2025-09-08T00:00:00
external_excluded_7e679e46e520b687,GDELT,gdelt_doc,thehimalayantimes.com,news_index,https://thehimalayantimes.com/nepal/one-killed-another-injured-as-gen-z-protests-escalate-in-kathmandu-jhapa,2025-09-08 08:45:00,English,Nepal,"One killed , dozens injured as Gen Z protests escalate in Kathmandu , Jhapa","One killed , dozens injured as Gen Z protests escalate in Kathmandu , Jhapa",thehimalayantimes.com,existing_raw_gdelt,"Nepal ""social media ban""",excluded,published_at_or_seen_at_is_at_or_after_2025-09-08T00:00:00
external_excluded_c81bd3c450f8138b,GDELT,gdelt_doc,english.mathrubhumi.com,news_index,https://english.mathrubhumi.com/news/world/protests-erupt-in-nepal-kathmandu-thousands-gen-z-demonstrators-storm-restricted-areas-tdx4nk3j,2025-09-08 08:45:00,English,Nepal,"Thousands of Nepali youth protest social media ban , corruption in Kathmandu ; curfew imposed","Thousands of Nepali youth protest social media ban , corruption in Kathmandu ; curfew imposed",english.mathrubhumi.com,existing_raw_gdelt,"Nepal ""social media ban""",excluded,published_at_or_seen_at_is_at_or_after_2025-09-08T00:00:00
external_excluded_88f221ff536ee1bf,GDELT,gdelt_doc,gujaratsamachar.com,news_index,https://www.gujaratsamachar.com/news/national/nepal-gen-z-protest-curfew-imposed-kathmandu-protesters-enter-parliament,2025-09-08 08:45:00,Gujarati,Nepal,"BIG NEWS | નેપાળમાં સોશિયલ મીડિયા બંધ કરાતાં યુવાનો સંસદમાં ઘૂસ્યા , કાઠમંડુમાં કરફ્યુ","BIG NEWS | નેપાળમાં સોશિયલ મીડિયા બંધ કરાતાં યુવાનો સંસદમાં ઘૂસ્યા , કાઠમંડુમાં કરફ્યુ",gujaratsamachar.com,existing_raw_gdelt,"Nepal ""social media ban""",excluded,published_at_or_seen_at_is_at_or_after_2025-09-08T00:00:00
external_excluded_99fe117ad575e2fc,GDELT,gdelt_doc,economictimes.indiatimes.com,news_index,https://economictimes.indiatimes.com/news/international/world-news/thousands-protest-in-nepal-over-social-media-ban-corruption/articleshow/123761327.cms,2025-09-08 08:45:00,English,Nepal,"Thousands protest in Nepal over social media ban , corruption","Thousands protest in Nepal over social media ban , corruption",economictimes.indiatimes.com,existing_raw_gdelt,"Nepal ""social media ban""",excluded,published_at_or_seen_at_is_at_or_after_2025-09-08T00:00:00
external_excluded_1823d7aae181c355,GDELT,gdelt_doc,timesnownews.com,news_index,https://www.timesnownews.com/world/asia/nepal-social-media-ban-sparks-massive-protests-curfew-imposed-near-parliament-article-152703074,2025-09-08 08:45:00,English,Nepal,"Nepal : Thousands March In Protest Over Social Media Ban , Curfew Imposed Near Parliament","Nepal : Thousands March In Protest Over Social Media Ban , Curfew Imposed Near Parliament",timesnownews.com,existing_raw_gdelt,"Nepal ""social media ban""",excluded,published_at_or_seen_at_is_at_or_after_2025-09-08T00:00:00
external_excluded_9ca643eee0398abd,GDELT,gdelt_doc,kathmandupost.com,news_index,https://kathmandupost.com/editorial/2025/09/07/shutting-apps-unleashing-anger,2025-09-08 04:30:00,English,Nepal,"Shutting apps , unleashing anger","Shutting apps , unleashing anger",kathmandupost.com,existing_raw_gdelt,"Nepal ""social media ban""",excluded,published_at_or_seen_at_is_at_or_after_2025-09-08T00:00:00
gdelt_86d7f2d8a6859634,GDELT,gdelt_doc,timesofoman.com,news_index,https://timesofoman.com/article/162459-journalists-in-nepal-take-to-streets-against-social-media-ban-call-for-nationwide-protest,2025-09-07 14:30:00,English,Nepal,"Journalists in Nepal take to streets against social media ban , call for nationwide protest","Journalists in Nepal take to streets against social media ban , call for nationwide protest",timesofoman.com,existing_raw_gdelt,"Nepal ""social media ban""",included,
gdelt_52d5a4a3e7c3c067,GDELT,gdelt_doc,newsx.com,news_index,https://www.newsx.com/world/journalists-in-nepal-take-to-streets-against-social-media-ban-call-for-nationwide-protest20250907174606-60816/,2025-09-07 14:30:00,English,Nepal,"Journalists in Nepal take to streets against social media ban , call for nationwide protest","Journalists in Nepal take to streets against social media ban , call for nationwide protest",newsx.com,existing_raw_gdelt,"Nepal ""social media ban""",included,
gdelt_484f8791facc4e6a,GDELT,gdelt_doc,aninews.in,news_index,https://aninews.in/news/world/asia/journalists-in-nepal-take-to-streets-against-social-media-ban-call-for-nationwide-protest20250907174606/,2025-09-07 14:15:00,English,Nepal,"Journalists in Nepal take to streets against social media ban , call for nationwide protest","Journalists in Nepal take to streets against social media ban , call for nationwide protest",aninews.in,existing_raw_gdelt,"Nepal ""social media ban""",included,
gdelt_b29817c087f034eb,GDELT,gdelt_doc,calcuttanews.net,news_index,http://www.calcuttanews.net/news/278558657/journalists-in-nepal-take-to-streets-against-social-media-ban-call-for-nationwide-protest,2025-09-07 13:45:00,English,Nepal,"Journalists in Nepal take to streets against social media ban , call for nationwide protest","Journalists in Nepal take to streets against social media ban , call for nationwide protest",calcuttanews.net,existing_raw_gdelt,"Nepal ""social media ban""",included,
external_excluded_90d6974b04bfad31,GDELT,gdelt_doc,prahaar.in,news_index,https://prahaar.in/2025/09/05/nepal-bans-26-social-media-platforms-including-facebook-and-youtube/,2025-09-05 16:45:00,Marathi,Nepal,नेपाळमध्ये फेसबुक आणि यूट्यूबसह २६ सोशल मीडिया प्लॅटफॉर्मवर बंदी,नेपाळमध्ये फेसबुक आणि यूट्यूबसह २६ सोशल मीडिया प्लॅटफॉर्मवर बंदी,prahaar.in,existing_raw_gdelt,"Nepal ""social media ban""",excluded,not_relevant_after_nepal_anchor_and_trigger_filter
gdelt_2884e1fd52b40778,GDELT,gdelt_doc,nepalitimes.com,news_index,https://nepalitimes.com/news/protest-grows-against-nepal-s-social-media-ban,2025-09-05 07:00:00,English,Nepal,Protest grows against Nepal social media ban,Protest grows against Nepal social media ban,nepalitimes.com,existing_raw_gdelt,"Nepal ""social media ban""",included,
external_excluded_cccacc055fc2ad79,GDELT,gdelt_doc,gujaratsamachar.com,news_index,https://www.gujaratsamachar.com/news/international/nepal-bans-26-social-media-platforms-including-facebook-instagram-whatsapp,2025-09-04 15:00:00,Gujarati,Nepal,"ભારતના પડોશી દેશમાં ફેસબુક , ઇન્સ્ટાગ્રામ , વોટ્સએપ અને યૂટ્યુબ સહિતના 26 સોશિયલ મીડિયા પર પ્રતિબંધ","ભારતના પડોશી દેશમાં ફેસબુક , ઇન્સ્ટાગ્રામ , વોટ્સએપ અને યૂટ્યુબ સહિતના 26 સોશિયલ મીડિયા પર પ્રતિબંધ",gujaratsamachar.com,existing_raw_gdelt,"Nepal ""social media ban""",excluded,not_relevant_after_nepal_anchor_and_trigger_filter
external_excluded_40d54f8a54c3245b,GDELT,gdelt_doc,reviewnepal.com,news_index,https://reviewnepal.com/global/brazil-judge-puts-ex-president-bolsonaro-under-house-arrest.html,2025-08-05 07:30:00,English,Nepal,Brazil judge puts ex - president Bolsonaro under house arrest - Review Nepal News,Brazil judge puts ex - president Bolsonaro under house arrest - Review Nepal News,reviewnepal.com,existing_raw_gdelt,"Nepal ""social media ban""",excluded,not_relevant_after_nepal_anchor_and_trigger_filter
external_excluded_5aa5a24f0499ed21,GDELT,gdelt_doc,thestar.com.my,news_index,https://www.thestar.com.my/aseanplus/aseanplus-news/2025/07/31/asean-news-headlines-at-10pm-on-wednesday-july-30-2025,2025-07-30 20:30:00,English,Nepal,"Asean News Headlines at 10pm on Wednesday ( July 30 , 2025 )","Asean News Headlines at 10pm on Wednesday ( July 30 , 2025 )",thestar.com.my,existing_raw_gdelt,"Nepal ""social media ban""",excluded,not_relevant_after_nepal_anchor_and_trigger_filter
external_excluded_86551a2000aa696b,GDELT,gdelt_doc,ratopati.com,news_index,https://www.ratopati.com/story/512074/12-oclock-12-news-from-the-prime-ministers-resignation-demand-to-ravis-message-from-prison,2025-09-08 19:00:00,Nepali,Nepal,१२ बजे १२ समाचार : प्रधानमन्त्रीकाे राजीनामा मागदेखि कारागारबाट रविको सन्देशसम्म | Nepal first 24 - hour updated news portal,१२ बजे १२ समाचार : प्रधानमन्त्रीकाे राजीनामा मागदेखि कारागारबाट रविको सन्देशसम्म | Nepal first 24 - hour updated news portal,ratopati.com,existing_raw_gdelt,"(domain:kathmandupost.com OR domain:onlinekhabar.com OR domain:ratopati.com OR domain:ekantipur.com) (GenZ OR ""Gen Z"" OR corruption OR protest OR ""social media"")",excluded,published_at_or_seen_at_is_at_or_after_2025-09-08T00:00:00
external_excluded_993415841e80abc2,GDELT,gdelt_doc,onlinekhabar.com,news_index,https://www.onlinekhabar.com/2025/09/1759908/trauma-center-injured-say-shots-were-shot-at-random,2025-09-08 18:30:00,Nepali,Nepal,ट्रमा सेन्टरका घाइते भन्छन् : ताकी - ताकी गोली हानियो,ट्रमा सेन्टरका घाइते भन्छन् : ताकी - ताकी गोली हानियो,onlinekhabar.com,existing_raw_gdelt,"(domain:kathmandupost.com OR domain:onlinekhabar.com OR domain:ratopati.com OR domain:ekantipur.com) (GenZ OR ""Gen Z"" OR corruption OR protest OR ""social media"")",excluded,published_at_or_seen_at_is_at_or_after_2025-09-08T00:00:00
external_excluded_06c0e85dc7f718fb,GDELT,gdelt_doc,ratopati.com,news_index,https://www.ratopati.com/story/512069/ravis-message-from-nakkhu-prison-the-terrorists-cannot-be-allowed-to-remain-in-power-even-for-a-minute-now,2025-09-08 17:45:00,Nepali,Nepal,नक्खु कारागारबाट रविको सन्देश : अब आततायीहरूलाई एक मिनेट पनि सत्तामा रहन दिन सकिँदैन | Nepal first 24 - hour updated news portal,नक्खु कारागारबाट रविको सन्देश : अब आततायीहरूलाई एक मिनेट पनि सत्तामा रहन दिन सकिँदैन | Nepal first 24 - hour updated news portal,ratopati.com,existing_raw_gdelt,"(domain:kathmandupost.com OR domain:onlinekhabar.com OR domain:ratopati.com OR domain:ekantipur.com) (GenZ OR ""Gen Z"" OR corruption OR protest OR ""social media"")",excluded,published_at_or_seen_at_is_at_or_after_2025-09-08T00:00:00
external_excluded_07befcfaba66078d,GDELT,gdelt_doc,ratopati.com,news_index,https://www.ratopati.com/story/512066/prabhu-sah-demands-prime-minister-olis-resignation,2025-09-08 17:45:00,Nepali,Nepal,प्रभु साहले मागे प्रधानमन्त्री ओलीको राजीनामा | Nepal first 24 - hour updated news portal,प्रभु साहले मागे प्रधानमन्त्री ओलीको राजीनामा | Nepal first 24 - hour updated news portal,ratopati.com,existing_raw_gdelt,"(domain:kathmandupost.com OR domain:onlinekhabar.com OR domain:ratopati.com OR domain:ekantipur.com) (GenZ OR ""Gen Z"" OR corruption OR protest OR ""social media"")",excluded,published_at_or_seen_at_is_at_or_after_2025-09-08T00:00:00
external_excluded_beadd62aadaab219,GDELT,gdelt_doc,ratopati.com,news_index,https://www.ratopati.com/story/512063/the-killing-of-19-genjis-is-a-brutal-massacre-in-history-the-prime-minister-should-resign-maoist-center,2025-09-08 17:45:00,Nepali,Nepal,"१९ जना जेनजीको हत्या इतिहासकै क्रूर नरसंहार , प्रधानमन्त्रीले राजीनामा दिनुपर्छ : माओवादी केन्द्र | Nepal first 24 - hour updated news portal","१९ जना जेनजीको हत्या इतिहासकै क्रूर नरसंहार , प्रधानमन्त्रीले राजीनामा दिनुपर्छ : माओवादी केन्द्र | Nepal first 24 - hour updated news portal",ratopati.com,existing_raw_gdelt,"(domain:kathmandupost.com OR domain:onlinekhabar.com OR domain:ratopati.com OR domain:ekantipur.com) (GenZ OR ""Gen Z"" OR corruption OR protest OR ""social media"")",excluded,published_at_or_seen_at_is_at_or_after_2025-09-08T00:00:00
external_excluded_d4d93d69c961a1b7,GDELT,gdelt_doc,ratopati.com,news_index,https://www.ratopati.com/story/512060/the-current-governments-legitimacy-has-completely-ended-dr-shekhar-koirala,2025-09-08 16:45:00,Nepali,Nepal,वर्तमान सरकारको औचित्य पुरै समाप्त भयो : डा . शेखर कोइराला | Nepal first 24 - hour updated news portal,वर्तमान सरकारको औचित्य पुरै समाप्त भयो : डा . शेखर कोइराला | Nepal first 24 - hour updated news portal,ratopati.com,existing_raw_gdelt,"(domain:kathmandupost.com OR domain:onlinekhabar.com OR domain:ratopati.com OR domain:ekantipur.com) (GenZ OR ""Gen Z"" OR corruption OR protest OR ""social media"")",excluded,published_at_or_seen_at_is_at_or_after_2025-09-08T00:00:00
external_excluded_eb714817905719ce,GDELT,gdelt_doc,ratopati.com,news_index,https://www.ratopati.com/story/512050/the-governments-brutal-repression-of-the-awakened-genji,2025-09-08 16:45:00,Nepali,Nepal,जागेका जेनजीमाथि सरकारको बर्बर दमन | Nepal first 24 - hour updated news portal,जागेका जेनजीमाथि सरकारको बर्बर दमन | Nepal first 24 - hour updated news portal,ratopati.com,existing_raw_gdelt,"(domain:kathmandupost.com OR domain:onlinekhabar.com OR domain:ratopati.com OR domain:ekantipur.com) (GenZ OR ""Gen Z"" OR corruption OR protest OR ""social media"")",excluded,published_at_or_seen_at_is_at_or_after_2025-09-08T00:00:00
external_excluded_462c56f1b6c5a194,GDELT,gdelt_doc,ratopati.com,news_index,https://www.ratopati.com/story/512051/10-oclock-10-news-widespread-repression-in-the-genji-movement-home-minister-resigns,2025-09-08 16:45:00,Nepali,Nepal,"१० बजे १० समाचार : जेनजी आन्दोलनमा व्यापक दमन , गृहमन्त्रीले दिए राजीनामा | Nepal first 24 - hour updated news portal","१० बजे १० समाचार : जेनजी आन्दोलनमा व्यापक दमन , गृहमन्त्रीले दिए राजीनामा | Nepal first 24 - hour updated news portal",ratopati.com,existing_raw_gdelt,"(domain:kathmandupost.com OR domain:onlinekhabar.com OR domain:ratopati.com OR domain:ekantipur.com) (GenZ OR ""Gen Z"" OR corruption OR protest OR ""social media"")",excluded,published_at_or_seen_at_is_at_or_after_2025-09-08T00:00:00
external_excluded_659205821efca600,GDELT,gdelt_doc,kathmandupost.com,news_index,https://kathmandupost.com/national/2025/09/08/home-minister-ramesh-lekhak-resigns,2025-09-08 15:45:00,English,Nepal,Home Minister Ramesh Lekhak resigns,Home Minister Ramesh Lekhak resigns,kathmandupost.com,existing_raw_gdelt,"(domain:kathmandupost.com OR domain:onlinekhabar.com OR domain:ratopati.com OR domain:ekantipur.com) (GenZ OR ""Gen Z"" OR corruption OR protest OR ""social media"")",excluded,published_at_or_seen_at_is_at_or_after_2025-09-08T00:00:00
external_excluded_0eda7231a8cb7021,GDELT,gdelt_doc,kathmandupost.com,news_index,https://kathmandupost.com/national/2025/09/08/demand-for-blood-excessively-rises-in-hospitals-treating-injured-from-monday-s-protest,2025-09-08 15:45:00,English,Nepal,Demand for blood excessively rises in hospitals treating injured from Monday protest,Demand for blood excessively rises in hospitals treating injured from Monday protest,kathmandupost.com,existing_raw_gdelt,"(domain:kathmandupost.com OR domain:onlinekhabar.com OR domain:ratopati.com OR domain:ekantipur.com) (GenZ OR ""Gen Z"" OR corruption OR protest OR ""social media"")",excluded,published_at_or_seen_at_is_at_or_after_2025-09-08T00:00:00
external_excluded_2d23bb18f3d5d79a,GDELT,gdelt_doc,ekantipur.com,news_index,https://ekantipur.com/news/2025/09/08/the-government-should-take-responsibility-for-the-human-losses-caused-by-the-zen-g-movement-digital-rights-activists-42-39.html,2025-09-08 15:30:00,Nepali,Nepal,जेन - जी आन्दोलनमा भएको मानवीय क्षतिको जिम्मेवारी सरकारले लिनुपर्छ : डिजिटल अधिकारकर्मी,जेन - जी आन्दोलनमा भएको मानवीय क्षतिको जिम्मेवारी सरकारले लिनुपर्छ : डिजिटल अधिकारकर्मी,ekantipur.com,existing_raw_gdelt,"(domain:kathmandupost.com OR domain:onlinekhabar.com OR domain:ratopati.com OR domain:ekantipur.com) (GenZ OR ""Gen Z"" OR corruption OR protest OR ""social media"")",excluded,published_at_or_seen_at_is_at_or_after_2025-09-08T00:00:00
external_excluded_97a1b9739e006f76,GDELT,gdelt_doc,ratopati.com,news_index,https://www.ratopati.com/story/512026/genji-movement-how-did-the-crowd-which-was-moving-in-a-restrained-manner-get-separated,2025-09-08 15:15:00,Nepali,Nepal,जेनजी आन्दोलन : संयमित भएर अघि बढेको भिड कसरी बिच्कियो ? | Nepal first 24 - hour updated news portal,जेनजी आन्दोलन : संयमित भएर अघि बढेको भिड कसरी बिच्कियो ? | Nepal first 24 - hour updated news portal,ratopati.com,existing_raw_gdelt,"(domain:kathmandupost.com OR domain:onlinekhabar.com OR domain:ratopati.com OR domain:ekantipur.com) (GenZ OR ""Gen Z"" OR corruption OR protest OR ""social media"")",excluded,published_at_or_seen_at_is_at_or_after_2025-09-08T00:00:00
external_excluded_6829e906bf6b6106,GDELT,gdelt_doc,ratopati.com,news_index,https://www.ratopati.com/story/512024/maoist-koshi-demands-resignation-of-prime-minister-and-home-minister,2025-09-08 15:15:00,Nepali,Nepal,माओवादी कोशीले माग्यो प्रधानमन्त्री र गृहमन्त्रीको राजीनामा | Nepal first 24 - hour updated news portal,माओवादी कोशीले माग्यो प्रधानमन्त्री र गृहमन्त्रीको राजीनामा | Nepal first 24 - hour updated news portal,ratopati.com,existing_raw_gdelt,"(domain:kathmandupost.com OR domain:onlinekhabar.com OR domain:ratopati.com OR domain:ekantipur.com) (GenZ OR ""Gen Z"" OR corruption OR protest OR ""social media"")",excluded,published_at_or_seen_at_is_at_or_after_2025-09-08T00:00:00
external_excluded_d3ca2a4e71c06903,GDELT,gdelt_doc,ratopati.com,news_index,https://www.ratopati.com/story/512020/genji-outrage-no-corruption-no-for-you,2025-09-08 14:00:00,Nepali,Nepal,"जेनजी आक्रोश : नो करप्सन , नो फर यु | Nepal first 24 - hour updated news portal","जेनजी आक्रोश : नो करप्सन , नो फर यु | Nepal first 24 - hour updated news portal",ratopati.com,existing_raw_gdelt,"(domain:kathmandupost.com OR domain:onlinekhabar.com OR domain:ratopati.com OR domain:ekantipur.com) (GenZ OR ""Gen Z"" OR corruption OR protest OR ""social media"")",excluded,published_at_or_seen_at_is_at_or_after_2025-09-08T00:00:00
external_excluded_5bc0140a11f2d15f,GDELT,gdelt_doc,ratopati.com,news_index,https://www.ratopati.com/story/512012/rashtriya-swayamsevak-sangh-rss-demands-mid-term-elections-along-with-the-resignation-of-the-prime-minister,2025-09-08 14:00:00,Nepali,Nepal,रास्वपाले माग्यो प्रधानमन्त्रीकाे राजीनामासँगै अर्ली इलेक्सन | Nepal first 24 - hour updated news portal,रास्वपाले माग्यो प्रधानमन्त्रीकाे राजीनामासँगै अर्ली इलेक्सन | Nepal first 24 - hour updated news portal,ratopati.com,existing_raw_gdelt,"(domain:kathmandupost.com OR domain:onlinekhabar.com OR domain:ratopati.com OR domain:ekantipur.com) (GenZ OR ""Gen Z"" OR corruption OR protest OR ""social media"")",excluded,published_at_or_seen_at_is_at_or_after_2025-09-08T00:00:00
external_excluded_e07035c1f58d079f,GDELT,gdelt_doc,ratopati.com,news_index,https://www.ratopati.com/story/512017/genjis-anger-against-the-government-in-dhangadhi-a-dictatorship-of-loot-was-created-in-the-name-of-democracy,2025-09-08 14:00:00,Nepali,Nepal,धनगढीमा सरकारविरुद्ध जेनजीको आक्रोश : गणतन्त्रका नाममा लुटतन्त्र मच्चाइयो | Nepal first 24 - hour updated news portal,धनगढीमा सरकारविरुद्ध जेनजीको आक्रोश : गणतन्त्रका नाममा लुटतन्त्र मच्चाइयो | Nepal first 24 - hour updated news portal,ratopati.com,existing_raw_gdelt,"(domain:kathmandupost.com OR domain:onlinekhabar.com OR domain:ratopati.com OR domain:ekantipur.com) (GenZ OR ""Gen Z"" OR corruption OR protest OR ""social media"")",excluded,published_at_or_seen_at_is_at_or_after_2025-09-08T00:00:00
external_excluded_103f0fc4f41276f8,GDELT,gdelt_doc,ratopati.com,news_index,https://www.ratopati.com/story/512015/this-is-what-the-new-baneshwor-area-looked-like-in-the-evening-after-a-day-of-tension-photos,2025-09-08 14:00:00,Nepali,Nepal,"दिनभर तनावपछि साँझ यस्तो देखियो नयाँ बानेश्वर क्षेत्र , तस्बिरहरू | Nepal first 24 - hour updated news portal","दिनभर तनावपछि साँझ यस्तो देखियो नयाँ बानेश्वर क्षेत्र , तस्बिरहरू | Nepal first 24 - hour updated news portal",ratopati.com,existing_raw_gdelt,"(domain:kathmandupost.com OR domain:onlinekhabar.com OR domain:ratopati.com OR domain:ekantipur.com) (GenZ OR ""Gen Z"" OR corruption OR protest OR ""social media"")",excluded,published_at_or_seen_at_is_at_or_after_2025-09-08T00:00:00
external_excluded_942badd11c31fec2,GDELT,gdelt_doc,ratopati.com,news_index,https://www.ratopati.com/story/512008/54-people-arrested-for-participating-in-genjis-protest,2025-09-08 14:00:00,Nepali,Nepal,जेनजीको प्रदर्शनमा सहभागी ५४ जना पक्राउ | Nepal first 24 - hour updated news portal,जेनजीको प्रदर्शनमा सहभागी ५४ जना पक्राउ | Nepal first 24 - hour updated news portal,ratopati.com,existing_raw_gdelt,"(domain:kathmandupost.com OR domain:onlinekhabar.com OR domain:ratopati.com OR domain:ekantipur.com) (GenZ OR ""Gen Z"" OR corruption OR protest OR ""social media"")",excluded,published_at_or_seen_at_is_at_or_after_2025-09-08T00:00:00
external_excluded_2eb369b39ee42eaf,GDELT,gdelt_doc,onlinekhabar.com,news_index,https://www.onlinekhabar.com/2025/09/1759730/rsp-demands-early-elections,2025-09-08 13:30:00,Nepali,Nepal,रास्वपाले गर्‍यो अर्ली चुनावको माग,रास्वपाले गर्‍यो अर्ली चुनावको माग,onlinekhabar.com,existing_raw_gdelt,"(domain:kathmandupost.com OR domain:onlinekhabar.com OR domain:ratopati.com OR domain:ekantipur.com) (GenZ OR ""Gen Z"" OR corruption OR protest OR ""social media"")",excluded,published_at_or_seen_at_is_at_or_after_2025-09-08T00:00:00
external_excluded_06cce1904e49836d,GDELT,gdelt_doc,ekantipur.com,news_index,https://ekantipur.com/news/2025/09/08/human-rights-organizations-said-home-and-communications-minister-should-resign-38-28.html,2025-09-08 13:15:00,Nepali,Nepal,मानवअधिकारवादी संस्थाहरूले भने - गृह र सञ्चारमन्त्रीले राजीनामा दिनुपर्छ,मानवअधिकारवादी संस्थाहरूले भने - गृह र सञ्चारमन्त्रीले राजीनामा दिनुपर्छ,ekantipur.com,existing_raw_gdelt,"(domain:kathmandupost.com OR domain:onlinekhabar.com OR domain:ratopati.com OR domain:ekantipur.com) (GenZ OR ""Gen Z"" OR corruption OR protest OR ""social media"")",excluded,published_at_or_seen_at_is_at_or_after_2025-09-08T00:00:00
external_excluded_4da82add0dfaeb92,GDELT,gdelt_doc,kathmandupost.com,news_index,https://kathmandupost.com/national/2025/09/08/19-dead-in-gen-z-protests-across-nepal,2025-09-08 13:15:00,English,Nepal,19 dead in Gen Z protests across Nepal,19 dead in Gen Z protests across Nepal,kathmandupost.com,existing_raw_gdelt,"(domain:kathmandupost.com OR domain:onlinekhabar.com OR domain:ratopati.com OR domain:ekantipur.com) (GenZ OR ""Gen Z"" OR corruption OR protest OR ""social media"")",excluded,published_at_or_seen_at_is_at_or_after_2025-09-08T00:00:00
external_excluded_fb437d6667d845da,GDELT,gdelt_doc,kathmandupost.com,news_index,https://kathmandupost.com/province-no-1/2025/09/08/two-dead-in-itahari-protests,2025-09-08 13:15:00,English,Nepal,Two dead in Itahari protests,Two dead in Itahari protests,kathmandupost.com,existing_raw_gdelt,"(domain:kathmandupost.com OR domain:onlinekhabar.com OR domain:ratopati.com OR domain:ekantipur.com) (GenZ OR ""Gen Z"" OR corruption OR protest OR ""social media"")",excluded,published_at_or_seen_at_is_at_or_after_2025-09-08T00:00:00
external_excluded_5633e35f7e5c7a27,GDELT,gdelt_doc,ekantipur.com,news_index,https://ekantipur.com/news/2025/09/08/the-human-rights-commission-calls-for-an-end-to-the-use-of-force-and-to-be-serious-about-the-voices-of-the-next-generation-47-42.html,2025-09-08 13:15:00,Nepali,Nepal,बल प्रयोग बन्द गर्न र पछिल्लो पुस्ताको आवाजप्रति गम्भीर बन्न मानवअधिकार आयोगको आग्रह,बल प्रयोग बन्द गर्न र पछिल्लो पुस्ताको आवाजप्रति गम्भीर बन्न मानवअधिकार आयोगको आग्रह,ekantipur.com,existing_raw_gdelt,"(domain:kathmandupost.com OR domain:onlinekhabar.com OR domain:ratopati.com OR domain:ekantipur.com) (GenZ OR ""Gen Z"" OR corruption OR protest OR ""social media"")",excluded,published_at_or_seen_at_is_at_or_after_2025-09-08T00:00:00
external_excluded_1ba8eaff4b5a97e5,GDELT,gdelt_doc,ratopati.com,news_index,https://www.ratopati.com/story/511998/government-repression-of-genji-protests-what-happened,2025-09-08 13:00:00,Nepali,Nepal,"जेनजी प्रदर्शनमा सरकारको दमन , कहाँ के भयो ? | Nepal first 24 - hour updated news portal","जेनजी प्रदर्शनमा सरकारको दमन , कहाँ के भयो ? | Nepal first 24 - hour updated news portal",ratopati.com,existing_raw_gdelt,"(domain:kathmandupost.com OR domain:onlinekhabar.com OR domain:ratopati.com OR domain:ekantipur.com) (GenZ OR ""Gen Z"" OR corruption OR protest OR ""social media"")",excluded,published_at_or_seen_at_is_at_or_after_2025-09-08T00:00:00
external_excluded_5ef57e1ff3716cd8,GDELT,gdelt_doc,ratopati.com,news_index,https://www.ratopati.com/story/512005/peaceful-movement-of-the-genji-generation-in-surkhet-photos,2025-09-08 13:00:00,Nepali,Nepal,सुर्खेतमा जेनजी पुस्ताको शान्तिपूर्ण आन्दोलन ( तस्बिरहरू ) | Nepal first 24 - hour updated news portal,सुर्खेतमा जेनजी पुस्ताको शान्तिपूर्ण आन्दोलन ( तस्बिरहरू ) | Nepal first 24 - hour updated news portal,ratopati.com,existing_raw_gdelt,"(domain:kathmandupost.com OR domain:onlinekhabar.com OR domain:ratopati.com OR domain:ekantipur.com) (GenZ OR ""Gen Z"" OR corruption OR protest OR ""social media"")",excluded,published_at_or_seen_at_is_at_or_after_2025-09-08T00:00:00
external_excluded_6e299791a6dc5904,GDELT,gdelt_doc,ratopati.com,news_index,https://www.ratopati.com/story/511978/genji-demonstration-death-toll-reaches-15,2025-09-08 11:45:00,Nepali,Nepal,जेनजीको प्रदर्शन : मृतकको सङ्ख्या १५ पुग्यो | Nepal first 24 - hour updated news portal,जेनजीको प्रदर्शन : मृतकको सङ्ख्या १५ पुग्यो | Nepal first 24 - hour updated news portal,ratopati.com,existing_raw_gdelt,"(domain:kathmandupost.com OR domain:onlinekhabar.com OR domain:ratopati.com OR domain:ekantipur.com) (GenZ OR ""Gen Z"" OR corruption OR protest OR ""social media"")",excluded,published_at_or_seen_at_is_at_or_after_2025-09-08T00:00:00
external_excluded_f83307f41d6616aa,GDELT,gdelt_doc,ratopati.com,news_index,https://www.ratopati.com/story/511976/madhav-nepals-suggestion-to-fulfill-genjis-legitimate-demands,2025-09-08 11:45:00,Nepali,Nepal,जेनजीका जायज माग पूरा गर्न माधव नेपालको सुझाव | Nepal first 24 - hour updated news portal,जेनजीका जायज माग पूरा गर्न माधव नेपालको सुझाव | Nepal first 24 - hour updated news portal,ratopati.com,existing_raw_gdelt,"(domain:kathmandupost.com OR domain:onlinekhabar.com OR domain:ratopati.com OR domain:ekantipur.com) (GenZ OR ""Gen Z"" OR corruption OR protest OR ""social media"")",excluded,published_at_or_seen_at_is_at_or_after_2025-09-08T00:00:00
external_excluded_5c9e1d0ed9a7e549,GDELT,gdelt_doc,ratopati.com,news_index,https://www.ratopati.com/story/511943/what-did-the-international-media-write-about-nepals-genji-movement,2025-09-08 10:45:00,Nepali,Nepal,नेपालको जेनजी आन्दोलनबारे अन्तर्राष्ट्रिय मिडियाले के लेखे ? | Nepal first 24 - hour updated news portal,नेपालको जेनजी आन्दोलनबारे अन्तर्राष्ट्रिय मिडियाले के लेखे ? | Nepal first 24 - hour updated news portal,ratopati.com,existing_raw_gdelt,"(domain:kathmandupost.com OR domain:onlinekhabar.com OR domain:ratopati.com OR domain:ekantipur.com) (GenZ OR ""Gen Z"" OR corruption OR protest OR ""social media"")",excluded,published_at_or_seen_at_is_at_or_after_2025-09-08T00:00:00
external_excluded_dc6e61b244fbdd8f,GDELT,gdelt_doc,ekantipur.com,news_index,https://ekantipur.com/entertainment/2025/09/08/an-artists-urge-to-address-zen-jis-movement-47-11.html,2025-09-08 10:30:00,Nepali,Nepal,जेन - जीको आन्दोलनलाई सम्बोधन गर्न कलाकारहरुको आग्रह,जेन - जीको आन्दोलनलाई सम्बोधन गर्न कलाकारहरुको आग्रह,ekantipur.com,existing_raw_gdelt,"(domain:kathmandupost.com OR domain:onlinekhabar.com OR domain:ratopati.com OR domain:ekantipur.com) (GenZ OR ""Gen Z"" OR corruption OR protest OR ""social media"")",excluded,published_at_or_seen_at_is_at_or_after_2025-09-08T00:00:00
external_excluded_2c1f5a376310faa9,GDELT,gdelt_doc,ekantipur.com,news_index,https://ekantipur.com/bagmati-pradesh/2025/09/08/one-hour-performance-in-bharatpur-39-53.html,2025-09-08 10:30:00,Nepali,Nepal,भरतपुरमा एक घण्टा प्रदर्शन,भरतपुरमा एक घण्टा प्रदर्शन,ekantipur.com,existing_raw_gdelt,"(domain:kathmandupost.com OR domain:onlinekhabar.com OR domain:ratopati.com OR domain:ekantipur.com) (GenZ OR ""Gen Z"" OR corruption OR protest OR ""social media"")",excluded,published_at_or_seen_at_is_at_or_after_2025-09-08T00:00:00
external_excluded_650c809bf83ffa2a,GDELT,gdelt_doc,ekantipur.com,news_index,https://ekantipur.com/lumbini-pradesh/2025/09/08/zen-g-also-performed-in-butwal-34-55.html,2025-09-08 10:30:00,Nepali,Nepal,बुटवलमा पनि प्रदर्शनमा उत्रिए जेन - जी,बुटवलमा पनि प्रदर्शनमा उत्रिए जेन - जी,ekantipur.com,existing_raw_gdelt,"(domain:kathmandupost.com OR domain:onlinekhabar.com OR domain:ratopati.com OR domain:ekantipur.com) (GenZ OR ""Gen Z"" OR corruption OR protest OR ""social media"")",excluded,published_at_or_seen_at_is_at_or_after_2025-09-08T00:00:00
external_excluded_9adf3b188de519d1,GDELT,gdelt_doc,ekantipur.com,news_index,https://ekantipur.com/news/2025/09/08/movement-infiltrated-peaceful-struggle-continues-the-zen-zi-movement-15-15.html,2025-09-08 10:30:00,Nepali,Nepal,"आन्दोलनमा घुसपैठ भयो , शान्तिपूर्ण संघर्ष जारी रहन्छ : जेन - जी आन्दोलन","आन्दोलनमा घुसपैठ भयो , शान्तिपूर्ण संघर्ष जारी रहन्छ : जेन - जी आन्दोलन",ekantipur.com,existing_raw_gdelt,"(domain:kathmandupost.com OR domain:onlinekhabar.com OR domain:ratopati.com OR domain:ekantipur.com) (GenZ OR ""Gen Z"" OR corruption OR protest OR ""social media"")",excluded,published_at_or_seen_at_is_at_or_after_2025-09-08T00:00:00
external_excluded_e03f264eefaa3b58,GDELT,gdelt_doc,ekantipur.com,news_index,https://ekantipur.com/entertainment/2025/09/08/along-with-artists-in-the-zenji-generation-movement-01-33.html,2025-09-08 10:30:00,Nepali,Nepal,जेन - जी पुस्ताको आन्दोलनमा कलाकारहरूको साथ,जेन - जी पुस्ताको आन्दोलनमा कलाकारहरूको साथ,ekantipur.com,existing_raw_gdelt,"(domain:kathmandupost.com OR domain:onlinekhabar.com OR domain:ratopati.com OR domain:ekantipur.com) (GenZ OR ""Gen Z"" OR corruption OR protest OR ""social media"")",excluded,published_at_or_seen_at_is_at_or_after_2025-09-08T00:00:00
external_excluded_96765df5b4874379,GDELT,gdelt_doc,ekantipur.com,news_index,https://ekantipur.com/gandaki-pradesh/2025/09/08/performance-of-zen-g-also-on-kawasaki-23-13.html,2025-09-08 10:30:00,Nepali,Nepal,कावासोतीमा पनि जेन - जीको प्रदर्शन,कावासोतीमा पनि जेन - जीको प्रदर्शन,ekantipur.com,existing_raw_gdelt,"(domain:kathmandupost.com OR domain:onlinekhabar.com OR domain:ratopati.com OR domain:ekantipur.com) (GenZ OR ""Gen Z"" OR corruption OR protest OR ""social media"")",excluded,published_at_or_seen_at_is_at_or_after_2025-09-08T00:00:00
external_excluded_8886de168c1d9b25,GDELT,gdelt_doc,ekantipur.com,news_index,https://ekantipur.com/news/2025/09/08/live-jen-g-demonstration-what-should-the-government-do-now-21-48.html,2025-09-08 10:30:00,Nepali,Nepal,[ LIVE ] जेन - जी प्रदर्शन : अब सरकारले के गर्नुपर्छ ?,[ LIVE ] जेन - जी प्रदर्शन : अब सरकारले के गर्नुपर्छ ?,ekantipur.com,existing_raw_gdelt,"(domain:kathmandupost.com OR domain:onlinekhabar.com OR domain:ratopati.com OR domain:ekantipur.com) (GenZ OR ""Gen Z"" OR corruption OR protest OR ""social media"")",excluded,published_at_or_seen_at_is_at_or_after_2025-09-08T00:00:00
external_excluded_bb35d215765038ee,GDELT,gdelt_doc,ekantipur.com,news_index,https://ekantipur.com/pradesh-3/2025/09/08/dhungamudha-at-bharatpur-metropolitan-office-police-fired-tear-gas-03-00.html,2025-09-08 10:30:00,Nepali,Nepal,"भरतपुर महानगर कार्यालयमा ढुंगामुढा , प्रहरीद्वारा अश्रुग्यास प्रहार","भरतपुर महानगर कार्यालयमा ढुंगामुढा , प्रहरीद्वारा अश्रुग्यास प्रहार",ekantipur.com,existing_raw_gdelt,"(domain:kathmandupost.com OR domain:onlinekhabar.com OR domain:ratopati.com OR domain:ekantipur.com) (GenZ OR ""Gen Z"" OR corruption OR protest OR ""social media"")",excluded,published_at_or_seen_at_is_at_or_after_2025-09-08T00:00:00
external_excluded_db22b8a166a21c88,GDELT,gdelt_doc,ekantipur.com,news_index,https://ekantipur.com/news/2025/09/08/4-died-in-the-trauma-center-alone-taking-the-death-toll-to-6-13-42.html,2025-09-08 10:30:00,Nepali,Nepal,"ट्रमा सेन्टरमा मात्रै ४ को मृत्यु , मृतकको संख्या ६ पुग्यो","ट्रमा सेन्टरमा मात्रै ४ को मृत्यु , मृतकको संख्या ६ पुग्यो",ekantipur.com,existing_raw_gdelt,"(domain:kathmandupost.com OR domain:onlinekhabar.com OR domain:ratopati.com OR domain:ekantipur.com) (GenZ OR ""Gen Z"" OR corruption OR protest OR ""social media"")",excluded,published_at_or_seen_at_is_at_or_after_2025-09-08T00:00:00
external_excluded_0a86de6334a66644,GDELT,gdelt_doc,kathmandupost.com,news_index,https://kathmandupost.com/national/2025/09/08/curfew-imposed-in-new-baneshwar-area-after-gen-z-protesters-break-into-restricted-area,2025-09-08 10:00:00,English,Nepal,Curfew imposed in New Baneshwar area after Gen Z protesters break into restricted area,Curfew imposed in New Baneshwar area after Gen Z protesters break into restricted area,kathmandupost.com,existing_raw_gdelt,"(domain:kathmandupost.com OR domain:onlinekhabar.com OR domain:ratopati.com OR domain:ekantipur.com) (GenZ OR ""Gen Z"" OR corruption OR protest OR ""social media"")",excluded,published_at_or_seen_at_is_at_or_after_2025-09-08T00:00:00
external_excluded_99ea66cd38808359,GDELT,gdelt_doc,kathmandupost.com,news_index,https://kathmandupost.com/province-no-1/2025/09/08/police-open-fire-in-damak-as-gen-z-protest-intensifies,2025-09-08 10:00:00,English,Nepal,Police open fire in Damak as Gen Z protest intensifies,Police open fire in Damak as Gen Z protest intensifies,kathmandupost.com,existing_raw_gdelt,"(domain:kathmandupost.com OR domain:onlinekhabar.com OR domain:ratopati.com OR domain:ekantipur.com) (GenZ OR ""Gen Z"" OR corruption OR protest OR ""social media"")",excluded,published_at_or_seen_at_is_at_or_after_2025-09-08T00:00:00
external_excluded_da7903d22209058f,GDELT,gdelt_doc,kathmandupost.com,news_index,https://kathmandupost.com/national/2025/09/08/death-toll-from-new-baneshwar-clash-reaches-six,2025-09-08 10:00:00,English,Nepal,Death toll from New Baneshwar clash reaches six,Death toll from New Baneshwar clash reaches six,kathmandupost.com,existing_raw_gdelt,"(domain:kathmandupost.com OR domain:onlinekhabar.com OR domain:ratopati.com OR domain:ekantipur.com) (GenZ OR ""Gen Z"" OR corruption OR protest OR ""social media"")",excluded,published_at_or_seen_at_is_at_or_after_2025-09-08T00:00:00
external_excluded_a25fe10ebcf80dee,GDELT,gdelt_doc,kathmandupost.com,news_index,https://kathmandupost.com/national/2025/09/08/kantipur-tv-journo-shot-during-new-baneshwar-protest,2025-09-08 10:00:00,English,Nepal,Kantipur TV journo shot during New Baneshwar protest,Kantipur TV journo shot during New Baneshwar protest,kathmandupost.com,existing_raw_gdelt,"(domain:kathmandupost.com OR domain:onlinekhabar.com OR domain:ratopati.com OR domain:ekantipur.com) (GenZ OR ""Gen Z"" OR corruption OR protest OR ""social media"")",excluded,published_at_or_seen_at_is_at_or_after_2025-09-08T00:00:00
external_excluded_edbc89c9c7873f65,GDELT,gdelt_doc,kathmandupost.com,news_index,https://kathmandupost.com/national/2025/09/08/curfew-extended-to-other-areas-in-kathmandu,2025-09-08 10:00:00,English,Nepal,Curfew extended to other areas in Kathmandu,Curfew extended to other areas in Kathmandu,kathmandupost.com,existing_raw_gdelt,"(domain:kathmandupost.com OR domain:onlinekhabar.com OR domain:ratopati.com OR domain:ekantipur.com) (GenZ OR ""Gen Z"" OR corruption OR protest OR ""social media"")",excluded,published_at_or_seen_at_is_at_or_after_2025-09-08T00:00:00
external_excluded_b6d587fbbd9dfd58,GDELT,gdelt_doc,ratopati.com,news_index,https://www.ratopati.com/story/511931/parliament-building-becomes-center-of-anger-photos,2025-09-08 09:15:00,Nepali,Nepal,"आक्रोशको केन्द्र बनेको संसद् भवन , तस्बिरहरू | Nepal first 24 - hour updated news portal","आक्रोशको केन्द्र बनेको संसद् भवन , तस्बिरहरू | Nepal first 24 - hour updated news portal",ratopati.com,existing_raw_gdelt,"(domain:kathmandupost.com OR domain:onlinekhabar.com OR domain:ratopati.com OR domain:ekantipur.com) (GenZ OR ""Gen Z"" OR corruption OR protest OR ""social media"")",excluded,published_at_or_seen_at_is_at_or_after_2025-09-08T00:00:00
external_excluded_d640b30ddfe7629c,GDELT,gdelt_doc,ratopati.com,news_index,https://www.ratopati.com/story/511935/government-spokesperson-says-no-reaction-to-genji-movement,2025-09-08 09:15:00,Nepali,Nepal,जेनजी आन्दोलनबारे सरकारका प्रवक्ता भन्छन् – कुनै प्रतिक्रिया छैन | Nepal first 24 - hour updated news portal,जेनजी आन्दोलनबारे सरकारका प्रवक्ता भन्छन् – कुनै प्रतिक्रिया छैन | Nepal first 24 - hour updated news portal,ratopati.com,existing_raw_gdelt,"(domain:kathmandupost.com OR domain:onlinekhabar.com OR domain:ratopati.com OR domain:ekantipur.com) (GenZ OR ""Gen Z"" OR corruption OR protest OR ""social media"")",excluded,published_at_or_seen_at_is_at_or_after_2025-09-08T00:00:00
external_excluded_86e370885b4331fc,GDELT,gdelt_doc,ratopati.com,news_index,https://www.ratopati.com/story/511903/protesters-throw-stones-at-parliament-building-police-try-to-disperse-them,2025-09-08 09:15:00,Nepali,Nepal,"संसद् भवनमा प्रदर्शनकारीको ढुंगामुढा , तितिरबितर पार्ने प्रहरीको प्रयास | Nepal first 24 - hour updated news portal","संसद् भवनमा प्रदर्शनकारीको ढुंगामुढा , तितिरबितर पार्ने प्रहरीको प्रयास | Nepal first 24 - hour updated news portal",ratopati.com,existing_raw_gdelt,"(domain:kathmandupost.com OR domain:onlinekhabar.com OR domain:ratopati.com OR domain:ekantipur.com) (GenZ OR ""Gen Z"" OR corruption OR protest OR ""social media"")",excluded,published_at_or_seen_at_is_at_or_after_2025-09-08T00:00:00
external_excluded_5f9b69039fc607f2,GDELT,gdelt_doc,ratopati.com,news_index,https://www.ratopati.com/story/511907/genji-performance-in-pokhara-students-participated-in-school-uniform,2025-09-08 09:15:00,Nepali,Nepal,पोखरामा जेनजीको प्रदर्शन : विद्यालय पोसाकमै सहभागी भए विद्यार्थीहरू | Nepal first 24 - hour updated news portal,पोखरामा जेनजीको प्रदर्शन : विद्यालय पोसाकमै सहभागी भए विद्यार्थीहरू | Nepal first 24 - hour updated news portal,ratopati.com,existing_raw_gdelt,"(domain:kathmandupost.com OR domain:onlinekhabar.com OR domain:ratopati.com OR domain:ekantipur.com) (GenZ OR ""Gen Z"" OR corruption OR protest OR ""social media"")",excluded,published_at_or_seen_at_is_at_or_after_2025-09-08T00:00:00
external_excluded_36c3c39b2a25dab4,GDELT,gdelt_doc,kathmandupost.com,news_index,https://kathmandupost.com/national/2025/09/08/gen-z-protesters-break-restricted-area-in-new-baneshwar-police-use-teargas-water-cannons,2025-09-08 08:45:00,English,Nepal,"Gen Z protesters break restricted area in New Baneshwar , police use teargas , water cannons","Gen Z protesters break restricted area in New Baneshwar , police use teargas , water cannons",kathmandupost.com,existing_raw_gdelt,"(domain:kathmandupost.com OR domain:onlinekhabar.com OR domain:ratopati.com OR domain:ekantipur.com) (GenZ OR ""Gen Z"" OR corruption OR protest OR ""social media"")",excluded,published_at_or_seen_at_is_at_or_after_2025-09-08T00:00:00
external_excluded_45d013b1a899726e,GDELT,gdelt_doc,ratopati.com,news_index,https://www.ratopati.com/story/511880/genjis-performance-broke-through-the-restricted-area-and-moved-forward,2025-09-08 07:15:00,Nepali,Nepal,"निषेधित क्षेत्र तोड्दा जेनजी र प्रहरीबिच घम्साघम्सी , तस्बिरहरु | Nepal first 24 - hour updated news portal","निषेधित क्षेत्र तोड्दा जेनजी र प्रहरीबिच घम्साघम्सी , तस्बिरहरु | Nepal first 24 - hour updated news portal",ratopati.com,existing_raw_gdelt,"(domain:kathmandupost.com OR domain:onlinekhabar.com OR domain:ratopati.com OR domain:ekantipur.com) (GenZ OR ""Gen Z"" OR corruption OR protest OR ""social media"")",excluded,published_at_or_seen_at_is_at_or_after_2025-09-08T00:00:00
external_excluded_775a2fe7839a4689,GDELT,gdelt_doc,ratopati.com,news_index,https://www.ratopati.com/story/511893/police-lathicharge-tear-gass-protesters-after-they-reach-parliament-building,2025-09-08 07:15:00,Nepali,Nepal,"संसद् भवन अगाडि पुगेपछि प्रदर्शनकारीमाथि प्रहरीद्वारा लाठीचार्ज , अश्रुग्याँस प्रहार | Nepal first 24 - hour updated news portal","संसद् भवन अगाडि पुगेपछि प्रदर्शनकारीमाथि प्रहरीद्वारा लाठीचार्ज , अश्रुग्याँस प्रहार | Nepal first 24 - hour updated news portal",ratopati.com,existing_raw_gdelt,"(domain:kathmandupost.com OR domain:onlinekhabar.com OR domain:ratopati.com OR domain:ekantipur.com) (GenZ OR ""Gen Z"" OR corruption OR protest OR ""social media"")",excluded,published_at_or_seen_at_is_at_or_after_2025-09-08T00:00:00
external_excluded_86bf905ffba8b6ce,GDELT,gdelt_doc,ratopati.com,news_index,https://www.ratopati.com/story/511894/live-updates-genji-protests-against-the-government-parliament-building-surrounded,2025-09-08 07:15:00,Nepali,Nepal,LIVE UPDATES : सरकारविरुद्ध जेनजीको प्रदर्शन | Nepal first 24 - hour updated news portal,LIVE UPDATES : सरकारविरुद्ध जेनजीको प्रदर्शन | Nepal first 24 - hour updated news portal,ratopati.com,existing_raw_gdelt,"(domain:kathmandupost.com OR domain:onlinekhabar.com OR domain:ratopati.com OR domain:ekantipur.com) (GenZ OR ""Gen Z"" OR corruption OR protest OR ""social media"")",excluded,published_at_or_seen_at_is_at_or_after_2025-09-08T00:00:00
web_32ea3482e5f4f803,Web,ap_social_media_ban_20250904,Associated Press,news_article,https://apnews.com/article/3b42bbbd07bc9b97acb4df09d42029d5,2025-09-04 11:18:18,English,Nepal,"Nepal blocks Facebook, X, YouTube and others for failing to register with the government","Nepal blocks Facebook, X, YouTube and others for failing to register with the government",apnews.com,direct_web_targets,,included,
external_excluded_reference_77d4cc32299c81aa,Reference,post_event_reference,www.hrw.org,post_event_reference,https://www.hrw.org/news/2025/09/09/nepal-police-fire-on-gen-z-protest,,,Nepal,,,www.hrw.org,manual_reference_list,,excluded,published after input cutoff; useful only for post-event verification
external_excluded_reference_8270ace710b286c5,Reference,post_event_reference,www.hrw.org,post_event_reference,https://www.hrw.org/news/2025/11/19/nepal-unlawful-use-of-force-during-gen-z-protest,,,Nepal,,,www.hrw.org,manual_reference_list,,excluded,published after input cutoff; useful only for post-event verification
external_excluded_reference_7319ee2af4547605,Reference,post_event_reference,www.amnesty.org,post_event_reference,https://www.amnesty.org/en/documents/asa31/0529/2025/en/,,,Nepal,,,www.amnesty.org,manual_reference_list,,excluded,published after input cutoff; useful only for post-event verification
external_excluded_reference_9a8ac98731902c3a,Reference,post_event_reference,bodyanddata.org,post_event_reference,https://bodyanddata.org/wp-content/uploads/2025/10/Media-Monitoring-of-the-GenZ-Protest-in-Nepal.pdf,,,Nepal,,,bodyanddata.org,manual_reference_list,,excluded,"published after input cutoff; retrospective report, not forecast input"
external_excluded_reference_dec37a3f9575a3f8,Reference,post_event_reference,www.cambridge.org,post_event_reference,https://www.cambridge.org/engage/api-gateway/coe/assets/orp/resource/item/68c2282f23be8e43d63a1ba4/original/gen-z-protests-and-role-of-social-media-in-nepal-september-8-10-2025.pdf,,,Nepal,,,www.cambridge.org,manual_reference_list,,excluded,"published after input cutoff; retrospective report, not forecast input"
external_excluded_reference_8b23dcbf10125fe4,Reference,post_event_reference,nrcs.org,post_event_reference,https://nrcs.org/wp-content/uploads/2025/09/NRCS-Consolidated-Situation-Update-1-Gen-Z-Protest.pdf,,,Nepal,,,nrcs.org,manual_reference_list,,excluded,"published after input cutoff; response report, not forecast input"
